ticker,type,issue_date,payment_date,capital,interest_rate,interest_amount,residual_value,cash_flow
AE38,HARD_DOLLAR,2020-09-04,2021-12-07,0.0000,0.0013,0.11,100.0,0.11
AE38,HARD_DOLLAR,2020-09-04,2022-01-10,0.0000,0.02,1.0,100.0,1.0
AE38,HARD_DOLLAR,2020-09-04,2022-07-11,0.0000,0.02,1.0,100.0,1.0
AE38,HARD_DOLLAR,2020-09-04,2023-01-09,0.0000,0.0388,1.94,100.0,1.94
AE38,HARD_DOLLAR,2020-09-04,2023-07-10,0.0000,0.0388,1.94,100.0,1.94
AE38,HARD_DOLLAR,2020-09-04,2024-01-09,0.0000,0.0425,2.13,100.0,2.13
AE38,HARD_DOLLAR,2020-09-04,2024-07-10,0.0000,0.0425,2.13,100.0,2.13
AE38,HARD_DOLLAR,2020-09-04,2025-01-09,0.0000,0.05,2.5,100.0,2.5
AE38,HARD_DOLLAR,2020-09-04,2025-07-10,0.0000,0.05,2.5,100.0,2.5
AE38,HARD_DOLLAR,2020-09-04,2026-01-09,0.0000,0.05,2.5,100.0,2.5
AE38,HARD_DOLLAR,2020-09-04,2026-07-10,0.0000,0.05,2.5,100.0,2.5
AE38,HARD_DOLLAR,2020-09-04,2027-01-11,0.0000,0.05,2.5,100.0,2.5
AE38,HARD_DOLLAR,2020-09-04,2027-07-12,4.5455,0.05,2.5,95.45,7.0455
AE38,HARD_DOLLAR,2020-09-04,2028-01-10,4.5455,0.05,2.39,90.91,6.9355
AE38,HARD_DOLLAR,2020-09-04,2028-07-10,4.5455,0.05,2.27,86.36,6.8155
AE38,HARD_DOLLAR,2020-09-04,2029-01-09,4.5455,0.05,2.16,81.82,6.7055
AE38,HARD_DOLLAR,2020-09-04,2029-07-10,4.5455,0.05,2.05,77.27,6.5955
AE38,HARD_DOLLAR,2020-09-04,2030-01-09,4.5455,0.05,1.93,72.73,6.4755
AE38,HARD_DOLLAR,2020-09-04,2030-07-10,4.5455,0.05,1.82,68.18,6.3655
AE38,HARD_DOLLAR,2020-09-04,2031-01-09,4.5455,0.05,1.7,63.64,6.2455
AE38,HARD_DOLLAR,2020-09-04,2031-07-09,4.5455,0.05,1.59,59.09,6.1355
AE38,HARD_DOLLAR,2020-09-04,2032-01-09,4.5455,0.05,1.48,54.55,6.0255
AE38,HARD_DOLLAR,2020-09-04,2032-07-09,4.5455,0.05,1.36,50.0,5.9055
AE38,HARD_DOLLAR,2020-09-04,2033-01-10,4.5455,0.05,1.25,45.45,5.7955
AE38,HARD_DOLLAR,2020-09-04,2033-07-11,4.5455,0.05,1.14,40.91,5.6855
AE38,HARD_DOLLAR,2020-09-04,2034-01-09,4.5455,0.05,1.02,36.36,5.5655
AE38,HARD_DOLLAR,2020-09-04,2034-07-10,4.5455,0.05,0.91,31.82,5.4555
AE38,HARD_DOLLAR,2020-09-04,2035-01-09,4.5455,0.05,0.8,27.27,5.3455
AE38,HARD_DOLLAR,2020-09-04,2035-07-09,4.5455,0.05,0.68,22.73,5.2255
AE38,HARD_DOLLAR,2020-09-04,2036-01-09,4.5455,0.05,0.57,18.18,5.1155
AE38,HARD_DOLLAR,2020-09-04,2036-07-09,4.5455,0.05,0.45,13.64,4.9955
AE38,HARD_DOLLAR,2020-09-04,2037-01-09,4.5455,0.05,0.34,9.09,4.8855
AE38,HARD_DOLLAR,2020-09-04,2037-07-09,4.5455,0.05,0.23,4.55,4.7755
AE38,HARD_DOLLAR,2020-09-04,2038-01-11,4.5455,0.05,0.11,0.0,4.6555
AEC1O,ON,2023-07-14,2024-01-15,0.0000,0.08,4.0329,100.0,4.0329
AEC1O,ON,2023-07-14,2024-07-15,0.0000,0.08,3.989,100.0,3.989
AEC1O,ON,2023-07-14,2025-01-14,0.0000,0.08,4.0329,100.0,4.0329
AEC1O,ON,2023-07-14,2025-07-14,100.0000,0.08,3.9671,0.0,103.9671
AEC2O,ON,2023-08-30,2024-02-28,0,0.095,4.75,100.0,4.75
AEC2O,ON,2023-08-30,2024-08-30,0,0.095,4.75,100.0,4.75
AEC2O,ON,2023-08-30,2025-02-28,0,0.095,4.75,100.0,4.75
AEC2O,ON,2023-08-30,2025-09-01,0,0.095,4.75,100.0,4.75
AEC2O,ON,2023-08-30,2026-03-02,25,0.095,4.75,100.0,29.75
AEC2O,ON,2023-08-30,2026-08-31,25,0.095,3.5625,100.0,28.5625
AEC2O,ON,2023-08-30,2027-03-01,25,0.095,2.375,100.0,27.375
AEC2O,ON,2023-08-30,2027-08-30,25,0.095,1.1875,0.0,26.1875
AER9O,ON_DOLLAR_LINKED,2022-08-19,2026-02-19,33.33,0.0,0.0,66.67,33.33
AER9O,ON_DOLLAR_LINKED,2022-08-19,2026-05-19,33.33,0.0,0.0,33.34,33.33
AER9O,ON_DOLLAR_LINKED,2022-08-19,2026-08-19,33.34,0.0,0.0,0.0,33.34
AERBO,ON,2024-12-23,2025-06-23,0.0,0.055,2.742466,100.0,2.742466
AERBO,ON,2024-12-23,2025-12-23,0.0,0.055,2.757534,100.0,2.757534
AERBO,ON,2024-12-23,2026-06-23,0.0,0.055,2.742466,100.0,2.742466
AERBO,ON,2024-12-23,2026-12-15,100.0,0.055,2.636986,0.0,102.636986
AFCBO,ON_TAMAR,2025-03-10,2025-06-10,0,0.0285,0.0,100.0,0.0
AFCBO,ON_TAMAR,2025-03-10,2025-09-10,0,0.0285,0.0,100.0,0.0
AFCBO,ON_TAMAR,2025-03-10,2025-12-10,0,0.0285,0.0,100.0,0.0
AFCBO,ON_TAMAR,2025-03-10,2026-03-10,100,0.0285,0.0,0.0,100.0
AFCDO,ON_FIXED_RATE,2025-03-10,2026-03-10,100.000000,0.027,37.671905,0.0,137.671905
AFCGO,ON_TAMAR,2025-05-23,2025-08-25,0,0.003729,9.399123,100.0,9.399123
AFCGO,ON_TAMAR,2025-05-23,2025-11-25,0,0.003726,9.391562,100.0,9.391562
AFCGO,ON_TAMAR,2025-05-23,2026-02-23,0,0.003726,9.391562,100.0,9.391562
AFCGO,ON_TAMAR,2025-05-23,2026-05-26,100,0.003726,9.391562,0.0,109.391562
AFCHO,ON,2025-08-19,2026-02-19,0,0.0675,3.40274,100.0,3.40274
AFCHO,ON,2025-08-19,2026-08-19,100,0.0675,3.34726,0.0,103.34726
AFCIO,ON,2025-11-07,2026-05-07,0,0.065,3.2232876712328764,100.0,3.2232876712328764
AFCIO,ON,2025-11-07,2026-11-09,100,0.065,3.3123287671232875,0.0,103.31232876712328
AFCJO,ON,2026-02-06,2026-08-06,0,0.0475,2.355479,100.0,2.355479
AFCJO,ON,2026-02-06,2027-02-10,100,0.0475,2.394521,0.0,102.394521
AFCKO,ON,2026-02-06,2026-08-06,0,0.07,3.471233,100.0,3.471233
AFCKO,ON,2026-02-06,2027-02-10,0,0.07,3.528767,100.0,3.528767
AFCKO,ON,2026-02-06,2027-08-06,0,0.07,3.471233,100.0,3.471233
AFCKO,ON,2026-02-06,2028-02-07,0,0.07,3.528767,100.0,3.528767
AFCKO,ON,2026-02-06,2028-08-07,0,0.07,3.490411,100.0,3.490411
AFCKO,ON,2026-02-06,2029-02-06,100,0.07,3.528767,0.0,103.528767
AFCLO,ON,2026-02-06,2026-08-06,0,0.0525,2.603425,100.0,2.603425
AFCLO,ON,2026-02-06,2027-02-10,0,0.0525,2.646575,100.0,2.646575
AFCLO,ON,2026-02-06,2027-08-06,100,0.0525,2.603425,0.0,102.603425
AFCMO,ON,2026-04-17,2026-10-19,0,0.0325,1.629452,100.0,1.629452
AFCMO,ON,2026-04-17,2027-04-19,100,0.0325,1.620548,0.0,101.620548
AFCNO,ON_TAMAR,2026-04-17,2026-07-17,0,0.0375,0.0,100.0,0.0
AFCNO,ON_TAMAR,2026-04-17,2026-10-19,0,0.0375,0.0,100.0,0.0
AFCNO,ON_TAMAR,2026-04-17,2027-01-18,0,0.0375,0.0,100.0,0.0
AFCNO,ON_TAMAR,2026-04-17,2027-04-19,100,0.0375,0.0,0.0,100.0
AFCOO,ON,2026-04-24,2026-10-26,0,0.035,1.754795,100.0,1.754795
AFCOO,ON,2026-04-24,2027-04-26,0,0.035,1.745205,100.0,1.745205
AFCOO,ON,2026-04-24,2027-10-25,100,0.035,1.754795,0.0,101.754795
AFCPO,ON,2026-06-05,2026-12-09,0,0.0525,2.632192,100.0,2.632192
AFCPO,ON,2026-06-05,2027-06-07,0,0.0525,2.617808,100.0,2.617808
AFCPO,ON,2026-06-05,2027-12-06,0,0.0525,2.632192,100.0,2.632192
AFCPO,ON,2026-06-05,2028-06-05,100,0.0525,2.632192,0.0,102.632192
AFCQO,ON,2026-06-05,2026-12-09,0,0.035,1.754795,100.0,1.754795
AFCQO,ON,2026-06-05,2027-06-07,0,0.035,1.745205,100.0,1.745205
AFCQO,ON,2026-06-05,2027-12-06,100,0.035,1.764384,0.0,101.764384
AKS1L,ON_TAMAR,2026-03-06,2026-06-08,0,0.0,0.0,100.0,0.0
AKS1L,ON_TAMAR,2026-03-06,2026-09-07,0,0.0,0.0,100.0,0.0
AKS1L,ON_TAMAR,2026-03-06,2026-12-09,0,0.0,0.0,100.0,0.0
AKS1L,ON_TAMAR,2026-03-06,2027-03-08,0,0.0,0.0,100.0,0.0
AKS1L,ON_TAMAR,2026-03-06,2027-06-07,0,0.0,0.0,100.0,0.0
AKS1L,ON_TAMAR,2026-03-06,2027-09-06,0.33,0.0,0.0,99.67,0.33
AKS1L,ON_TAMAR,2026-03-06,2027-12-06,0.33,0.0,0.0,99.34,0.33
AKS1L,ON_TAMAR,2026-03-06,2028-03-06,99.34,0.0,0.0,0.0,99.34
AL29,HARD_DOLLAR,2020-04-09,2021-07-12,0.0000,0.01,0.5,100.0,0.5
AL29,HARD_DOLLAR,2020-04-09,2022-01-10,0.0000,0.01,0.5,100.0,0.5
AL29,HARD_DOLLAR,2020-04-09,2022-07-11,0.0000,0.01,0.5,100.0,0.5
AL29,HARD_DOLLAR,2020-04-09,2023-01-09,0.0000,0.01,0.5,100.0,0.5
AL29,HARD_DOLLAR,2020-04-09,2023-07-10,0.0000,0.01,0.5,100.0,0.5
AL29,HARD_DOLLAR,2020-04-09,2024-01-09,0.0000,0.01,0.5,100.0,0.5
AL29,HARD_DOLLAR,2020-04-09,2024-07-10,0.0000,0.01,0.5,100.0,0.5
AL29,HARD_DOLLAR,2020-04-09,2025-01-09,10.0000,0.01,0.5,90.0,10.5
AL29,HARD_DOLLAR,2020-04-09,2025-07-10,10.0000,0.01,0.45,80.0,10.45
AL29,HARD_DOLLAR,2020-04-09,2026-01-09,10.0000,0.01,0.4,70.0,10.4
AL29,HARD_DOLLAR,2020-04-09,2026-07-10,10.0000,0.01,0.35,60.0,10.35
AL29,HARD_DOLLAR,2020-04-09,2027-01-11,10.0000,0.01,0.3,50.0,10.3
AL29,HARD_DOLLAR,2020-04-09,2027-07-12,10.0000,0.01,0.25,40.0,10.25
AL29,HARD_DOLLAR,2020-04-09,2028-01-10,10.0000,0.01,0.2,30.0,10.2
AL29,HARD_DOLLAR,2020-04-09,2028-07-10,10.0000,0.01,0.15,20.0,10.15
AL29,HARD_DOLLAR,2020-04-09,2029-01-09,10.0000,0.01,0.1,10.0,10.1
AL29,HARD_DOLLAR,2020-04-09,2029-07-10,10.0000,0.01,0.05,0.0,10.05
AL30,HARD_DOLLAR,2020-09-04,2021-07-09,0.0000,0.0013,0.1069,100.0,0.1069
AL30,HARD_DOLLAR,2020-09-04,2022-01-09,0.0000,0.005,0.25,100.0,0.25
AL30,HARD_DOLLAR,2020-09-04,2022-07-09,0.0000,0.005,0.25,100.0,0.25
AL30,HARD_DOLLAR,2020-09-04,2023-01-09,0.0000,0.005,0.25,100.0,0.25
AL30,HARD_DOLLAR,2020-09-04,2023-07-09,0.0000,0.005,0.25,100.0,0.25
AL30,HARD_DOLLAR,2020-09-04,2024-01-09,0.0000,0.0075,0.375,100.0,0.375
AL30,HARD_DOLLAR,2020-09-04,2024-07-09,4.0000,0.0075,0.375,96.0,4.375
AL30,HARD_DOLLAR,2020-09-04,2025-01-09,8.0000,0.0075,0.36,88.0,8.36
AL30,HARD_DOLLAR,2020-09-04,2025-07-09,8.0000,0.0075,0.33,80.0,8.33
AL30,HARD_DOLLAR,2020-09-04,2026-01-09,8.0000,0.0075,0.3,72.0,8.3
AL30,HARD_DOLLAR,2020-09-04,2026-07-09,8.0000,0.0075,0.27,64.0,8.27
AL30,HARD_DOLLAR,2020-09-04,2027-01-09,8.0000,0.0075,0.24,56.0,8.24
AL30,HARD_DOLLAR,2020-09-04,2027-07-09,8.0000,0.0075,0.21,48.0,8.21
AL30,HARD_DOLLAR,2020-09-04,2028-01-09,8.0000,0.0175,0.42,40.0,8.42
AL30,HARD_DOLLAR,2020-09-04,2028-07-09,8.0000,0.0175,0.35,32.0,8.35
AL30,HARD_DOLLAR,2020-09-04,2029-01-09,8.0000,0.0175,0.28,24.0,8.28
AL30,HARD_DOLLAR,2020-09-04,2029-07-09,8.0000,0.0175,0.21,16.0,8.21
AL30,HARD_DOLLAR,2020-09-04,2030-01-09,8.0000,0.0175,0.14,8.0,8.14
AL30,HARD_DOLLAR,2020-09-04,2030-07-09,8.0000,0.0175,0.07,0.0,8.07
AL35,HARD_DOLLAR,2020-09-04,2021-07-12,0.0000,0.0013,0.11,100.0,0.11
AL35,HARD_DOLLAR,2020-09-04,2022-01-10,0.0000,0.0113,0.56,100.0,0.56
AL35,HARD_DOLLAR,2020-09-04,2022-07-11,0.0000,0.0113,0.56,100.0,0.56
AL35,HARD_DOLLAR,2020-09-04,2023-01-09,0.0000,0.015,0.75,100.0,0.75
AL35,HARD_DOLLAR,2020-09-04,2023-07-10,0.0000,0.015,0.75,100.0,0.75
AL35,HARD_DOLLAR,2020-09-04,2024-01-09,0.0000,0.0363,1.81,100.0,1.81
AL35,HARD_DOLLAR,2020-09-04,2024-07-10,0.0000,0.0363,1.81,100.0,1.81
AL35,HARD_DOLLAR,2020-09-04,2025-01-09,0.0000,0.0413,2.06,100.0,2.06
AL35,HARD_DOLLAR,2020-09-04,2025-07-10,0.0000,0.0413,2.06,100.0,2.06
AL35,HARD_DOLLAR,2020-09-04,2026-01-09,0.0000,0.0413,2.06,100.0,2.06
AL35,HARD_DOLLAR,2020-09-04,2026-07-10,0.0000,0.0413,2.06,100.0,2.06
AL35,HARD_DOLLAR,2020-09-04,2027-01-11,0.0000,0.0413,2.06,100.0,2.06
AL35,HARD_DOLLAR,2020-09-04,2027-07-12,0.0000,0.0413,2.06,100.0,2.06
AL35,HARD_DOLLAR,2020-09-04,2028-01-10,0.0000,0.0475,2.38,100.0,2.38
AL35,HARD_DOLLAR,2020-09-04,2028-07-10,0.0000,0.0475,2.38,100.0,2.38
AL35,HARD_DOLLAR,2020-09-04,2029-01-09,0.0000,0.05,2.5,100.0,2.5
AL35,HARD_DOLLAR,2020-09-04,2029-07-10,0.0000,0.05,2.5,100.0,2.5
AL35,HARD_DOLLAR,2020-09-04,2030-01-09,0.0000,0.05,2.5,100.0,2.5
AL35,HARD_DOLLAR,2020-09-04,2030-07-10,0.0000,0.05,2.5,100.0,2.5
AL35,HARD_DOLLAR,2020-09-04,2031-01-09,10.0000,0.05,2.5,90.0,12.5
AL35,HARD_DOLLAR,2020-09-04,2031-07-09,10.0000,0.05,2.25,80.0,12.25
AL35,HARD_DOLLAR,2020-09-04,2032-01-09,10.0000,0.05,2.0,70.0,12.0
AL35,HARD_DOLLAR,2020-09-04,2032-07-09,10.0000,0.05,1.75,60.0,11.75
AL35,HARD_DOLLAR,2020-09-04,2033-01-10,10.0000,0.05,1.5,50.0,11.5
AL35,HARD_DOLLAR,2020-09-04,2033-07-11,10.0000,0.05,1.25,40.0,11.25
AL35,HARD_DOLLAR,2020-09-04,2034-01-09,10.0000,0.05,1.0,30.0,11.0
AL35,HARD_DOLLAR,2020-09-04,2034-07-10,10.0000,0.05,0.75,20.0,10.75
AL35,HARD_DOLLAR,2020-09-04,2035-01-09,10.0000,0.05,0.5,10.0,10.5
AL35,HARD_DOLLAR,2020-09-04,2035-07-09,10.0000,0.05,0.25,0.0,10.25
AL41,HARD_DOLLAR,2020-09-04,2021-07-12,0.0000,0.0013,0.11,100.0,0.11
AL41,HARD_DOLLAR,2020-09-04,2022-01-10,0.0000,0.025,1.25,100.0,1.25
AL41,HARD_DOLLAR,2020-09-04,2022-07-11,0.0000,0.025,1.25,100.0,1.25
AL41,HARD_DOLLAR,2020-09-04,2023-01-09,0.0000,0.035,1.75,100.0,1.75
AL41,HARD_DOLLAR,2020-09-04,2023-07-10,0.0000,0.035,1.75,100.0,1.75
AL41,HARD_DOLLAR,2020-09-04,2024-01-09,0.0000,0.035,1.75,100.0,1.75
AL41,HARD_DOLLAR,2020-09-04,2024-07-10,0.0000,0.035,1.75,100.0,1.75
AL41,HARD_DOLLAR,2020-09-04,2025-01-09,0.0000,0.035,1.75,100.0,1.75
AL41,HARD_DOLLAR,2020-09-04,2025-07-10,0.0000,0.035,1.75,100.0,1.75
AL41,HARD_DOLLAR,2020-09-04,2026-01-09,0.0000,0.035,1.75,100.0,1.75
AL41,HARD_DOLLAR,2020-09-04,2026-07-10,0.0000,0.035,1.75,100.0,1.75
AL41,HARD_DOLLAR,2020-09-04,2027-01-11,0.0000,0.035,1.75,100.0,1.75
AL41,HARD_DOLLAR,2020-09-04,2027-07-12,0.0000,0.035,1.75,100.0,1.75
AL41,HARD_DOLLAR,2020-09-04,2028-01-10,3.5714,0.035,1.75,96.43,5.3214
AL41,HARD_DOLLAR,2020-09-04,2028-07-10,3.5714,0.035,1.69,92.86,5.2614
AL41,HARD_DOLLAR,2020-09-04,2029-01-09,3.5714,0.035,1.62,89.29,5.1914
AL41,HARD_DOLLAR,2020-09-04,2029-07-10,3.5714,0.035,1.56,85.71,5.1314
AL41,HARD_DOLLAR,2020-09-04,2030-01-09,3.5714,0.0488,2.09,82.14,5.6614
AL41,HARD_DOLLAR,2020-09-04,2030-07-10,3.5714,0.0488,2.0,78.57,5.5714
AL41,HARD_DOLLAR,2020-09-04,2031-01-09,3.5714,0.0488,1.92,75.0,5.4914
AL41,HARD_DOLLAR,2020-09-04,2031-07-09,3.5714,0.0488,1.83,71.43,5.4014
AL41,HARD_DOLLAR,2020-09-04,2032-01-09,3.5714,0.0488,1.74,67.86,5.3114
AL41,HARD_DOLLAR,2020-09-04,2032-07-09,3.5714,0.0488,1.65,64.29,5.2214
AL41,HARD_DOLLAR,2020-09-04,2033-01-10,3.5714,0.0488,1.57,60.71,5.1414
AL41,HARD_DOLLAR,2020-09-04,2033-07-11,3.5714,0.0488,1.48,57.14,5.0514
AL41,HARD_DOLLAR,2020-09-04,2034-01-09,3.5714,0.0488,1.39,53.57,4.9614
AL41,HARD_DOLLAR,2020-09-04,2034-07-10,3.5714,0.0488,1.31,50.0,4.8814
AL41,HARD_DOLLAR,2020-09-04,2035-01-09,3.5714,0.0488,1.22,46.43,4.7914
AL41,HARD_DOLLAR,2020-09-04,2035-07-09,3.5714,0.0488,1.13,42.86,4.7014
AL41,HARD_DOLLAR,2020-09-04,2036-01-09,3.5714,0.0488,1.04,39.29,4.6114
AL41,HARD_DOLLAR,2020-09-04,2036-07-09,3.5714,0.0488,0.96,35.71,4.5314
AL41,HARD_DOLLAR,2020-09-04,2037-01-09,3.5714,0.0488,0.87,32.14,4.4414
AL41,HARD_DOLLAR,2020-09-04,2037-07-09,3.5714,0.0488,0.78,28.57,4.3514
AL41,HARD_DOLLAR,2020-09-04,2038-01-11,3.5714,0.0488,0.7,25.0,4.2714
AL41,HARD_DOLLAR,2020-09-04,2038-07-09,3.5714,0.0488,0.61,21.43,4.1814
AL41,HARD_DOLLAR,2020-09-04,2039-01-10,3.5714,0.0488,0.52,17.86,4.0914
AL41,HARD_DOLLAR,2020-09-04,2039-07-11,3.5714,0.0488,0.44,14.29,4.0114
AL41,HARD_DOLLAR,2020-09-04,2040-01-09,3.5714,0.0488,0.35,10.71,3.9214
AL41,HARD_DOLLAR,2020-09-04,2040-07-09,3.5714,0.0488,0.26,7.14,3.8314
AL41,HARD_DOLLAR,2020-09-04,2041-01-09,3.5714,0.0488,0.17,3.57,3.7414
AL41,HARD_DOLLAR,2020-09-04,2041-07-09,3.5714,0.0488,0.09,0.0,3.6614
ALC2L,ON_TAMAR,2025-06-10,2025-09-10,0,0.0675,0.0,100.0,0.0
ALC2L,ON_TAMAR,2025-06-10,2025-12-10,0,0.0675,0.0,100.0,0.0
ALC2L,ON_TAMAR,2025-06-10,2026-03-10,0,0.0675,0.0,100.0,0.0
ALC2L,ON_TAMAR,2025-06-10,2026-06-10,0,0.0675,0.0,100.0,0.0
ALC2L,ON_TAMAR,2025-06-10,2026-09-10,12.5,0.0675,0.0,87.5,12.5
ALC2L,ON_TAMAR,2025-06-10,2026-12-10,12.5,0.0675,0.0,75.0,12.5
ALC2L,ON_TAMAR,2025-06-10,2027-03-10,12.5,0.0675,0.0,62.5,12.5
ALC2L,ON_TAMAR,2025-06-10,2027-06-10,12.5,0.0675,0.0,50.0,12.5
ALC2L,ON_TAMAR,2025-06-10,2027-09-10,12.5,0.0675,0.0,37.5,12.5
ALC2L,ON_TAMAR,2025-06-10,2027-12-10,12.5,0.0675,0.0,25.0,12.5
ALC2L,ON_TAMAR,2025-06-10,2028-03-10,12.5,0.0675,0.0,12.5,12.5
ALC2L,ON_TAMAR,2025-06-10,2028-06-12,12.5,0.0675,0.0,0.0,12.5
AN29,HARD_DOLLAR,2025-12-12,2026-06-01,0,0.065,3.033333,100.0,3.033333
AN29,HARD_DOLLAR,2025-12-12,2026-11-30,0,0.065,3.25,100.0,3.25
AN29,HARD_DOLLAR,2025-12-12,2027-05-31,0,0.065,3.25,100.0,3.25
AN29,HARD_DOLLAR,2025-12-12,2027-11-30,0,0.065,3.25,100.0,3.25
AN29,HARD_DOLLAR,2025-12-12,2028-05-30,0,0.065,3.25,100.0,3.25
AN29,HARD_DOLLAR,2025-12-12,2028-11-30,0,0.065,3.25,100.0,3.25
AN29,HARD_DOLLAR,2025-12-12,2029-05-30,0,0.065,3.25,100.0,3.25
AN29,HARD_DOLLAR,2025-12-12,2029-11-30,100,0.065,3.25,0.0,103.25
AO27,HARD_DOLLAR,2026-02-27,2026-03-31,0,0.06,0.5667,100.0,0.5667
AO27,HARD_DOLLAR,2026-02-27,2026-04-30,0,0.06,0.5,100.0,0.5
AO27,HARD_DOLLAR,2026-02-27,2026-05-29,0,0.06,0.4833,100.0,0.4833
AO27,HARD_DOLLAR,2026-02-27,2026-06-30,0,0.06,0.5167,100.0,0.5167
AO27,HARD_DOLLAR,2026-02-27,2026-07-31,0,0.06,0.5,100.0,0.5
AO27,HARD_DOLLAR,2026-02-27,2026-08-31,0,0.06,0.5,100.0,0.5
AO27,HARD_DOLLAR,2026-02-27,2026-09-30,0,0.06,0.5,100.0,0.5
AO27,HARD_DOLLAR,2026-02-27,2026-10-30,0,0.06,0.5,100.0,0.5
AO27,HARD_DOLLAR,2026-02-27,2026-11-30,0,0.06,0.5,100.0,0.5
AO27,HARD_DOLLAR,2026-02-27,2026-12-30,0,0.06,0.5,100.0,0.5
AO27,HARD_DOLLAR,2026-02-27,2027-01-29,0,0.06,0.4833,100.0,0.4833
AO27,HARD_DOLLAR,2026-02-27,2027-02-26,0,0.06,0.45,100.0,0.45
AO27,HARD_DOLLAR,2026-02-27,2027-03-31,0,0.06,0.5833,100.0,0.5833
AO27,HARD_DOLLAR,2026-02-27,2027-04-30,0,0.06,0.5,100.0,0.5
AO27,HARD_DOLLAR,2026-02-27,2027-05-31,0,0.06,0.5,100.0,0.5
AO27,HARD_DOLLAR,2026-02-27,2027-06-30,0,0.06,0.5,100.0,0.5
AO27,HARD_DOLLAR,2026-02-27,2027-07-30,0,0.06,0.5,100.0,0.5
AO27,HARD_DOLLAR,2026-02-27,2027-08-31,0,0.06,0.5,100.0,0.5
AO27,HARD_DOLLAR,2026-02-27,2027-09-30,0,0.06,0.5,100.0,0.5
AO27,HARD_DOLLAR,2026-02-27,2027-10-29,100 ,0.06,0.4833,0.0,100.4833
AO28,DOLLAR_LINKED,2026-03-30,2026-04-30,0,0.06,0.5,100.0,0.5
AO28,DOLLAR_LINKED,2026-03-30,2026-06-01,0,0.06,0.5,100.0,0.5
AO28,DOLLAR_LINKED,2026-03-30,2026-06-30,0,0.06,0.5,100.0,0.5
AO28,DOLLAR_LINKED,2026-03-30,2026-07-30,0,0.06,0.5,100.0,0.5
AO28,DOLLAR_LINKED,2026-03-30,2026-08-31,0,0.06,0.5,100.0,0.5
AO28,DOLLAR_LINKED,2026-03-30,2026-09-30,0,0.06,0.5,100.0,0.5
AO28,DOLLAR_LINKED,2026-03-30,2026-10-30,0,0.06,0.5,100.0,0.5
AO28,DOLLAR_LINKED,2026-03-30,2026-11-30,0,0.06,0.5,100.0,0.5
AO28,DOLLAR_LINKED,2026-03-30,2026-12-30,0,0.06,0.5,100.0,0.5
AO28,DOLLAR_LINKED,2026-03-30,2027-02-01,0,0.06,0.5,100.0,0.5
AO28,DOLLAR_LINKED,2026-03-30,2027-03-01,0,0.06,0.466667,100.0,0.466667
AO28,DOLLAR_LINKED,2026-03-30,2027-03-29,0,0.06,0.5,100.0,0.5
AO28,DOLLAR_LINKED,2026-03-30,2027-04-28,0,0.06,0.5,100.0,0.5
AO28,DOLLAR_LINKED,2026-03-30,2027-05-28,0,0.06,0.5,100.0,0.5
AO28,DOLLAR_LINKED,2026-03-30,2027-06-28,0,0.06,0.5,100.0,0.5
AO28,DOLLAR_LINKED,2026-03-30,2027-07-28,0,0.06,0.5,100.0,0.5
AO28,DOLLAR_LINKED,2026-03-30,2027-08-30,0,0.06,0.5,100.0,0.5
AO28,DOLLAR_LINKED,2026-03-30,2027-09-28,0,0.06,0.5,100.0,0.5
AO28,DOLLAR_LINKED,2026-03-30,2027-10-28,0,0.06,0.5,100.0,0.5
AO28,DOLLAR_LINKED,2026-03-30,2027-11-29,0,0.06,0.5,100.0,0.5
AO28,DOLLAR_LINKED,2026-03-30,2027-12-28,0,0.06,0.5,100.0,0.5
AO28,DOLLAR_LINKED,2026-03-30,2028-01-28,0,0.06,0.5,100.0,0.5
AO28,DOLLAR_LINKED,2026-03-30,2028-02-28,0,0.06,0.5,100.0,0.5
AO28,DOLLAR_LINKED,2026-03-30,2028-03-28,0,0.06,0.5,100.0,0.5
AO28,DOLLAR_LINKED,2026-03-30,2028-04-28,0,0.06,0.5,100.0,0.5
AO28,DOLLAR_LINKED,2026-03-30,2028-05-29,0,0.06,0.5,100.0,0.5
AO28,DOLLAR_LINKED,2026-03-30,2028-06-28,0,0.06,0.5,100.0,0.5
AO28,DOLLAR_LINKED,2026-03-30,2028-07-28,0,0.06,0.5,100.0,0.5
AO28,DOLLAR_LINKED,2026-03-30,2028-08-28,0,0.06,0.5,100.0,0.5
AO28,DOLLAR_LINKED,2026-03-30,2028-09-28,0,0.06,0.5,100.0,0.5
AO28,DOLLAR_LINKED,2026-03-30,2028-10-30,0,0.06,0.5,100.0,0.5
AO28,DOLLAR_LINKED,2026-03-30,2028-10-31,100,0.06,0.033333,0.0,100.033333
AO29,HARD_DOLLAR,2026-07-17,2026-08-31,0,0.06,0.716667,100.0,0.716667
AO29,HARD_DOLLAR,2026-07-17,2026-09-30,0,0.06,0.5,100.0,0.5
AO29,HARD_DOLLAR,2026-07-17,2026-10-30,0,0.06,0.5,100.0,0.5
AO29,HARD_DOLLAR,2026-07-17,2026-11-30,0,0.06,0.5,100.0,0.5
AO29,HARD_DOLLAR,2026-07-17,2026-12-30,0,0.06,0.5,100.0,0.5
AO29,HARD_DOLLAR,2026-07-17,2027-01-30,0,0.06,0.5,100.0,0.5
AO29,HARD_DOLLAR,2026-07-17,2027-02-26,0,0.06,0.5,100.0,0.5
AO29,HARD_DOLLAR,2026-07-17,2027-03-31,0,0.06,0.5,100.0,0.5
AO29,HARD_DOLLAR,2026-07-17,2027-04-30,0,0.06,0.5,100.0,0.5
AO29,HARD_DOLLAR,2026-07-17,2027-05-31,0,0.06,0.5,100.0,0.5
AO29,HARD_DOLLAR,2026-07-17,2027-06-30,0,0.06,0.5,100.0,0.5
AO29,HARD_DOLLAR,2026-07-17,2027-07-30,0,0.06,0.5,100.0,0.5
AO29,HARD_DOLLAR,2026-07-17,2027-08-30,0,0.06,0.5,100.0,0.5
AO29,HARD_DOLLAR,2026-07-17,2027-09-28,0,0.06,0.5,100.0,0.5
AO29,HARD_DOLLAR,2026-07-17,2027-10-28,0,0.06,0.5,100.0,0.5
AO29,HARD_DOLLAR,2026-07-17,2027-11-29,0,0.06,0.5,100.0,0.5
AO29,HARD_DOLLAR,2026-07-17,2027-12-28,0,0.06,0.5,100.0,0.5
AO29,HARD_DOLLAR,2026-07-17,2028-01-28,0,0.06,0.5,100.0,0.5
AO29,HARD_DOLLAR,2026-07-17,2028-02-28,0,0.06,0.5,100.0,0.5
AO29,HARD_DOLLAR,2026-07-17,2028-03-28,0,0.06,0.5,100.0,0.5
AO29,HARD_DOLLAR,2026-07-17,2028-04-28,0,0.06,0.5,100.0,0.5
AO29,HARD_DOLLAR,2026-07-17,2028-05-29,0,0.06,0.5,100.0,0.5
AO29,HARD_DOLLAR,2026-07-17,2028-06-28,0,0.06,0.5,100.0,0.5
AO29,HARD_DOLLAR,2026-07-17,2028-07-28,0,0.06,0.5,100.0,0.5
AO29,HARD_DOLLAR,2026-07-17,2028-08-28,0,0.06,0.5,100.0,0.5
AO29,HARD_DOLLAR,2026-07-17,2028-09-28,0,0.06,0.5,100.0,0.5
AO29,HARD_DOLLAR,2026-07-17,2028-10-30,0,0.06,0.5,100.0,0.5
AO29,HARD_DOLLAR,2026-07-17,2028-11-28,0,0.06,0.5,100.0,0.5
AO29,HARD_DOLLAR,2026-07-17,2028-12-28,0,0.06,0.5,100.0,0.5
AO29,HARD_DOLLAR,2026-07-17,2029-01-29,0,0.06,0.5,100.0,0.5
AO29,HARD_DOLLAR,2026-07-17,2029-02-28,0,0.06,0.5,100.0,0.5
AO29,HARD_DOLLAR,2026-07-17,2029-03-28,0,0.06,0.5,100.0,0.5
AO29,HARD_DOLLAR,2026-07-17,2029-04-30,0,0.06,0.5,100.0,0.5
AO29,HARD_DOLLAR,2026-07-17,2029-05-28,0,0.06,0.5,100.0,0.5
AO29,HARD_DOLLAR,2026-07-17,2029-06-28,0,0.06,0.5,100.0,0.5
AO29,HARD_DOLLAR,2026-07-17,2029-07-30,0,0.06,0.5,100.0,0.5
AO29,HARD_DOLLAR,2026-07-17,2029-08-28,0,0.06,0.5,100.0,0.5
AO29,HARD_DOLLAR,2026-07-17,2029-09-28,0,0.06,0.5,100.0,0.5
AO29,HARD_DOLLAR,2026-07-17,2029-10-31,100,0.06,0.5,0.0,100.5
APS1L,ON_DOLLAR_LINKED,2026-05-20,2026-08-20,0,0.0547,1.37874,100.0,1.37874
APS1L,ON_DOLLAR_LINKED,2026-05-20,2026-11-20,0,0.0547,1.37874,100.0,1.37874
APS1L,ON_DOLLAR_LINKED,2026-05-20,2027-02-22,0,0.0547,1.37874,100.0,1.37874
APS1L,ON_DOLLAR_LINKED,2026-05-20,2027-05-20,20,0.0547,1.333781,80.0,21.333781
APS1L,ON_DOLLAR_LINKED,2026-05-20,2027-08-20,20,0.0547,1.102992,60.0,21.102992
APS1L,ON_DOLLAR_LINKED,2026-05-20,2027-11-22,20,0.0547,0.827244,40.0,20.827244
APS1L,ON_DOLLAR_LINKED,2026-05-20,2028-02-21,20,0.0547,0.551496,20.0,20.551496
APS1L,ON_DOLLAR_LINKED,2026-05-20,2028-05-22,20,0.0547,0.269753,0.0,20.269753
AQ11L,ON,2026-03-31,2026-06-30,0,0.0675,1.682877,100.0,1.682877
AQ11L,ON,2026-03-31,2026-09-30,0,0.0675,1.70137,100.0,1.70137
AQ11L,ON,2026-03-31,2026-12-30,0,0.0675,1.682877,100.0,1.682877
AQ11L,ON,2026-03-31,2027-03-30,33,0.0675,1.664384,67.0,34.664384
AQ11L,ON,2026-03-31,2027-06-30,0,0.0675,1.139918,67.0,1.139918
AQ11L,ON,2026-03-31,2027-09-30,33,0.0675,1.139918,34.0,34.139918
AQ11L,ON,2026-03-31,2027-12-30,0,0.0675,0.572178,34.0,0.572178
AQ11L,ON,2026-03-31,2028-03-31,34,0.0675,0.578466,0.0,34.578466
ARC1O,ON,2021-10-28,2022-02-01,0.0,0.085,0.021958,100.0,2.195833
ARC1O,ON,2021-10-28,2022-05-02,0.0,0.085,0.021486,100.0,2.148611
ARC1O,ON,2021-10-28,2022-08-01,0.0,0.085,0.021014,100.0,2.101389
ARC1O,ON,2021-10-28,2022-11-01,0.0,0.085,0.02125,100.0,2.125
ARC1O,ON,2021-10-28,2023-02-01,0.0,0.085,0.02125,100.0,2.125
ARC1O,ON,2021-10-28,2023-05-02,0.0,0.085,0.021486,100.0,2.148611
ARC1O,ON,2021-10-28,2023-08-01,0.0,0.085,0.021014,100.0,2.101389
ARC1O,ON,2021-10-28,2023-11-01,0.0,0.085,0.02125,100.0,2.125
ARC1O,ON,2021-10-28,2024-02-01,0.0,0.085,0.02125,100.0,2.125
ARC1O,ON,2021-10-28,2024-05-02,0.0,0.085,0.021486,100.0,2.148611
ARC1O,ON,2021-10-28,2024-08-01,0.0,0.085,0.021014,100.0,2.101389
ARC1O,ON,2021-10-28,2024-11-01,0.0,0.085,0.02125,100.0,2.125
ARC1O,ON,2021-10-28,2025-02-03,0.0,0.085,0.021722,100.0,2.172222
ARC1O,ON,2021-10-28,2025-05-05,0.0,0.085,0.021722,100.0,2.172222
ARC1O,ON,2021-10-28,2025-08-01,0.0,0.085,0.020306,100.0,2.030556
ARC1O,ON,2021-10-28,2025-11-03,0.0,0.085,0.021722,100.0,2.172222
ARC1O,ON,2021-10-28,2026-02-02,1.5289,0.085,0.021014,98.4711,3.630289
ARC1O,ON,2021-10-28,2026-05-04,0.0,0.085,0.02139,98.4711,2.139011
ARC1O,ON,2021-10-28,2026-08-03,0.8945,0.085,0.020693,97.5766,2.963761
ARC1O,ON,2021-10-28,2026-11-02,0.0,0.085,0.020505,97.5766,2.050464
ARC1O,ON,2021-10-28,2027-02-01,4.7823,0.085,0.020505,92.7943,6.832764
ARC1O,ON,2021-10-28,2027-05-03,2.7319,0.085,0.020157,90.0624,4.747598
ARC1O,ON,2021-10-28,2027-08-02,4.2299,0.085,0.018926,85.8325,6.122461
ARC1O,ON,2021-10-28,2027-11-01,3.288,0.085,0.018037,82.5445,5.091675
ARC1O,ON,2021-10-28,2028-02-01,5.6388,0.085,0.017541,76.9057,7.392871
ARC1O,ON,2021-10-28,2028-05-02,3.4927,0.085,0.016524,73.413,5.145104
ARC1O,ON,2021-10-28,2028-08-01,0.0,0.085,0.015427,73.413,1.542693
ARC1O,ON,2021-10-28,2028-11-01,5.0618,0.085,0.0156,68.3512,6.621826
ARC1O,ON,2021-10-28,2029-02-01,7.1115,0.085,0.014525,61.2397,8.563963
ARC1O,ON,2021-10-28,2029-05-02,4.9583,0.085,0.013158,56.2814,6.274103
ARC1O,ON,2021-10-28,2029-08-01,6.5846,0.085,0.011827,49.6968,7.767291
ARC1O,ON,2021-10-28,2029-11-01,5.5925,0.085,0.010561,44.1043,6.648557
ARC1O,ON,2021-10-28,2030-02-01,7.3796,0.085,0.009372,36.7247,8.316816
ARC1O,ON,2021-10-28,2030-05-02,5.2657,0.085,0.007891,31.459,6.054771
ARC1O,ON,2021-10-28,2030-08-01,6.8845,0.085,0.006611,24.5745,7.545576
ARC1O,ON,2021-10-28,2030-11-01,5.9087,0.085,0.005222,18.6658,6.430908
ARC1O,ON,2021-10-28,2031-02-03,8.1084,0.085,0.004055,10.5574,8.513863
ARC1O,ON,2021-10-28,2031-05-01,5.9938,0.085,0.002194,4.5636,6.213159
ARC1O,ON,2021-10-28,2031-08-01,4.5636,0.085,0.00097,0.0,4.660577
AUS1L,ON,2025-12-22,2026-06-22,0,0.0875,4.363014,100.0,4.363014
AUS1L,ON,2025-12-22,2026-12-22,33,0.0875,4.386986,67.0,37.386986
AUS1L,ON,2025-12-22,2027-06-22,33,0.0875,2.923219,34.0,35.923219
AUS1L,ON,2025-12-22,2027-12-22,34,0.0875,1.491575,0.0,35.491575
AWS1L,ON_TAMAR,2025-12-16,2026-03-16,0,0.0248,0.0,100.0,0.0
AWS1L,ON_TAMAR,2025-12-16,2026-06-16,0,0.0248,0.0,100.0,0.0
AWS1L,ON_TAMAR,2025-12-16,2026-09-16,0,0.0248,0.0,100.0,0.0
AWS1L,ON_TAMAR,2025-12-16,2026-12-16,33,0.0248,0.0,67.0,33.0
AWS1L,ON_TAMAR,2025-12-16,2027-03-16,0,0.0248,0.0,67.0,0.0
AWS1L,ON_TAMAR,2025-12-16,2027-06-16,33,0.0248,0.0,34.0,33.0
AWS1L,ON_TAMAR,2025-12-16,2027-09-16,0,0.0248,0.0,34.0,0.0
AWS1L,ON_TAMAR,2025-12-16,2027-12-16,34,0.0248,0.0,0.0,34.0
AXS1M,ON,2026-04-09,2026-10-09,0,0.085,4.261644,100.0,4.261644
AXS1M,ON,2026-04-09,2027-04-09,0,0.085,4.238356,100.0,4.238356
AXS1M,ON,2026-04-09,2027-10-11,25,0.085,4.261644,75.0,29.261644
AXS1M,ON,2026-04-09,2028-04-10,25,0.085,3.196233,50.0,28.196233
AXS1M,ON,2026-04-09,2028-10-09,25,0.085,2.130822,25.0,27.130822
AXS1M,ON,2026-04-09,2029-04-09,25,0.085,1.059589,0.0,26.059589
BA37D,SUB_SOBERANO,2021-09-03,2021-09-01,0.0,0.025,0.4236111111,100.0,0.4236111111
BA37D,SUB_SOBERANO,2021-09-03,2022-03-02,0.0,0.039,1.95,100.0,1.95
BA37D,SUB_SOBERANO,2021-09-03,2022-09-01,0.0,0.039,1.95,100.0,1.95
BA37D,SUB_SOBERANO,2021-09-03,2023-03-01,0.0,0.0525,2.625,100.0,2.625
BA37D,SUB_SOBERANO,2021-09-03,2023-09-01,0.0,0.0525,2.625,100.0,2.625
BA37D,SUB_SOBERANO,2021-09-03,2024-03-01,1.83,0.06375,3.1875,98.17,5.0175
BA37D,SUB_SOBERANO,2021-09-03,2024-09-02,1.83,0.06375,3.12916875,96.34,4.95916875
BA37D,SUB_SOBERANO,2021-09-03,2025-03-05,2.25,0.06625,3.1912625,94.09,5.441262500000001
BA37D,SUB_SOBERANO,2021-09-03,2025-09-01,2.25,0.06625,3.11673125,91.84,5.36673125
BA37D,SUB_SOBERANO,2021-09-03,2026-03-02,2.9,0.06625,3.0422,88.94,5.9422
BA37D,SUB_SOBERANO,2021-09-03,2026-09-01,2.9,0.06625,2.9461375,86.04,5.846137499999999
BA37D,SUB_SOBERANO,2021-09-03,2027-03-01,3.28,0.06625,2.850075,82.76,6.130075
BA37D,SUB_SOBERANO,2021-09-03,2027-09-01,3.28,0.06625,2.741425,79.47999999999999,6.021425
BA37D,SUB_SOBERANO,2021-09-03,2028-03-01,3.47,0.06625,2.632775,76.01,6.102775
BA37D,SUB_SOBERANO,2021-09-03,2028-09-01,3.47,0.06625,2.51783125,72.54,5.98783125
BA37D,SUB_SOBERANO,2021-09-03,2029-03-01,3.79,0.06625,2.4028875,68.75,6.192887499999999
BA37D,SUB_SOBERANO,2021-09-03,2029-09-03,3.79,0.06625,2.27734375,64.96,6.06734375
BA37D,SUB_SOBERANO,2021-09-03,2030-03-01,3.08,0.06625,2.1518,61.88,5.2318
BA37D,SUB_SOBERANO,2021-09-03,2030-09-02,3.08,0.06625,2.049775,58.8,5.129775
BA37D,SUB_SOBERANO,2021-09-03,2031-03-03,3.59,0.06625,1.94775,55.21,5.53775
BA37D,SUB_SOBERANO,2021-09-03,2031-09-01,3.59,0.06625,1.82883125,51.62,5.41883125
BA37D,SUB_SOBERANO,2021-09-03,2032-03-01,3.77,0.06625,1.7099125,47.85,5.4799125
BA37D,SUB_SOBERANO,2021-09-03,2032-09-01,3.77,0.06625,1.58503125,44.080000000000005,5.35503125
BA37D,SUB_SOBERANO,2021-09-03,2033-03-01,3.94,0.06625,1.46015,40.14,5.40015
BA37D,SUB_SOBERANO,2021-09-03,2033-09-01,3.94,0.06625,1.3296375,36.2,5.2696375
BA37D,SUB_SOBERANO,2021-09-03,2034-03-01,4.2,0.06625,1.199125,32.0,5.399125
BA37D,SUB_SOBERANO,2021-09-03,2034-09-01,4.2,0.06625,1.06,27.800000000000004,5.26
BA37D,SUB_SOBERANO,2021-09-03,2035-03-01,4.4,0.06625,0.920875,23.4,5.320875
BA37D,SUB_SOBERANO,2021-09-03,2035-09-03,4.4,0.06625,0.775125,19.0,5.175125
BA37D,SUB_SOBERANO,2021-09-03,2036-03-03,4.67,0.06625,0.629375,14.330000000000002,5.2993749999999995
BA37D,SUB_SOBERANO,2021-09-03,2036-09-01,4.67,0.06625,0.47468125,9.66,5.14468125
BA37D,SUB_SOBERANO,2021-09-03,2037-03-02,4.83,0.06625,0.3199875,4.83,5.1499875
BA37D,SUB_SOBERANO,2021-09-03,2037-09-01,4.83,0.06625,0.15999375,0.0,4.98999375
BACAO,ON,2016-11-04,2017-05-04,0,0.0675,3.375,100.0,3.375
BACAO,ON,2016-11-04,2017-11-07,0,0.0675,3.375,100.0,3.375
BACAO,ON,2016-11-04,2018-05-04,0,0.0675,3.375,100.0,3.375
BACAO,ON,2016-11-04,2018-11-05,0,0.0675,3.375,100.0,3.375
BACAO,ON,2016-11-04,2019-05-06,0,0.0675,3.375,100.0,3.375
BACAO,ON,2016-11-04,2019-11-04,0,0.0675,3.375,100.0,3.375
BACAO,ON,2016-11-04,2020-05-04,0,0.0675,3.375,100.0,3.375
BACAO,ON,2016-11-04,2020-11-04,0,0.0675,3.375,100.0,3.375
BACAO,ON,2016-11-04,2021-05-04,0,0.0675,3.375,100.0,3.375
BACAO,ON,2016-11-04,2021-11-04,0,0.0675,3.375,100.0,3.375
BACAO,ON,2016-11-04,2022-05-04,0,0.06643,3.3215,100.0,3.3215
BACAO,ON,2016-11-04,2022-11-04,0,0.06643,3.3215,100.0,3.3215
BACAO,ON,2016-11-04,2023-05-04,0,0.06643,3.3215,100.0,3.3215
BACAO,ON,2016-11-04,2023-11-07,0,0.06643,3.3215,100.0,3.3215
BACAO,ON,2016-11-04,2024-05-06,0,0.06643,3.3215,100.0,3.3215
BACAO,ON,2016-11-04,2024-11-04,0,0.06643,3.3215,100.0,3.3215
BACAO,ON,2016-11-04,2025-05-05,0,0.06643,3.3215,100.0,3.3215
BACAO,ON,2016-11-04,2025-11-04,0,0.06643,3.3215,100.0,3.3215
BACAO,ON,2016-11-04,2026-05-04,0,0.06643,3.3215,100.0,3.3215
BACAO,ON,2016-11-04,2026-11-04,100,0.06643,3.3215,0.0,103.3215
BACGO,ON,2025-06-23,2025-12-23,0,0.08,4.0,100.0,4.08
BACGO,ON,2025-06-23,2026-06-23,0,0.08,4.0,100.0,4.08
BACGO,ON,2025-06-23,2026-12-23,0,0.08,4.0,100.0,4.08
BACGO,ON,2025-06-23,2027-06-23,0,0.08,4.0,100.0,4.08
BACGO,ON,2025-06-23,2027-12-23,0,0.08,4.0,100.0,4.08
BACGO,ON,2025-06-23,2028-06-23,0,0.08,4.0,100.0,4.08
BACGO,ON,2025-06-23,2028-12-26,0,0.08,4.0,100.0,4.08
BACGO,ON,2025-06-23,2029-06-25,100,0.08,4.0,0.0,104.0
BACHO,ON,2026-01-28,2026-07-28,0,0.08,4.0,100.0,4.0
BACHO,ON,2026-01-28,2027-01-28,0,0.08,4.0,100.0,4.0
BACHO,ON,2026-01-28,2027-07-28,0,0.08,4.0,100.0,4.0
BACHO,ON,2026-01-28,2028-01-28,0,0.08,4.0,100.0,4.0
BACHO,ON,2026-01-28,2028-07-28,0,0.08,4.0,100.0,4.0
BACHO,ON,2026-01-28,2029-01-29,0,0.08,4.0,100.0,4.0
BACHO,ON,2026-01-28,2029-07-30,0,0.08,4.0,100.0,4.0
BACHO,ON,2026-01-28,2030-01-28,0,0.08,4.0,100.0,4.0
BACHO,ON,2026-01-28,2030-07-29,0,0.08,4.0,100.0,4.0
BACHO,ON,2026-01-28,2031-01-28,100,0.08,4.0,0.0,104.0
BAF27,SUB_SOBERANO_TAMAR,2025-11-13,2025-12-15,0,0.055,0.0,100.0,0.0
BAF27,SUB_SOBERANO_TAMAR,2025-11-13,2026-01-13,0,0.055,0.0,100.0,0.0
BAF27,SUB_SOBERANO_TAMAR,2025-11-13,2026-02-13,0,0.055,0.0,100.0,0.0
BAF27,SUB_SOBERANO_TAMAR,2025-11-13,2026-03-13,0,0.055,0.0,100.0,0.0
BAF27,SUB_SOBERANO_TAMAR,2025-11-13,2026-04-13,0,0.055,0.0,100.0,0.0
BAF27,SUB_SOBERANO_TAMAR,2025-11-13,2026-05-13,0,0.055,0.0,100.0,0.0
BAF27,SUB_SOBERANO_TAMAR,2025-11-13,2026-06-16,0,0.055,0.0,100.0,0.0
BAF27,SUB_SOBERANO_TAMAR,2025-11-13,2026-07-13,0,0.055,0.0,100.0,0.0
BAF27,SUB_SOBERANO_TAMAR,2025-11-13,2026-08-13,0,0.055,0.0,100.0,0.0
BAF27,SUB_SOBERANO_TAMAR,2025-11-13,2026-09-14,0,0.055,0.0,100.0,0.0
BAF27,SUB_SOBERANO_TAMAR,2025-11-13,2026-10-13,0,0.055,0.0,100.0,0.0
BAF27,SUB_SOBERANO_TAMAR,2025-11-13,2026-11-13,0,0.055,0.0,100.0,0.0
BAF27,SUB_SOBERANO_TAMAR,2025-11-13,2026-12-14,0,0.055,0.0,100.0,0.0
BAF27,SUB_SOBERANO_TAMAR,2025-11-13,2027-01-13,0,0.055,0.0,100.0,0.0
BAF27,SUB_SOBERANO_TAMAR,2025-11-13,2027-02-15,100,0.055,0.0,0.0,100.0
BAO25,SUB_SOBERANO_BADLAR,2022-10-27,2023-01-27,0,0.0775,0.0775,100.0,0.0
BAO25,SUB_SOBERANO_BADLAR,2022-10-27,2023-04-27,0,0.0775,0.0775,100.0,0.0
BAO25,SUB_SOBERANO_BADLAR,2022-10-27,2023-07-27,0,0.0775,0.0775,100.0,0.0
BAO25,SUB_SOBERANO_BADLAR,2022-10-27,2023-10-27,10,0.0775,0.0775,90.0,10.0
BAO25,SUB_SOBERANO_BADLAR,2022-10-27,2024-01-27,10,0.0775,0.0775,80.0,10.0
BAO25,SUB_SOBERANO_BADLAR,2022-10-27,2024-04-27,10,0.0775,0.0775,70.0,10.0
BAO25,SUB_SOBERANO_BADLAR,2022-10-27,2024-07-27,10,0.0775,0.0775,60.0,10.0
BAO25,SUB_SOBERANO_BADLAR,2022-10-27,2024-10-27,10,0.0775,0.0775,50.0,10.0
BAO25,SUB_SOBERANO_BADLAR,2022-10-27,2025-01-27,10,0.0775,0.0775,40.0,10.0
BAO25,SUB_SOBERANO_BADLAR,2022-10-27,2025-04-27,10,0.0775,0.0775,30.0,10.0
BAO25,SUB_SOBERANO_BADLAR,2022-10-27,2025-07-27,10,0.0775,0.0775,20.0,10.0
BAO25,SUB_SOBERANO_BADLAR,2022-10-27,2025-10-27,20,0.0775,0.0775,0.0,20.0
BAS26,SUB_SOBERANO_BADLAR,2024-09-09,2024-12-09,0,0.07,0.0,100.0,0.0
BAS26,SUB_SOBERANO_BADLAR,2024-09-09,2025-03-10,0,0.07,0.0,100.0,0.0
BAS26,SUB_SOBERANO_BADLAR,2024-09-09,2025-06-09,0,0.07,0.0,100.0,0.0
BAS26,SUB_SOBERANO_BADLAR,2024-09-09,2025-09-09,0,0.07,0.0,100.0,0.0
BAS26,SUB_SOBERANO_BADLAR,2024-09-09,2025-12-09,0,0.07,0.0,100.0,0.0
BAS26,SUB_SOBERANO_BADLAR,2024-09-09,2026-03-09,33,0.07,0.0,67.0,33.0
BAS26,SUB_SOBERANO_BADLAR,2024-09-09,2026-06-09,33,0.07,0.0,34.0,33.0
BAS26,SUB_SOBERANO_BADLAR,2024-09-09,2026-09-09,34,0.07,0.0,0.0,34.0
BB2O5,SUB_SOBERANO_FIXED_RATE,2025-07-24,2025-10-23,100,0.033,10.111062633116983,0.0,110.1110626331
BB37D,SUB_SOBERANO,2021-06-30,2021-09-01,0.0,0.025,0.4236111111,100.0,0.4236111111
BB37D,SUB_SOBERANO,2021-06-30,2022-03-02,0.0,0.035,1.75,100.0,1.75
BB37D,SUB_SOBERANO,2021-06-30,2022-09-01,0.0,0.035,1.75,100.0,1.75
BB37D,SUB_SOBERANO,2021-06-30,2023-03-01,0.0,0.045,2.25,100.0,2.25
BB37D,SUB_SOBERANO,2021-06-30,2023-09-01,0.0,0.045,2.25,100.0,2.25
BB37D,SUB_SOBERANO,2021-06-30,2024-03-01,0.0,0.055,2.75,100.0,2.75
BB37D,SUB_SOBERANO,2021-06-30,2024-09-02,0.0,0.055,2.75,100.0,2.75
BB37D,SUB_SOBERANO,2021-06-30,2025-03-05,0.0,0.05875,2.9375,100.0,2.9375
BB37D,SUB_SOBERANO,2021-06-30,2025-09-01,0.0,0.05875,2.9375,100.0,2.9375
BB37D,SUB_SOBERANO,2021-06-30,2026-03-02,0.0,0.05875,2.9375,100.0,2.9375
BB37D,SUB_SOBERANO,2021-06-30,2026-09-01,0.0,0.05875,2.9375,100.0,2.9375
BB37D,SUB_SOBERANO,2021-06-30,2027-03-01,0.0,0.05875,2.9375,100.0,2.9375
BB37D,SUB_SOBERANO,2021-06-30,2027-09-01,0.0,0.05875,2.9375,100.0,2.9375
BB37D,SUB_SOBERANO,2021-06-30,2028-03-01,0.0,0.05875,2.9375,100.0,2.9375
BB37D,SUB_SOBERANO,2021-06-30,2028-09-01,0.75,0.05875,2.9375,99.25,3.6875
BB37D,SUB_SOBERANO,2021-06-30,2029-03-01,0.75,0.05875,2.9155,98.5,3.6655
BB37D,SUB_SOBERANO,2021-06-30,2029-09-03,0.75,0.05875,2.8934,97.75,3.6434
BB37D,SUB_SOBERANO,2021-06-30,2030-03-01,6.15,0.05875,2.8714,91.6,9.0214
BB37D,SUB_SOBERANO,2021-06-30,2030-09-02,6.15,0.05875,2.6908,85.45,8.8408
BB37D,SUB_SOBERANO,2021-06-30,2031-03-03,6.35,0.05875,2.5101,79.1,8.8601
BB37D,SUB_SOBERANO,2021-06-30,2031-09-01,6.35,0.05875,2.3236,72.75,8.6736
BB37D,SUB_SOBERANO,2021-06-30,2032-03-01,6.35,0.05875,2.137,66.4,8.487
BB37D,SUB_SOBERANO,2021-06-30,2032-09-01,6.35,0.05875,1.9505,60.05,8.3005
BB37D,SUB_SOBERANO,2021-06-30,2033-03-01,6.35,0.05875,1.764,53.7,8.114
BB37D,SUB_SOBERANO,2021-06-30,2033-09-01,6.35,0.05875,1.5774,47.35,7.9274
BB37D,SUB_SOBERANO,2021-06-30,2034-03-01,5.9,0.05875,1.3909,41.45,7.2909
BB37D,SUB_SOBERANO,2021-06-30,2034-09-01,5.9,0.05875,1.2176,35.55,7.1176
BB37D,SUB_SOBERANO,2021-06-30,2035-03-01,5.9,0.05875,1.0443,29.65,6.9443
BB37D,SUB_SOBERANO,2021-06-30,2035-09-03,5.9,0.05875,0.871,23.75,6.771
BB37D,SUB_SOBERANO,2021-06-30,2036-03-03,5.9,0.05875,0.6977,17.85,6.5977
BB37D,SUB_SOBERANO,2021-06-30,2036-09-01,5.9,0.05875,0.5243,11.95,6.4243
BB37D,SUB_SOBERANO,2021-06-30,2037-03-02,5.98,0.05875,0.351,5.97,6.331
BB37D,SUB_SOBERANO,2021-06-30,2037-09-01,5.97,0.05875,0.1754,0.0,6.1454
BBS25,SUB_SOBERANO_FIXED_RATE,2025-03-20,2025-09-18,100,0.028,17.803758567077033,0.0,117.8037585671
BC37D,SUB_SOBERANO,2021-06-30,2021-09-01,0.0,0.02,0.3388888888888889,100.0,0.338889
BC37D,SUB_SOBERANO,2021-06-30,2022-03-02,0.0,0.03,1.5,100.0,1.5
BC37D,SUB_SOBERANO,2021-06-30,2022-09-01,0.0,0.03,1.5,100.0,1.5
BC37D,SUB_SOBERANO,2021-06-30,2023-03-01,0.0,0.04,2.0,100.0,2.0
BC37D,SUB_SOBERANO,2021-06-30,2023-09-01,0.0,0.04,2.0,100.0,2.0
BC37D,SUB_SOBERANO,2021-06-30,2024-03-01,0.0,0.05,2.5,100.0,2.5
BC37D,SUB_SOBERANO,2021-06-30,2024-09-02,0.0,0.05,2.5,100.0,2.5
BC37D,SUB_SOBERANO,2021-06-30,2025-03-05,0.0,0.0525,2.625,100.0,2.625
BC37D,SUB_SOBERANO,2021-06-30,2025-09-01,0.0,0.0525,2.625,100.0,2.625
BC37D,SUB_SOBERANO,2021-06-30,2026-03-02,0.0,0.0525,2.625,100.0,2.625
BC37D,SUB_SOBERANO,2021-06-30,2026-09-01,0.0,0.0525,2.625,100.0,2.625
BC37D,SUB_SOBERANO,2021-06-30,2027-03-01,0.0,0.0525,2.625,100.0,2.625
BC37D,SUB_SOBERANO,2021-06-30,2027-09-01,0.0,0.0525,2.625,100.0,2.625
BC37D,SUB_SOBERANO,2021-06-30,2028-03-01,0.0,0.0525,2.625,100.0,2.625
BC37D,SUB_SOBERANO,2021-06-30,2028-09-01,0.75,0.0525,2.625,99.25,3.375
BC37D,SUB_SOBERANO,2021-06-30,2029-03-01,0.75,0.0525,2.6053125,98.5,3.355312
BC37D,SUB_SOBERANO,2021-06-30,2029-09-03,0.75,0.0525,2.585625,97.75,3.335625
BC37D,SUB_SOBERANO,2021-06-30,2030-03-01,6.15,0.0525,2.5659375,91.6,8.715938
BC37D,SUB_SOBERANO,2021-06-30,2030-09-02,6.15,0.0525,2.4045,85.45,8.5545
BC37D,SUB_SOBERANO,2021-06-30,2031-03-03,6.35,0.0525,2.2430624999999997,79.10000000000001,8.593062
BC37D,SUB_SOBERANO,2021-06-30,2031-09-01,6.35,0.0525,2.076375,72.75,8.426375
BC37D,SUB_SOBERANO,2021-06-30,2032-03-01,6.35,0.0525,1.9096875,66.4,8.259688
BC37D,SUB_SOBERANO,2021-06-30,2032-09-01,6.35,0.0525,1.743,60.05,8.093
BC37D,SUB_SOBERANO,2021-06-30,2033-03-01,6.35,0.0525,1.5763125,53.7,7.926312
BC37D,SUB_SOBERANO,2021-06-30,2033-09-01,6.35,0.0525,1.409625,47.349999999999994,7.759625
BC37D,SUB_SOBERANO,2021-06-30,2034-03-01,5.8999999999999995,0.0525,1.2429375,41.45,7.142937
BC37D,SUB_SOBERANO,2021-06-30,2034-09-01,5.8999999999999995,0.0525,1.0880625,35.55,6.988062
BC37D,SUB_SOBERANO,2021-06-30,2035-03-01,5.8999999999999995,0.0525,0.9331875,29.65,6.833187
BC37D,SUB_SOBERANO,2021-06-30,2035-09-03,5.8999999999999995,0.0525,0.7783125,23.75,6.678312
BC37D,SUB_SOBERANO,2021-06-30,2036-03-03,5.8999999999999995,0.0525,0.6234375,17.849999999999998,6.523437
BC37D,SUB_SOBERANO,2021-06-30,2036-09-01,5.8999999999999995,0.0525,0.4685625,11.95,6.368562
BC37D,SUB_SOBERANO,2021-06-30,2037-03-02,5.9799999999999995,0.0525,0.3136875,5.970000000000001,6.293688
BC37D,SUB_SOBERANO,2021-06-30,2037-09-01,5.970000000000001,0.0525,0.1567125,0.0,6.126713
BCCKO,ON,2025-08-29,2026-03-02,0,0.065,3.2767,100.0,3.258904
BCCKO,ON,2025-08-29,2026-08-31,100,0.065,3.2589,100.0,103.2389
BDC28,SUB_SOBERANO_BADLAR,2017-11-22,2018-02-22,0,0.0375,0.0375,100.0,0.0
BDC28,SUB_SOBERANO_BADLAR,2017-11-22,2018-05-22,0,0.0375,0.0375,100.0,0.0
BDC28,SUB_SOBERANO_BADLAR,2017-11-22,2018-08-22,0,0.0375,0.0375,100.0,0.0
BDC28,SUB_SOBERANO_BADLAR,2017-11-22,2018-11-22,0,0.0375,0.0375,100.0,0.0
BDC28,SUB_SOBERANO_BADLAR,2017-11-22,2019-02-22,0,0.0375,0.0375,100.0,0.0
BDC28,SUB_SOBERANO_BADLAR,2017-11-22,2019-05-22,0,0.0375,0.0375,100.0,0.0
BDC28,SUB_SOBERANO_BADLAR,2017-11-22,2019-08-22,0,0.0375,0.0375,100.0,0.0
BDC28,SUB_SOBERANO_BADLAR,2017-11-22,2019-11-22,0,0.0375,0.0375,100.0,0.0
BDC28,SUB_SOBERANO_BADLAR,2017-11-22,2020-02-26,0,0.0375,0.0375,100.0,0.0
BDC28,SUB_SOBERANO_BADLAR,2017-11-22,2020-05-22,0,0.0375,0.0375,100.0,0.0
BDC28,SUB_SOBERANO_BADLAR,2017-11-22,2020-08-24,0,0.0375,0.0375,100.0,0.0
BDC28,SUB_SOBERANO_BADLAR,2017-11-22,2020-11-24,0,0.0375,0.0375,100.0,0.0
BDC28,SUB_SOBERANO_BADLAR,2017-11-22,2021-02-22,0,0.0375,0.0375,100.0,0.0
BDC28,SUB_SOBERANO_BADLAR,2017-11-22,2021-05-26,0,0.0375,0.0375,100.0,0.0
BDC28,SUB_SOBERANO_BADLAR,2017-11-22,2021-08-23,0,0.0375,0.0375,100.0,0.0
BDC28,SUB_SOBERANO_BADLAR,2017-11-22,2021-11-23,0,0.0375,0.0375,100.0,0.0
BDC28,SUB_SOBERANO_BADLAR,2017-11-22,2022-02-22,0,0.0375,0.0375,100.0,0.0
BDC28,SUB_SOBERANO_BADLAR,2017-11-22,2022-05-23,0,0.0375,0.0375,100.0,0.0
BDC28,SUB_SOBERANO_BADLAR,2017-11-22,2022-08-22,0,0.0375,0.0375,100.0,0.0
BDC28,SUB_SOBERANO_BADLAR,2017-11-22,2022-11-22,0,0.0375,0.0375,100.0,0.0
BDC28,SUB_SOBERANO_BADLAR,2017-11-22,2023-02-22,0,0.0375,0.0375,100.0,0.0
BDC28,SUB_SOBERANO_BADLAR,2017-11-22,2023-05-22,0,0.0375,0.0375,100.0,0.0
BDC28,SUB_SOBERANO_BADLAR,2017-11-22,2023-08-22,0,0.0375,0.0375,100.0,0.0
BDC28,SUB_SOBERANO_BADLAR,2017-11-22,2023-11-22,0,0.0375,0.0375,100.0,0.0
BDC28,SUB_SOBERANO_BADLAR,2017-11-22,2024-02-22,0,0.0375,0.0375,100.0,0.0
BDC28,SUB_SOBERANO_BADLAR,2017-11-22,2024-05-22,0,0.0375,0.0375,100.0,0.0
BDC28,SUB_SOBERANO_BADLAR,2017-11-22,2024-08-22,0,0.0375,0.0375,100.0,0.0
BDC28,SUB_SOBERANO_BADLAR,2017-11-22,2024-11-22,0,0.0375,0.0375,100.0,0.0
BDC28,SUB_SOBERANO_BADLAR,2017-11-22,2025-02-24,0,0.0375,0.0375,100.0,0.0
BDC28,SUB_SOBERANO_BADLAR,2017-11-22,2025-05-22,0,0.0375,0.0375,100.0,0.0
BDC28,SUB_SOBERANO_BADLAR,2017-11-22,2025-08-22,0,0.0375,0.0375,100.0,0.0
BDC28,SUB_SOBERANO_BADLAR,2017-11-22,2025-11-25,0,0.0375,0.0375,100.0,0.0
BDC28,SUB_SOBERANO_BADLAR,2017-11-22,2026-02-23,0,0.0375,0.0375,100.0,0.0
BDC28,SUB_SOBERANO_BADLAR,2017-11-22,2026-05-22,0,0.0375,0.0375,100.0,0.0
BDC28,SUB_SOBERANO_BADLAR,2017-11-22,2026-08-24,0,0.0375,0.0375,100.0,0.0
BDC28,SUB_SOBERANO_BADLAR,2017-11-22,2026-11-23,0,0.0375,0.0375,100.0,0.0
BDC28,SUB_SOBERANO_BADLAR,2017-11-22,2027-02-22,0,0.0375,0.0375,100.0,0.0
BDC28,SUB_SOBERANO_BADLAR,2017-11-22,2027-05-24,0,0.0375,0.0375,100.0,0.0
BDC28,SUB_SOBERANO_BADLAR,2017-11-22,2027-08-23,0,0.0375,0.0375,100.0,0.0
BDC28,SUB_SOBERANO_BADLAR,2017-11-22,2027-11-22,0,0.0375,0.0375,100.0,0.0
BDC28,SUB_SOBERANO_BADLAR,2017-11-22,2028-02-22,100,0.0375,0.0375,0.0,100.0
BDC33,SUB_SOBERANO,2025-11-26,2026-05-26,0,0.078,3.9,100.0,3.9
BDC33,SUB_SOBERANO,2025-11-26,2026-11-26,0,0.078,3.9,100.0,3.9
BDC33,SUB_SOBERANO,2025-11-26,2027-05-26,0,0.078,3.9,100.0,3.9
BDC33,SUB_SOBERANO,2025-11-26,2027-11-26,0,0.078,3.9,100.0,3.9
BDC33,SUB_SOBERANO,2025-11-26,2028-05-26,0,0.078,3.9,100.0,3.9
BDC33,SUB_SOBERANO,2025-11-26,2028-11-26,0,0.078,3.9,100.0,3.9
BDC33,SUB_SOBERANO,2025-11-26,2029-05-26,0,0.078,3.9,100.0,3.9
BDC33,SUB_SOBERANO,2025-11-26,2029-11-26,0,0.078,3.9,100.0,3.9
BDC33,SUB_SOBERANO,2025-11-26,2030-05-26,0,0.078,3.9,100.0,3.9
BDC33,SUB_SOBERANO,2025-11-26,2030-11-26,0,0.078,3.9,100.0,3.9
BDC33,SUB_SOBERANO,2025-11-26,2031-05-26,0,0.078,3.9,100.0,3.9
BDC33,SUB_SOBERANO,2025-11-26,2031-11-26,33.33,0.078,3.9,100.0,37.23
BDC33,SUB_SOBERANO,2025-11-26,2032-05-26,0,0.078,2.60013,100.0,2.60013
BDC33,SUB_SOBERANO,2025-11-26,2032-11-26,33.33,0.078,2.60013,100.0,35.93013
BDC33,SUB_SOBERANO,2025-11-26,2033-05-26,0,0.078,1.30026,100.0,1.30026
BDC33,SUB_SOBERANO,2025-11-26,2033-11-28,33.34,0.078,1.30026,100.0,34.64026
BDC36,SUB_SOBERANO,2026-05-13,2026-11-13,0,0.0705,3.525,100.0,3.525
BDC36,SUB_SOBERANO,2026-05-13,2027-05-13,0,0.0705,3.525,100.0,3.525
BDC36,SUB_SOBERANO,2026-05-13,2027-11-15,0,0.0705,3.525,100.0,3.525
BDC36,SUB_SOBERANO,2026-05-13,2028-05-15,0,0.0705,3.525,100.0,3.525
BDC36,SUB_SOBERANO,2026-05-13,2028-11-13,0,0.0705,3.525,100.0,3.525
BDC36,SUB_SOBERANO,2026-05-13,2029-05-14,0,0.0705,3.525,100.0,3.525
BDC36,SUB_SOBERANO,2026-05-13,2029-11-13,0,0.0705,3.525,100.0,3.525
BDC36,SUB_SOBERANO,2026-05-13,2030-05-13,0,0.0705,3.525,100.0,3.525
BDC36,SUB_SOBERANO,2026-05-13,2030-11-13,0,0.0705,3.525,100.0,3.525
BDC36,SUB_SOBERANO,2026-05-13,2031-05-13,0,0.0705,3.525,100.0,3.525
BDC36,SUB_SOBERANO,2026-05-13,2031-11-13,0,0.0705,3.525,100.0,3.525
BDC36,SUB_SOBERANO,2026-05-13,2032-05-13,0,0.0705,3.525,100.0,3.525
BDC36,SUB_SOBERANO,2026-05-13,2032-11-15,0,0.0705,3.525,100.0,3.525
BDC36,SUB_SOBERANO,2026-05-13,2033-05-13,0,0.0705,3.525,100.0,3.525
BDC36,SUB_SOBERANO,2026-05-13,2033-11-14,0,0.0705,3.525,100.0,3.525
BDC36,SUB_SOBERANO,2026-05-13,2034-05-15,33.33,0.0705,3.525,66.67,36.855
BDC36,SUB_SOBERANO,2026-05-13,2034-11-13,0,0.0705,2.350117,66.67,2.350117
BDC36,SUB_SOBERANO,2026-05-13,2035-05-14,33.33,0.0705,2.350117,33.34,35.680117
BDC36,SUB_SOBERANO,2026-05-13,2035-11-13,0,0.0705,1.175235,33.34,1.175235
BDC36,SUB_SOBERANO,2026-05-13,2036-05-13,33.34,0.0705,1.175235,0.0,34.515235
BDCJO,ON_BADLAR,2024-11-22,2025-02-24,0,0.0598,0.0598,100.0,0.0
BDCJO,ON_BADLAR,2024-11-22,2025-05-22,0,0.0598,0.0598,100.0,0.0
BDCJO,ON_BADLAR,2024-11-22,2025-08-22,0,0.0598,0.0598,100.0,0.0
BDCJO,ON_BADLAR,2024-11-22,2025-11-25,100,0.0598,0.0598,0.0,100.0
BDCKO,ON_TAMAR,2025-11-14,2026-02-18,0,0.045,0.0,100.0,0.0
BDCKO,ON_TAMAR,2025-11-14,2026-05-14,0,0.045,0.0,100.0,0.0
BDCKO,ON_TAMAR,2025-11-14,2026-08-14,0,0.045,0.0,100.0,0.0
BDCKO,ON_TAMAR,2025-11-14,2026-11-16,100,0.045,0.0,0.0,100.0
BF34O,ON_TAMAR,2025-02-27,2025-05-27,0,0.0275,0.0,100.0,0.0
BF34O,ON_TAMAR,2025-02-27,2025-08-27,0,0.0275,0.0,100.0,0.0
BF34O,ON_TAMAR,2025-02-27,2025-11-27,0,0.0275,0.0,100.0,0.0
BF34O,ON_TAMAR,2025-02-27,2026-02-27,100,0.0275,0.0,0.0,100.0
BF35O,ON,2025-06-03,2025-12-03,0,0.0575,2.8828767123287675,100.0,2.8828767123287675
BF35O,ON,2025-06-03,2026-06-03,100,0.0575,2.867123287671233,0.0,102.86712328767123
BF36O,ON_TAMAR,2025-04-29,2025-09-10,0,0.032,0.032,100.0,0.0
BF36O,ON_TAMAR,2025-04-29,2025-12-10,0,0.032,0.032,100.0,0.0
BF36O,ON_TAMAR,2025-04-29,2026-03-10,0,0.032,0.032,100.0,0.0
BF36O,ON_TAMAR,2025-04-29,2026-06-10,100,0.032,0.032,0.0,100.0
BF37O,ON,2025-08-22,2026-02-23,0,0.06,3.0247,100.0,3.0247
BF37O,ON,2025-08-22,2026-08-24,100,0.06,3.0082,0.0,103.0082
BF38O,ON_TAMAR,2025-11-20,2026-02-20,0,0.035,0.035,100.0,0.0
BF38O,ON_TAMAR,2025-11-20,2026-05-20,0,0.035,0.035,100.0,0.0
BF38O,ON_TAMAR,2025-11-20,2026-08-20,0,0.035,0.035,100.0,0.0
BF38O,ON_TAMAR,2025-11-20,2026-11-23,100,0.035,0.035,0.0,100.0
BF39O,ON,2025-12-05,2026-06-05,0,0.0575,2.867123,100.0,2.867123
BF39O,ON,2025-12-05,2026-12-09,100,0.0575,2.94589,0.0,102.94589
BF40O,ON,2026-02-27,2026-08-27,0,0.05,2.479452,100.0,2.479452
BF40O,ON,2026-02-27,2027-03-01,0,0.05,2.520548,100.0,2.520548
BF40O,ON,2026-02-27,2027-08-27,100,0.05,2.479452,0.0,102.479452
BF41O,ON_BADLAR,2026-03-04,2026-06-04,0,0.035,0.0,100.0,0.0
BF41O,ON_BADLAR,2026-03-04,2026-09-04,0,0.035,0.0,100.0,0.0
BF41O,ON_BADLAR,2026-03-04,2026-12-04,0,0.035,0.0,100.0,0.0
BF41O,ON_BADLAR,2026-03-04,2027-03-04,100,0.035,0.0,0.0,100.0
BF44O,ON,2026-05-08,2026-11-09,0,0.05,2.520548,100.0,2.520548
BF44O,ON,2026-05-08,2027-05-10,0,0.05,2.479452,100.0,2.479452
BF44O,ON,2026-05-08,2027-11-08,0,0.05,2.520548,100.0,2.520548
BF44O,ON,2026-05-08,2028-05-08,100,0.05,2.493151,0.0,102.493151
BF45O,ON,2026-05-08,2026-11-09,0,0.0325,1.638356,100.0,1.638356
BF45O,ON,2026-05-08,2027-05-10,100,0.0325,1.611644,0.0,101.611644
BF46O,ON_TAMAR,2026-05-21,2026-08-21,0,0.0325,0.0,100.0,0.0
BF46O,ON_TAMAR,2026-05-21,2026-11-24,0,0.0325,0.0,100.0,0.0
BF46O,ON_TAMAR,2026-05-21,2027-02-22,0,0.0325,0.0,100.0,0.0
BF46O,ON_TAMAR,2026-05-21,2027-05-21,100,0.0325,0.0,0.0,100.0
BF47O,ON_TAMAR,2026-06-10,2026-09-10,0,0.0325,0.0,100.0,0.0
BF47O,ON_TAMAR,2026-06-10,2026-12-10,0,0.0325,0.0,100.0,0.0
BF47O,ON_TAMAR,2026-06-10,2027-03-10,0,0.0325,0.0,100.0,0.0
BF47O,ON_TAMAR,2026-06-10,2027-06-10,100,0.0325,0.0,0.0,100.0
BF48O,ON,2026-07-24,2027-01-25,0,0.0375,1.890411,100.0,1.890411
BF48O,ON,2026-07-24,2027-07-26,0,0.0375,1.859589,100.0,1.859589
BF48O,ON,2026-07-24,2028-01-24,100,0.0375,1.890411,0.0,101.890411
BF49O,ON,2026-07-24,2027-01-25,0,0.0325,1.638356,100.0,1.638356
BF49O,ON,2026-07-24,2027-07-26,100,0.0325,1.611644,0.0,101.611644
BF50O,ON,2026-07-24,2027-01-25,0,0.05,2.520548,100.0,2.520548
BF50O,ON,2026-07-24,2027-07-26,0,0.05,2.479452,100.0,2.479452
BF50O,ON,2026-07-24,2028-01-24,0,0.05,2.520548,100.0,2.520548
BF50O,ON,2026-07-24,2028-07-24,100,0.05,2.493151,0.0,102.493151
BGC4O,ON,2025-11-13,2026-05-13,0,0.0625,3.099315,100.0,3.099315
BGC4O,ON,2025-11-13,2026-11-13,100,0.0625,3.150685,0.0,103.150685
BGD26,SUB_SOBERANO_TAMAR,2025-12-03,2026-03-03,0,0.055,0.0,100.0,0.0
BGD26,SUB_SOBERANO_TAMAR,2025-12-03,2026-06-03,0,0.055,0.0,100.0,0.0
BGD26,SUB_SOBERANO_TAMAR,2025-12-03,2026-09-03,0,0.055,0.0,100.0,0.0
BGD26,SUB_SOBERANO_TAMAR,2025-12-03,2026-12-03,100,0.055,0.0,0.0,100.0
BL2S5,SUB_SOBERANO_FIXED_RATE,2025-06-13,2025-09-12,100,0.35,0.08726,0.0,108.7260274
BLE26,SUB_SOBERANO_TAMAR,2025-07-18,2026-01-16,100,0.049,0.049,0.0,100.0
BLL26,SUB_SOBERANO_TAMAR,2025-07-14,2025-10-14,0,0.055,0.055,100.0,0.0
BLL26,SUB_SOBERANO_TAMAR,2025-07-14,2026-01-14,0,0.055,0.055,100.0,0.0
BLL26,SUB_SOBERANO_TAMAR,2025-07-14,2026-04-14,0,0.055,0.055,100.0,0.0
BLL26,SUB_SOBERANO_TAMAR,2025-07-14,2026-07-14,100,0.055,0.055,0.0,100.0
BLO25,SUB_SOBERANO_FIXED_RATE,2025-07-18,2025-10-17,100,0.0038,9.473973,0.0,109.473973
BNA26,SUB_SOBERANO,2023-10-19,2024-07-19,0.0,0.0945,7.07459,100.0,7.07459
BNA26,SUB_SOBERANO,2023-10-19,2024-10-21,0.0,0.0945,2.37541,100.0,2.37541
BNA26,SUB_SOBERANO,2023-10-19,2025-01-20,0.0,0.0945,2.38192,100.0,2.38192
BNA26,SUB_SOBERANO,2023-10-19,2025-04-21,0.0,0.0945,2.33014,100.0,2.33014
BNA26,SUB_SOBERANO,2023-10-19,2025-07-21,25,0.0945,2.35603,75.0,27.35603
BNA26,SUB_SOBERANO,2023-10-19,2025-10-20,25,0.0945,1.78644,50.0,26.78644
BNA26,SUB_SOBERANO,2023-10-19,2026-01-19,25,0.0945,1.19096,25.0,26.19096
BNA26,SUB_SOBERANO,2023-10-19,2026-04-20,25,0.0945,0.58901,0.0,25.58901
BNCTO,ON_TAMAR,2025-01-22,2025-04-22,0,0.0275,0.0275,100.0,0.0
BNCTO,ON_TAMAR,2025-01-22,2025-07-22,0,0.0275,0.0275,100.0,0.0
BNCTO,ON_TAMAR,2025-01-22,2025-10-22,0,0.0275,0.0275,100.0,0.0
BNCTO,ON_TAMAR,2025-01-22,2026-01-22,100,0.0275,0.0275,0.0,100.0
BNCUO,ON_TAMAR,2025-02-21,2025-05-21,0,0.0275,0.0,100.0,0.0
BNCUO,ON_TAMAR,2025-02-21,2025-08-21,0,0.0275,0.0,100.0,0.0
BNCUO,ON_TAMAR,2025-02-21,2025-11-25,0,0.0275,0.0,100.0,0.0
BNCUO,ON_TAMAR,2025-02-21,2026-02-23,100,0.0275,0.0,0.0,100.0
BNCVO,ON_FIXED_RATE,2025-05-23,2025-11-25,100,0.0265,17.195513,0.0,117.222013
BNCWO,ON_TAMAR,2025-05-23,2025-08-25,0,0.0325,0.0,100.0,0.0
BNCWO,ON_TAMAR,2025-05-23,2025-11-25,0,0.0325,0.0,100.0,0.0
BNCWO,ON_TAMAR,2025-05-23,2026-02-23,0,0.0325,0.0,100.0,0.0
BNCWO,ON_TAMAR,2025-05-23,2026-05-26,100,0.0325,0.0,0.0,100.0
BNCXO,ON_TAMAR,2026-04-28,2026-07-28,0,0.0325,0.0,100.0,0.0
BNCXO,ON_TAMAR,2026-04-28,2026-10-28,0,0.0325,0.0,100.0,0.0
BNCXO,ON_TAMAR,2026-04-28,2027-01-28,0,0.0325,0.0,100.0,0.0
BNCXO,ON_TAMAR,2026-04-28,2027-04-28,100,0.0325,0.0,0.0,100.0
BNCYO,ON_TAMAR,2026-06-23,2026-09-23,0,0.0325,0.0,100.0,0.0
BNCYO,ON_TAMAR,2026-06-23,2026-12-23,0,0.0325,0.0,100.0,0.0
BNCYO,ON_TAMAR,2026-06-23,2027-03-23,0,0.0325,0.0,100.0,0.0
BNCYO,ON_TAMAR,2026-06-23,2027-06-23,100,0.0325,0.0,0.0,100.0
BNO25,SUB_SOBERANO_DOLLAR_LINKED,2023-10-19,2025-10-20,100,0.0,0.0,0.0,100.0
BOL1O,ON,2023-09-07,2024-03-07,0.0,0.1,4.986301369863014,100.0,4.986301369863014
BOL1O,ON,2023-09-07,2024-09-09,0.0,0.1,5.0410958904109595,100.0,5.0410958904109595
BOL1O,ON,2023-09-07,2025-03-07,0.0,0.1,4.958904109589041,100.0,4.958904109589041
BOL1O,ON,2023-09-07,2025-09-08,0.0,0.1,5.0410958904109595,100.0,5.0410958904109595
BOL1O,ON,2023-09-07,2026-03-09,100.0,0.1,4.958904109589041,0.0,104.95890410958904
BPCJO,ON,2025-01-14,2025-07-14,100,0.0418,0.020728,0.0,102.072822
BPCKO,ON,2025-02-07,2025-08-07,100,0.0415,2.057945,0.0,102.057945
BPCLO,ON_TAMAR,2025-02-07,2025-05-07,0,0.0275,0.0,100.0,0.0
BPCLO,ON_TAMAR,2025-02-07,2025-08-07,0,0.0275,0.0,100.0,0.0
BPCLO,ON_TAMAR,2025-02-07,2025-11-07,0,0.0275,0.0,100.0,0.0
BPCLO,ON_TAMAR,2025-02-07,2026-02-09,100,0.0275,0.0,0.0,100.0
BPCMO,ON_TAMAR,2025-03-07,2025-06-09,0,0.0275,0.0,100.0,0.0
BPCMO,ON_TAMAR,2025-03-07,2025-09-08,0,0.0275,0.0,100.0,0.0
BPCMO,ON_TAMAR,2025-03-07,2025-12-09,0,0.0275,0.0,100.0,0.0
BPCMO,ON_TAMAR,2025-03-07,2026-03-09,100,0.0275,0.0,0.0,100.0
BPCNO,ON_TAMAR,2025-05-12,2025-08-12,0.0,0.035,0.035,100.0,0.0
BPCNO,ON_TAMAR,2025-05-12,2025-11-12,100.0,0.035,0.035,0.0,100.0
BPCPO,ON,2025-05-26,2025-11-26,100,0.045,2.2685,0.0,102.2685
BPCQO,ON,2025-06-12,2025-12-12,0.0,0.06,3.008219178082192,100.0,3.008219178082192
BPCQO,ON,2025-06-12,2026-06-12,100.0,0.06,2.9917808219178084,0.0,102.9917808219178
BPCRO,ON_TAMAR,2025-06-12,2025-09-12,0.0,0.3691,0.3691,100.0,0.0
BPCRO,ON_TAMAR,2025-06-12,2025-12-12,0.0,0.3691,0.3691,100.0,0.0
BPCRO,ON_TAMAR,2025-06-12,2026-03-12,0.0,0.3691,0.3691,100.0,0.0
BPCRO,ON_TAMAR,2025-06-12,2026-06-12,100.0,0.3691,0.3691,0.0,100.0
BPCSO,ON,2025-08-26,2026-02-26,0,0.0675,3.4027397260273977,100.0,3.4027397260273977
BPCSO,ON,2025-08-26,2026-08-26,100,0.0675,3.3472602739726027,0.0,103.3472602739726
BPCTO,ON,2025-08-26,2026-02-26,0,0.08,4.032876712328767,100.0,4.032876712328767
BPCTO,ON,2025-08-26,2026-08-26,0,0.08,3.967123287671233,100.0,3.967123287671233
BPCTO,ON,2025-08-26,2027-02-26,0,0.08,4.032876712328767,100.0,4.032876712328767
BPCTO,ON,2025-08-26,2027-08-26,100,0.08,3.967123287671233,0.0,103.96712328767124
BPCUO,ON,2025-12-04,2026-06-04,0,0.0625,3.116438356164384,100.0,3.116438356164384
BPCUO,ON,2025-12-04,2026-12-04,100,0.0625,3.1335616438356166,0.0,103.13356164383562
BPCVO,ON,2026-05-05,2026-11-05,0,0.0325,1.638356,100.0,1.638356
BPCVO,ON,2026-05-05,2027-05-05,100,0.0325,1.611644,0.0,101.611644
BPJ25,BOPREAL,2024-02-16,2024-07-31,8.3300,0.0,0.0,91.67,8.33
BPJ25,BOPREAL,2024-02-16,2024-09-02,8.3300,0.0,0.0,83.34,8.33
BPJ25,BOPREAL,2024-02-16,2024-09-30,8.3300,0.0,0.0,75.01,8.33
BPJ25,BOPREAL,2024-02-16,2024-10-31,8.3300,0.0,0.0,66.68,8.33
BPJ25,BOPREAL,2024-02-16,2024-12-02,8.3300,0.0,0.0,58.35,8.33
BPJ25,BOPREAL,2024-02-16,2024-12-31,8.3300,0.0,0.0,50.02,8.33
BPJ25,BOPREAL,2024-02-16,2025-01-31,8.3300,0.0,0.0,41.69,8.33
BPJ25,BOPREAL,2024-02-16,2025-02-28,8.3300,0.0,0.0,33.36,8.33
BPJ25,BOPREAL,2024-02-16,2025-03-31,8.3300,0.0,0.0,25.03,8.33
BPJ25,BOPREAL,2024-02-16,2025-04-30,8.3300,0.0,0.0,16.7,8.33
BPJ25,BOPREAL,2024-02-16,2025-05-30,8.3300,0.0,0.0,8.37,8.33
BPJ25,BOPREAL,2024-02-16,2025-06-30,8.3700,0.0,0.0,0.0,8.37
BPO28,BOPREAL,2025-06-24,2025-10-31,0,0.03,1.058333,100.0,1.058333
BPO28,BOPREAL,2025-06-24,2026-04-30,0,0.03,1.5,100.0,1.5
BPO28,BOPREAL,2025-06-24,2026-11-02,0,0.03,1.5,100.0,1.5
BPO28,BOPREAL,2025-06-24,2027-04-30,0,0.03,1.5,100.0,1.5
BPO28,BOPREAL,2025-06-24,2027-11-01,0,0.03,1.5,100.0,1.5
BPO28,BOPREAL,2025-06-24,2028-05-02,0,0.03,1.5,100.0,1.5
BPO28,BOPREAL,2025-06-24,2028-10-31,100,0.03,1.5,0.0,101.5
BPOA7,BOPREAL,2024-01-05,2024-10-31,0,0.05,4.1111,100.0,4.1111
BPOA7,BOPREAL,2024-01-05,2025-04-30,0,0.05,2.5,100.0,2.5
BPOA7,BOPREAL,2024-01-05,2025-10-31,0,0.05,2.5,100.0,2.5
BPOA7,BOPREAL,2024-01-05,2026-04-30,0,0.05,2.5,100.0,2.5
BPOA7,BOPREAL,2024-01-05,2026-11-02,0,0.05,2.5,100.0,2.5
BPOA7,BOPREAL,2024-01-05,2027-04-30,50,0.05,2.5,50.0,52.5
BPOA7,BOPREAL,2024-01-05,2027-11-01,50,0.05,1.25,0.0,51.25
BPOA8,ON,2025-06-24,2025-10-31,0,0.03,1.05,100.0,1.05
BPOA8,ON,2025-06-24,2026-04-30,0,0.03,1.5,100.0,1.5
BPOA8,ON,2025-06-24,2026-10-30,0,0.03,1.5,100.0,1.5
BPOA8,ON,2025-06-24,2027-04-30,0,0.03,1.5,100.0,1.5
BPOA8,ON,2025-06-24,2027-10-29,0,0.03,1.5,100.0,1.5
BPOA8,ON,2025-06-24,2028-04-28,0,0.03,1.5,100.0,1.5
BPOA8,ON,2025-06-24,2028-10-31,100,0.03,1.5,0.0,101.5
BPOB7,BOPREAL,2024-01-05,2024-10-31,0,0.05,4.1111,100.0,4.1111
BPOB7,BOPREAL,2024-01-05,2025-04-30,0.0000,0.05,2.5,100.0,2.5
BPOB7,BOPREAL,2024-01-05,2025-10-31,0.0000,0.05,2.5,100.0,2.5
BPOB7,BOPREAL,2024-01-05,2026-04-30,0,0.05,2.5,100.0,2.5
BPOB7,BOPREAL,2024-01-05,2026-11-02,0,0.05,2.5,100.0,2.5
BPOB7,BOPREAL,2024-01-05,2027-04-30,50,0.05,2.5,50.0,52.5
BPOB7,BOPREAL,2024-01-05,2027-11-01,50,0.05,1.25,0.0,51.25
BPOB8,BOPREAL,2025-06-24,2025-10-31,0,0.03,1.058333,100.0,1.058333
BPOB8,BOPREAL,2025-06-24,2026-04-30,0,0.03,1.5,100.0,1.5
BPOB8,BOPREAL,2025-06-24,2026-11-02,0,0.03,1.5,100.0,1.5
BPOB8,BOPREAL,2025-06-24,2027-04-30,0,0.03,1.5,100.0,1.5
BPOB8,BOPREAL,2025-06-24,2027-11-01,0,0.03,1.5,100.0,1.5
BPOB8,BOPREAL,2025-06-24,2028-05-02,0,0.03,1.5,100.0,1.5
BPOB8,BOPREAL,2025-06-24,2028-10-31,100,0.03,1.5,0.0,101.5
BPOC7,BOPREAL,2024-01-05,2024-10-31,0.0000,0.05,4.1111,100.0,4.1111
BPOC7,BOPREAL,2024-01-05,2025-04-30,0.0000,0.05,2.5,100.0,2.5
BPOC7,BOPREAL,2024-01-05,2025-10-31,0.0000,0.05,2.5,100.0,2.5
BPOC7,BOPREAL,2024-01-05,2026-04-30,0.0000,0.05,2.5,100.0,2.5
BPOC7,BOPREAL,2024-01-05,2026-11-02,0.0000,0.05,2.5,100.0,2.5
BPOC7,BOPREAL,2024-01-05,2027-04-30,50,0.05,2.5,50.0,52.5
BPOC7,BOPREAL,2024-01-05,2027-11-01,50,0.05,1.25,0.0,51.25
BPOD7,BOPREAL,2024-01-05,2024-10-31,0.0000,0.05,4.111111,100.0,4.111111
BPOD7,BOPREAL,2024-01-05,2025-04-30,0.0000,0.05,2.5,100.0,2.5
BPOD7,BOPREAL,2024-01-05,2025-10-31,0.0000,0.05,2.5,100.0,2.5
BPOD7,BOPREAL,2024-01-05,2026-04-30,0.0000,0.05,2.5,100.0,2.5
BPOD7,BOPREAL,2024-01-05,2026-11-02,0.0000,0.05,2.5,100.0,2.5
BPOD7,BOPREAL,2024-01-05,2027-04-30,50.0000,0.05,2.5,50.0,52.5
BPOD7,BOPREAL,2024-01-05,2027-11-01,50.0000,0.05,1.25,0.0,51.25
BPY26,BOPREAL,2024-03-07,2024-09-02,0.0000,0.03,1.45,100.0,1.45
BPY26,BOPREAL,2024-03-07,2024-12-02,0.0000,0.03,0.75,100.0,0.75
BPY26,BOPREAL,2024-03-07,2025-02-28,0.0000,0.03,0.73333,100.0,0.73333
BPY26,BOPREAL,2024-03-07,2025-06-02,0.0000,0.03,0.775,100.0,0.775
BPY26,BOPREAL,2024-03-07,2025-09-01,0.0000,0.03,0.75,100.0,0.75
BPY26,BOPREAL,2024-03-07,2025-12-01,33.0000,0.03,0.75,67.0,33.75
BPY26,BOPREAL,2024-03-07,2026-03-02,33.0000,0.03,0.4913,34.0,33.4913
BPY26,BOPREAL,2024-03-07,2026-06-01,34.0000,0.03,0.2635,0.0,34.2635
BRA26,SUB_SOBERANO_TAMAR,2025-04-24,2025-07-24,0,0.0745,0.0,100.0,0.0
BRA26,SUB_SOBERANO_TAMAR,2025-04-24,2025-10-24,0,0.0745,0.0,100.0,0.0
BRA26,SUB_SOBERANO_TAMAR,2025-04-24,2026-01-26,0,0.0745,0.0,100.0,0.0
BRA26,SUB_SOBERANO_TAMAR,2025-04-24,2026-04-24,100,0.0745,0.0,0.0,100.0
BRA27,SUB_SOBERANO_TAMAR,2026-04-24,2026-07-24,0,0.0643,0.0,100.0,0.0
BRA27,SUB_SOBERANO_TAMAR,2026-04-24,2026-10-26,0,0.0643,0.0,100.0,0.0
BRA27,SUB_SOBERANO_TAMAR,2026-04-24,2027-01-25,50,0.0643,0.0,50.0,50.0
BRA27,SUB_SOBERANO_TAMAR,2026-04-24,2027-04-26,50,0.0643,0.0,0.0,50.0
BRJ26,ON_TAMAR,2025-06-23,2025-09-23,0,0.07,0.07,100.0,0.0
BRJ26,ON_TAMAR,2025-06-23,2025-12-23,0,0.07,0.07,100.0,0.0
BRJ26,ON_TAMAR,2025-06-23,2026-03-23,50,0.07,0.07,50.0,50.0
BRJ26,ON_TAMAR,2025-06-23,2026-06-23,50,0.07,0.07,0.0,50.0
BSCRO,ON_TAMAR,2025-06-02,2025-09-02,0.0,0.3971,0.3971,100.0,0.0
BSCRO,ON_TAMAR,2025-06-02,2025-12-02,0.0,0.3966,0.3966,100.0,0.0
BSCRO,ON_TAMAR,2025-06-02,2026-03-02,0.0,0.3966,0.3966,100.0,0.0
BSCRO,ON_TAMAR,2025-06-02,2026-06-02,100.0,0.3966,0.3966,0.0,100.0
BU3S6,SUB_SOBERANO_TAMAR,2026-05-20,2026-09-21,100,0.055,0.0,0.0,100.0
BU4J6,SUB_SOBERANO_TAMAR,2025-06-23,2025-09-22,0,0.055,0.055,1.0,0.0
BU4J6,SUB_SOBERANO_TAMAR,2025-06-23,2025-12-22,0,0.055,0.055,1.0,0.0
BU4J6,SUB_SOBERANO_TAMAR,2025-06-23,2026-03-20,0,0.055,0.055,1.0,0.0
BU4J6,SUB_SOBERANO_TAMAR,2025-06-23,2026-06-18,100,0.055,0.055,0.0,100.0
BUC3O,ON_TAMAR,2025-03-10,2025-06-10,0,0.0499,0.0,100.0,0.0
BUC3O,ON_TAMAR,2025-03-10,2025-09-10,0,0.0499,0.0,100.0,0.0
BUC3O,ON_TAMAR,2025-03-10,2025-12-10,0,0.0499,0.0,100.0,0.0
BUC3O,ON_TAMAR,2025-03-10,2026-03-10,100,0.0499,0.0,0.0,100.0
BUG26,ON_TAMAR,2026-03-04,2026-04-06,0,0.055,0.0,100.0,0.0
BUG26,ON_TAMAR,2026-03-04,2026-05-04,0,0.055,0.0,100.0,0.0
BUG26,ON_TAMAR,2026-03-04,2026-06-04,0,0.055,0.0,100.0,0.0
BUG26,ON_TAMAR,2026-03-04,2026-07-06,0,0.055,0.0,100.0,0.0
BUG26,ON_TAMAR,2026-03-04,2026-08-04,0,0.055,0.0,100.0,0.0
BUG26,ON_TAMAR,2026-03-04,2026-08-31,100,0.055,0.0,0.0,100.0
BUN26,SUB_SOBERANO_TAMAR,2026-03-04,2026-04-06,0,0.055,0.0,100.0,0.0
BUN26,SUB_SOBERANO_TAMAR,2026-03-04,2026-05-04,0,0.055,0.0,100.0,0.0
BUN26,SUB_SOBERANO_TAMAR,2026-03-04,2026-06-02,0,0.055,0.0,100.0,0.0
BUN26,SUB_SOBERANO_TAMAR,2026-03-04,2026-07-02,0,0.055,0.0,100.0,0.0
BUN26,SUB_SOBERANO_TAMAR,2026-03-04,2026-08-03,0,0.055,0.0,100.0,0.0
BUN26,SUB_SOBERANO_TAMAR,2026-03-04,2026-08-31,0,0.055,0.0,100.0,0.0
BUN26,SUB_SOBERANO_TAMAR,2026-03-04,2026-09-30,0,0.055,0.0,100.0,0.0
BUN26,SUB_SOBERANO_TAMAR,2026-03-04,2026-10-30,0,0.055,0.0,100.0,0.0
BUN26,SUB_SOBERANO_TAMAR,2026-03-04,2026-11-30,100,0.055,0.0,0.0,100.0
BUS26,SUB_SOBERANO_TAMAR,2025-12-23,2026-03-25,0,0.055,0.0,100.0,0.0
BUS26,SUB_SOBERANO_TAMAR,2025-12-23,2026-06-23,0,0.055,0.0,100.0,0.0
BUS26,SUB_SOBERANO_TAMAR,2025-12-23,2026-09-21,100,0.055,0.0,0.0,100.0
BUY26,SUB_SOBERANO_FIXED_RATE,2026-04-09,2026-05-20,100,0.275,39.378971,0.0,139.378971
BVCNO,ON_TAMAR,2025-07-15,2025-10-15,0,0.04,0.04,100.0,0.0
BVCNO,ON_TAMAR,2025-07-15,2026-01-15,100,0.04,0.04,0.0,100.0
BVCOO,ON,2025-07-15,2025-10-15,0,0.08,2.0164383561643837,1.0,2.0164383561643837
BVCOO,ON,2025-07-15,2026-01-15,0,0.08,2.0164383561643837,1.0,2.0164383561643837
BVCOO,ON,2025-07-15,2026-04-15,0,0.08,1.9726027397260273,1.0,1.9726027397260273
BVCOO,ON,2025-07-15,2026-07-15,100,0.08,1.9945205479452055,100.0,101.9945205479452
BVCPO,ON,2025-10-21,2026-01-21,0,0.08,2.016438,100.0,2.016438
BVCPO,ON,2025-10-21,2026-04-21,0,0.08,1.972603,100.0,1.972603
BVCPO,ON,2025-10-21,2026-07-21,0,0.08,1.994521,100.0,1.994521
BVCPO,ON,2025-10-21,2026-10-21,100,0.08,2.016438,0.0,102.016438
BVCRO,ON,2026-01-15,2026-04-15,0,0.07,1.726027,100.0,1.726027
BVCRO,ON,2026-01-15,2026-07-15,0,0.07,1.745205,100.0,1.745205
BVCRO,ON,2026-01-15,2026-10-15,0,0.07,1.764384,100.0,1.764384
BVCRO,ON,2026-01-15,2027-01-15,100,0.07,1.764384,0.0,101.764384
BVCTO,ON,2026-01-15,2026-04-15,0,0.05,1.232877,100.0,1.232877
BVCTO,ON,2026-01-15,2026-07-15,0,0.05,1.246575,100.0,1.246575
BVCTO,ON,2026-01-15,2026-10-15,0,0.05,1.260274,100.0,1.260274
BVCTO,ON,2026-01-15,2027-01-15,100,0.05,1.260274,0.0,101.260274
BVCUO,ON,2026-05-06,2026-08-06,0,0.045,1.134247,100.0,1.134247
BVCUO,ON,2026-05-06,2026-11-09,0,0.045,1.134247,100.0,1.1712
BVCUO,ON,2026-05-06,2027-02-08,0,0.045,1.134247,100.0,1.1219
BVCUO,ON,2026-05-06,2027-05-06,100,0.045,1.07,0.0,101.07
BVCVO,ON,2026-07-15,2026-10-15,0,0.05,1.260274,100.0,1.260274
BVCVO,ON,2026-07-15,2027-01-15,0,0.05,1.260274,100.0,1.260274
BVCVO,ON,2026-07-15,2027-04-15,0,0.05,1.232877,100.0,1.232877
BVCVO,ON,2026-07-15,2027-07-19,100,0.05,1.30137,0.0,101.30137
BYC2O,ON,2016-07-19,2017-01-19,0,0.08249,4.1245,100.0,4.1245
BYC2O,ON,2016-07-19,2017-07-19,0,0.08249,4.1245,100.0,4.1245
BYC2O,ON,2016-07-19,2018-01-19,0,0.08249,4.1245,100.0,4.1245
BYC2O,ON,2016-07-19,2018-07-19,0,0.08249,4.1245,100.0,4.1245
BYC2O,ON,2016-07-19,2019-01-21,0,0.08249,4.1245,100.0,4.1245
BYC2O,ON,2016-07-19,2019-07-19,0,0.08249,4.1245,100.0,4.1245
BYC2O,ON,2016-07-19,2020-01-20,0,0.08249,4.1245,100.0,4.1245
BYC2O,ON,2016-07-19,2020-07-20,0,0.08249,4.1245,100.0,4.1245
BYC2O,ON,2016-07-19,2021-01-19,0,0.08249,4.1245,100.0,4.1245
BYC2O,ON,2016-07-19,2021-07-19,0,0.08249,4.1245,100.0,4.1245
BYC2O,ON,2016-07-19,2022-01-19,0,0.07969,3.9845,100.0,3.9845
BYC2O,ON,2016-07-19,2022-07-19,0,0.07969,3.9845,100.0,3.9845
BYC2O,ON,2016-07-19,2023-01-19,0,0.07969,3.9845,100.0,3.9845
BYC2O,ON,2016-07-19,2023-07-19,0,0.07969,3.9845,100.0,3.9845
BYC2O,ON,2016-07-19,2024-01-19,0,0.07969,3.9845,100.0,3.9845
BYC2O,ON,2016-07-19,2024-07-19,0,0.07969,3.9845,100.0,3.9845
BYC2O,ON,2016-07-19,2025-01-20,0,0.07969,3.9845,100.0,3.9845
BYC2O,ON,2016-07-19,2025-07-21,0,0.07969,3.9845,100.0,3.9845
BYC2O,ON,2016-07-19,2026-01-19,0,0.07969,3.9845,100.0,3.9845
BYC2O,ON,2016-07-19,2026-07-20,100,0.07969,3.9845,0.0,103.9845
BYCHO,ON,2024-10-10,2025-04-10,0.0,0.0775,3.875,100.0,3.875
BYCHO,ON,2024-10-10,2025-10-10,0.0,0.0775,3.875,100.0,3.875
BYCHO,ON,2024-10-10,2026-04-10,0.0,0.0775,3.875,100.0,3.875
BYCHO,ON,2024-10-10,2026-10-13,0.0,0.0775,3.875,100.0,3.875
BYCHO,ON,2024-10-10,2027-04-12,0.0,0.0775,3.875,100.0,3.875
BYCHO,ON,2024-10-10,2027-10-11,0.0,0.0775,3.875,100.0,3.875
BYCHO,ON,2024-10-10,2028-04-10,0.0,0.0775,3.875,100.0,3.875
BYCHO,ON,2024-10-10,2028-10-10,100.0,0.0775,3.875,100.0,103.875
BYCKO,ON,2024-12-04,2025-03-05,0.0,0.0425,0.010625,100.0,1.0625
BYCKO,ON,2024-12-04,2025-06-04,100.0,0.0425,0.010625,0.0,101.0625
BYCNO,ON,2025-02-10,2025-08-11,100.00,0.0415,2.07,0.0,102.07
BYCOO,ON,2025-03-10,2025-11-28,100.0,0.0475,3.422602739726028,0.0,103.42260273972605
BYCTO,ON,2025-05-27,2025-12-30,100,0.04,2.3781,0.0,102.3781
BYCUO,ON,2025-05-27,2025-11-27,0,0.059,2.974247,100.0,2.974247
BYCUO,ON,2025-05-27,2026-05-29,100,0.059,2.958082,0.0,102.958082
BYCVO,ON,2025-08-14,2026-02-16,0.000000,0.0625,3.150685,100.0,3.150685
BYCVO,ON,2025-08-14,2026-08-31,100.000000,0.0625,3.390411,0.0,103.390411
BYCWO,ON,2025-11-14,2026-05-14,0,0.06,2.9753424657534246,100.0,2.9753424657534246
BYCWO,ON,2025-11-14,2026-11-30,100,0.06,3.287671232876712,0.0,103.28767123287672
BYCXO,ON,2025-12-22,2026-06-22,0,0.055,2.742466,100.0,2.742466
BYCXO,ON,2025-12-22,2026-12-30,100,0.055,2.878082,0.0,102.878082
BYY1O,ON_TAMAR,2026-06-05,2026-09-07,0,0.0325,0.0,100.0,0.0
BYY1O,ON_TAMAR,2026-06-05,2026-12-09,0,0.0325,0.0,100.0,0.0
BYY1O,ON_TAMAR,2026-06-05,2027-03-05,0,0.0325,0.0,100.0,0.0
BYY1O,ON_TAMAR,2026-06-05,2027-06-07,100,0.0325,0.0,0.0,100.0
BYY2O,ON,2026-06-05,2026-12-09,0,0.0475,2.381507,100.0,2.381507
BYY2O,ON,2026-06-05,2027-06-07,0,0.0475,2.368493,100.0,2.368493
BYY2O,ON,2026-06-05,2027-12-06,0,0.0475,2.381507,100.0,2.381507
BYY2O,ON,2026-06-05,2028-06-05,100,0.0475,2.381507,0.0,102.381507
BYY3O,ON,2026-06-05,2027-12-06,100,0.03,4.512329,0.0,104.512329
CAC5O,ON,2023-08-25,2024-02-26,0.0000,0.0925,4.625,100.0,4.625
CAC5O,ON,2023-08-25,2024-08-26,0.0000,0.0925,4.625,100.0,4.625
CAC5O,ON,2023-08-25,2025-02-25,12.5000,0.0925,4.625,87.5,17.125
CAC5O,ON,2023-08-25,2025-08-25,12.5000,0.0925,4.0469,75.0,16.5469
CAC5O,ON,2023-08-25,2026-02-25,12.5000,0.0925,3.4688,62.5,15.9688
CAC5O,ON,2023-08-25,2026-08-25,12.5000,0.0925,2.8906,50.0,15.3906
CAC5O,ON,2023-08-25,2027-02-25,12.5000,0.0925,2.3125,37.5,14.8125
CAC5O,ON,2023-08-25,2027-08-25,12.5000,0.0925,1.7344,25.0,14.2344
CAC5O,ON,2023-08-25,2028-02-25,12.5000,0.0925,1.1563,12.5,13.6563
CAC5O,ON,2023-08-25,2028-08-25,12.5000,0.0925,0.5781,0.0,13.0781
CAC6O,ON_DOLLAR_LINKED,2023-09-07,2026-09-07,100,0.0,0.0,0.0,100.0
CAC7O,ON_DOLLAR_LINKED,2023-09-07,2027-09-07,100,0.0,0.0,100.0,100.0
CAC8O,ON,2024-04-29,2024-07-29,0.0,0.0595,0.0148342465753424,100.0,1.4834246575342465
CAC8O,ON,2024-04-29,2024-10-29,0.0,0.0595,0.0149972602739726,100.0,1.4997260273972604
CAC8O,ON,2024-04-29,2025-01-29,0.0,0.0595,0.0149972602739726,100.0,1.4997260273972604
CAC8O,ON,2024-04-29,2025-04-29,0.0,0.0595,0.0146712328767123,100.0,1.4671232876712328
CAC8O,ON,2024-04-29,2025-07-29,0.0,0.0595,0.0148342465753424,100.0,1.4834246575342465
CAC8O,ON,2024-04-29,2025-10-29,0.0,0.0595,0.0149972602739726,100.0,1.4997260273972604
CAC8O,ON,2024-04-29,2026-01-29,0.0,0.0595,0.0149972602739726,100.0,1.4997260273972604
CAC8O,ON,2024-04-29,2026-04-29,0.0,0.0595,0.0146712328767123,100.0,1.4671232876712328
CAC8O,ON,2024-04-29,2026-06-29,100.0,0.0595,0.0099438356164383,0.0,100.99438356164384
CACAO,ON_DOLLAR_LINKED,2024-07-05,2027-01-05,100,0.0,0.0,0.0,100.0
CACBO,ON,2025-06-17,2025-09-17,0.0,0.0775,1.9534246575342469,100.0,1.9534246575342469
CACBO,ON,2025-06-17,2025-12-17,0.0,0.0775,1.9321917808219176,100.0,1.9321917808219176
CACBO,ON,2025-06-17,2026-03-17,0.0,0.0775,1.910958904109589,100.0,1.910958904109589
CACBO,ON,2025-06-17,2026-06-18,0.0,0.0775,1.9534246575342469,100.0,1.9534246575342469
CACBO,ON,2025-06-17,2026-09-17,0.0,0.0775,1.9534246575342469,100.0,1.9534246575342469
CACBO,ON,2025-06-17,2026-12-17,0.0,0.0775,1.9321917808219176,100.0,1.9321917808219176
CACBO,ON,2025-06-17,2027-03-17,0.0,0.0775,1.910958904109589,100.0,1.910958904109589
CACBO,ON,2025-06-17,2027-06-18,0.0,0.0775,1.9534246575342469,100.0,1.9534246575342469
CACBO,ON,2025-06-17,2027-09-17,0.0,0.0775,1.9534246575342469,100.0,1.9534246575342469
CACBO,ON,2025-06-17,2027-12-17,0.0,0.0775,1.9321917808219176,100.0,1.9321917808219176
CACBO,ON,2025-06-17,2028-03-17,0.0,0.0775,1.9321917808219176,100.0,1.9321917808219176
CACBO,ON,2025-06-17,2028-06-16,100.0,0.0775,1.9321917808219176,0.0,101.93219178082192
CACDO,ON,2025-12-04,2026-06-04,0,0.0825,4.1136986301369864,100.0,4.1136986301369864
CACDO,ON,2025-12-04,2026-12-04,0,0.0825,4.136301369863014,100.0,4.136301369863014
CACDO,ON,2025-12-04,2027-06-04,0,0.0825,4.1136986301369864,100.0,4.1136986301369864
CACDO,ON,2025-12-04,2027-12-06,0,0.0825,4.136301369863014,100.0,4.136301369863014
CACDO,ON,2025-12-04,2028-06-05,0,0.0825,4.136301369863014,100.0,4.136301369863014
CACDO,ON,2025-12-04,2028-12-04,0,0.0825,4.136301369863014,100.0,4.136301369863014
CACDO,ON,2025-12-04,2029-06-04,100,0.0825,4.1136986301369864,0.0,104.11369863013698
CFS7O,ON_BADLAR,2024-11-27,2025-02-27,0.0,0.08,0.08,100.0,0.0
CFS7O,ON_BADLAR,2024-11-27,2025-05-27,0.0,0.08,0.08,100.0,0.0
CFS7O,ON_BADLAR,2024-11-27,2025-08-27,50.0,0.08,0.08,50.0,50.0
CFS7O,ON_BADLAR,2024-11-27,2025-11-27,50.0,0.08,0.08,0.0,50.0
CFS8O,ON_TAMAR,2025-08-22,2025-11-25,0,0.09,0.0,100.0,0.0
CFS8O,ON_TAMAR,2025-08-22,2026-02-23,0,0.09,0.0,100.0,0.0
CFS8O,ON_TAMAR,2025-08-22,2026-05-22,0,0.09,0.0,100.0,0.0
CFS8O,ON_TAMAR,2025-08-22,2026-08-24,100,0.09,0.0,0.0,100.0
CFS9O,ON_TAMAR,2025-12-12,2026-03-12,0,0.09,0.0,100.0,0.0
CFS9O,ON_TAMAR,2025-12-12,2026-06-12,0,0.09,0.0,100.0,0.0
CFS9O,ON_TAMAR,2025-12-12,2026-09-14,0,0.09,0.0,100.0,0.0
CFS9O,ON_TAMAR,2025-12-12,2026-12-12,100,0.09,0.0,0.0,100.0
CH24D,SUB_SOBERANO,2016-08-18,2017-02-20,0.0,0.09375,4.6875,100.0,4.6875
CH24D,SUB_SOBERANO,2016-08-18,2017-08-18,0.0,0.09375,4.6875,100.0,4.6875
CH24D,SUB_SOBERANO,2016-08-18,2018-02-19,0.0,0.09375,4.6875,100.0,4.6875
CH24D,SUB_SOBERANO,2016-08-18,2018-08-21,0.0,0.09375,4.6875,100.0,4.6875
CH24D,SUB_SOBERANO,2016-08-18,2019-02-18,0.0,0.09375,4.6875,100.0,4.6875
CH24D,SUB_SOBERANO,2016-08-18,2019-08-20,0.0,0.09375,4.6875,100.0,4.6875
CH24D,SUB_SOBERANO,2016-08-18,2020-02-18,0.0,0.09375,4.6875,100.0,4.6875
CH24D,SUB_SOBERANO,2016-08-18,2020-08-18,0.0,0.0,0.0,100.0,0.0
CH24D,SUB_SOBERANO,2016-08-18,2021-06-25,0.0,0.0,0.0,100.0,0.0
CH24D,SUB_SOBERANO,2016-08-18,2021-08-18,0.0,0.035,0.5152777777777778,100.0,0.515278
CH24D,SUB_SOBERANO,2016-08-18,2022-02-18,0.0,0.035,1.7500000000000002,100.0,1.75
CH24D,SUB_SOBERANO,2016-08-18,2022-08-18,0.0,0.0475,2.375,100.0,2.375
CH24D,SUB_SOBERANO,2016-08-18,2023-02-22,0.0,0.0475,2.375,100.0,2.375
CH24D,SUB_SOBERANO,2016-08-18,2023-08-18,0.0,0.065,3.25,100.0,3.25
CH24D,SUB_SOBERANO,2016-08-18,2024-02-19,11.12,0.065,3.25,88.88000000000001,14.37
CH24D,SUB_SOBERANO,2016-08-18,2024-08-19,11.110000000000001,0.0825,3.6663,77.77,14.7763
CH24D,SUB_SOBERANO,2016-08-18,2025-02-18,11.110000000000001,0.0825,3.2080125,66.66,14.318013
CH24D,SUB_SOBERANO,2016-08-18,2025-08-18,11.110000000000001,0.0825,2.749725,55.55,13.859725
CH24D,SUB_SOBERANO,2016-08-18,2026-02-18,11.110000000000001,0.0825,2.2914375,44.440000000000005,13.401438
CH24D,SUB_SOBERANO,2016-08-18,2026-08-18,11.110000000000001,0.0825,1.83315,33.33,12.94315
CH24D,SUB_SOBERANO,2016-08-18,2027-02-18,11.110000000000001,0.0825,1.3748625,22.22,12.484863
CH24D,SUB_SOBERANO,2016-08-18,2027-08-18,11.110000000000001,0.0825,0.916575,11.11,12.026575
CH24D,SUB_SOBERANO,2016-08-18,2028-02-18,11.110000000000001,0.0825,0.4582875,0.0,11.568288
CIC7O,ON,2024-11-12,2025-05-12,0.0000,0.06,2.975342,100.0,2.975342
CIC7O,ON,2024-11-12,2025-11-12,0.0000,0.06,3.024658,100.0,3.024658
CIC7O,ON,2024-11-12,2026-05-12,0.0000,0.06,2.975342,100.0,2.975342
CIC7O,ON,2024-11-12,2026-11-12,100.0000,0.06,3.024658,0.0,103.024658
CIC8O,ON,2024-11-12,2025-05-12,0.0000,0.075,3.719178,100.0,3.719178
CIC8O,ON,2024-11-12,2025-11-12,0.0000,0.075,3.780822,100.0,3.780822
CIC8O,ON,2024-11-12,2026-05-12,0.0000,0.075,3.719178,100.0,3.719178
CIC8O,ON,2024-11-12,2026-11-12,0.0000,0.075,3.780822,100.0,3.780822
CIC8O,ON,2024-11-12,2027-05-12,0.0000,0.075,3.719178,100.0,3.719178
CIC8O,ON,2024-11-12,2027-11-12,0.0000,0.075,3.780822,100.0,3.780822
CIC8O,ON,2024-11-12,2028-05-12,0.0000,0.075,3.739726,100.0,3.739726
CIC8O,ON,2024-11-12,2028-11-13,100.0000,0.075,3.80137,0.0,103.80137
CIC9O,ON,2025-05-21,2025-11-25,0,0.0825,4.1589,100.0,4.1589
CIC9O,ON,2025-05-21,2026-05-21,0,0.0825,4.0911,100.0,4.0911
CIC9O,ON,2025-05-21,2026-11-23,0,0.0825,4.1589,100.0,4.1589
CIC9O,ON,2025-05-21,2027-05-21,100,0.0825,4.0911,0.0,104.0911
CICAO,ON,2025-12-03,2026-06-03,0,0.08,3.989041,100.0,3.989041
CICAO,ON,2025-12-03,2026-12-03,0,0.08,4.010959,100.0,4.010959
CICAO,ON,2025-12-03,2027-06-03,0,0.08,3.989041,100.0,3.989041
CICAO,ON,2025-12-03,2027-12-03,0,0.08,4.010959,100.0,4.010959
CICAO,ON,2025-12-03,2028-06-05,100,0.08,4.054795,0.0,104.054795
CICBO,ON,2026-02-09,2026-08-10,0,0.075,3.719178,100.0,3.719178
CICBO,ON,2026-02-09,2027-02-10,0,0.075,3.780822,100.0,3.780822
CICBO,ON,2026-02-09,2027-08-09,0,0.075,3.719178,100.0,3.719178
CICBO,ON,2026-02-09,2028-02-09,0,0.075,3.780822,100.0,3.780822
CICBO,ON,2026-02-09,2028-08-09,0,0.075,3.739726,100.0,3.739726
CICBO,ON,2026-02-09,2029-02-09,100,0.075,3.780822,0.0,103.780822
CLI1O,ON,2025-05-14,2025-06-10,0,0.07,3.5,100.0,3.5
CLI1O,ON,2025-05-14,2025-12-10,0,0.07,3.5,100.0,3.5
CLI1O,ON,2025-05-14,2026-06-10,0,0.07,3.5,100.0,3.5
CLI1O,ON,2025-05-14,2026-12-10,0,0.07,3.5,100.0,3.5
CLI1O,ON,2025-05-14,2027-06-10,0,0.07,3.5,100.0,3.5
CLI1O,ON,2025-05-14,2027-12-10,0,0.07,3.5,100.0,3.5
CLI1O,ON,2025-05-14,2028-06-12,0,0.07,3.5,100.0,3.5
CLI1O,ON,2025-05-14,2028-12-11,0,0.07,3.5,100.0,3.5
CLI1O,ON,2025-05-14,2029-06-11,0,0.07,3.5,100.0,3.5
CLI1O,ON,2025-05-14,2029-12-10,0,0.07,3.5,100.0,3.5
CLI1O,ON,2025-05-14,2030-06-10,0,0.07,3.5,100.0,3.5
CLI1O,ON,2025-05-14,2030-12-10,0,0.07,3.5,100.0,3.5
CLI1O,ON,2025-05-14,2031-06-10,0,0.07,3.5,100.0,3.5
CLI1O,ON,2025-05-14,2031-12-10,0,0.07,3.5,100.0,3.5
CLI1O,ON,2025-05-14,2032-06-10,0,0.07,3.5,100.0,3.5
CLI1O,ON,2025-05-14,2032-12-10,0,0.07,3.5,100.0,3.5
CLI1O,ON,2025-05-14,2033-06-10,0,0.07,3.5,100.0,3.5
CLI1O,ON,2025-05-14,2033-12-12,0,0.07,3.5,100.0,3.5
CLI1O,ON,2025-05-14,2034-06-12,0,0.07,3.5,100.0,3.5
CLI1O,ON,2025-05-14,2034-12-11,100,0.07,3.5,0.0,103.5
CLSIO,ON,2021-08-17,2024-12-10,0,0.0,0.0,100.0,0.0
CLSIO,ON,2021-08-17,2025-06-10,0,0.035,1.75,100.0,1.75
CLSIO,ON,2021-08-17,2025-12-10,0,0.035,1.75,100.0,1.75
CLSIO,ON,2021-08-17,2026-06-10,0,0.04,2.0,100.0,2.0
CLSIO,ON,2021-08-17,2026-12-10,0,0.04,2.0,100.0,2.0
CLSIO,ON,2021-08-17,2027-06-10,0,0.07,3.5,100.0,3.5
CLSIO,ON,2021-08-17,2027-12-10,0,0.07,3.5,100.0,3.5
CLSIO,ON,2021-08-17,2028-06-12,0,0.085,4.25,100.0,4.25
CLSIO,ON,2021-08-17,2028-12-11,0,0.085,4.25,100.0,4.25
CLSIO,ON,2021-08-17,2029-06-11,0,0.085,4.25,100.0,4.25
CLSIO,ON,2021-08-17,2029-12-10,0,0.085,4.25,100.0,4.25
CLSIO,ON,2021-08-17,2030-06-10,0,0.085,4.25,100.0,4.25
CLSIO,ON,2021-08-17,2030-12-10,0,0.085,4.25,100.0,4.25
CLSIO,ON,2021-08-17,2031-06-10,0,0.085,4.25,100.0,4.25
CLSIO,ON,2021-08-17,2031-12-10,100,0.085,4.25,0.0,104.25
CO21D,SUB_SOBERANO,2016-06-10,2016-12-12,0.0,0.07125,3.5625,100.0,3.5625
CO21D,SUB_SOBERANO,2016-06-10,2017-06-12,0.0,0.07125,3.5625,100.0,3.5625
CO21D,SUB_SOBERANO,2016-06-10,2017-12-11,0.0,0.07125,3.5625,100.0,3.5625
CO21D,SUB_SOBERANO,2016-06-10,2018-06-11,0.0,0.07125,3.5625,100.0,3.5625
CO21D,SUB_SOBERANO,2016-06-10,2018-12-10,0.0,0.07125,3.5625,100.0,3.5625
CO21D,SUB_SOBERANO,2016-06-10,2019-06-10,0.0,0.07125,3.5625,100.0,3.5625
CO21D,SUB_SOBERANO,2016-06-10,2019-12-10,0.0,0.07125,3.5625,100.0,3.5625
CO21D,SUB_SOBERANO,2016-06-10,2020-06-10,0.0,0.07125,3.5625,100.0,3.5625
CO21D,SUB_SOBERANO,2016-06-10,2020-12-10,0.0,0.0,0.0,100.0,0.0
CO21D,SUB_SOBERANO,2016-06-10,2021-06-10,0.0,0.022333333333,1.1167,100.0,1.1167
CO21D,SUB_SOBERANO,2016-06-10,2021-12-10,0.0,0.05,2.5,100.0,2.5
CO21D,SUB_SOBERANO,2016-06-10,2022-06-10,0.0,0.05,2.5,100.0,2.5
CO21D,SUB_SOBERANO,2016-06-10,2022-12-12,0.0,0.06875,3.4375,100.0,3.4375
CO21D,SUB_SOBERANO,2016-06-10,2023-06-12,16.666,0.06875,3.4375,83.334,20.1035
CO21D,SUB_SOBERANO,2016-06-10,2023-12-11,16.666,0.06875,2.8646,66.668,19.5306
CO21D,SUB_SOBERANO,2016-06-10,2024-06-10,16.667,0.06875,2.2917,50.001,18.9587
CO21D,SUB_SOBERANO,2016-06-10,2024-12-10,16.667,0.06875,1.7188,33.334,18.3858
CO21D,SUB_SOBERANO,2016-06-10,2025-06-10,16.667,0.06875,1.1459,16.667,17.8129
CO21D,SUB_SOBERANO,2016-06-10,2025-12-10,16.667,0.06875,0.5729,0.0,17.2399
CO26,SUB_SOBERANO,2016-10-27,2017-01-27,0.0,0.07125,1.78125,100.0,1.78125
CO26,SUB_SOBERANO,2016-10-27,2017-04-27,0.0,0.07125,1.78125,100.0,1.78125
CO26,SUB_SOBERANO,2016-10-27,2017-07-27,0.0,0.07125,1.78125,100.0,1.78125
CO26,SUB_SOBERANO,2016-10-27,2017-10-27,0.0,0.07125,1.78125,100.0,1.78125
CO26,SUB_SOBERANO,2016-10-27,2018-01-29,0.0,0.07125,1.78125,100.0,1.78125
CO26,SUB_SOBERANO,2016-10-27,2018-04-27,0.0,0.07125,1.78125,100.0,1.78125
CO26,SUB_SOBERANO,2016-10-27,2018-07-27,0.0,0.07125,1.78125,100.0,1.78125
CO26,SUB_SOBERANO,2016-10-27,2018-10-29,0.0,0.07125,1.78125,100.0,1.78125
CO26,SUB_SOBERANO,2016-10-27,2019-01-28,3.125,0.07125,1.78125,96.875,4.90625
CO26,SUB_SOBERANO,2016-10-27,2019-04-29,3.125,0.07125,1.72559,93.75,4.85059
CO26,SUB_SOBERANO,2016-10-27,2019-07-29,3.125,0.07125,1.66992,90.625,4.79492
CO26,SUB_SOBERANO,2016-10-27,2019-10-28,3.125,0.07125,1.61426,87.5,4.73926
CO26,SUB_SOBERANO,2016-10-27,2020-01-27,3.125,0.07125,1.55859,84.375,4.68359
CO26,SUB_SOBERANO,2016-10-27,2020-04-27,3.125,0.07125,1.50293,81.25,4.62793
CO26,SUB_SOBERANO,2016-10-27,2020-07-27,3.125,0.07125,1.44727,78.125,4.57227
CO26,SUB_SOBERANO,2016-10-27,2020-10-27,3.125,0.07125,1.3916,75.0,4.5166
CO26,SUB_SOBERANO,2016-10-27,2021-01-27,3.125,0.07125,1.33594,71.875,4.46094
CO26,SUB_SOBERANO,2016-10-27,2021-04-27,3.125,0.07125,1.28027,68.75,4.40527
CO26,SUB_SOBERANO,2016-10-27,2021-07-27,3.125,0.07125,1.22461,65.625,4.34961
CO26,SUB_SOBERANO,2016-10-27,2021-10-27,3.125,0.07125,1.16895,62.5,4.29395
CO26,SUB_SOBERANO,2016-10-27,2022-01-27,3.125,0.07125,1.11328,59.375,4.23828
CO26,SUB_SOBERANO,2016-10-27,2022-04-27,3.125,0.07125,1.05762,56.25,4.18262
CO26,SUB_SOBERANO,2016-10-27,2022-07-27,3.125,0.07125,1.00195,53.125,4.12695
CO26,SUB_SOBERANO,2016-10-27,2022-10-27,3.125,0.07125,0.94629,50.0,4.07129
CO26,SUB_SOBERANO,2016-10-27,2023-01-27,3.125,0.07125,0.89062,46.875,4.01562
CO26,SUB_SOBERANO,2016-10-27,2023-04-27,3.125,0.07125,0.83496,43.75,3.95996
CO26,SUB_SOBERANO,2016-10-27,2023-07-27,3.125,0.07125,0.7793,40.625,3.9043
CO26,SUB_SOBERANO,2016-10-27,2023-10-27,3.125,0.07125,0.72363,37.5,3.84863
CO26,SUB_SOBERANO,2016-10-27,2024-01-29,"3.125_x000d_
",0.07125,0.66797,34.375,3.79297
CO26,SUB_SOBERANO,2016-10-27,2024-04-29,3.125,0.07125,0.6123,31.25,3.7373
CO26,SUB_SOBERANO,2016-10-27,2024-07-29,3.125,0.07125,0.55664,28.125,3.68164
CO26,SUB_SOBERANO,2016-10-27,2024-10-28,3.125,0.07125,0.501,25.0,3.626
CO26,SUB_SOBERANO,2016-10-27,2025-01-27,3.125,0.07125,0.44531,21.875,3.57031
CO26,SUB_SOBERANO,2016-10-27,2025-04-28,3.125,0.07125,0.38965,18.75,3.51465
CO26,SUB_SOBERANO,2016-10-27,2025-07-28,3.125,0.07125,0.334,15.625,3.459
CO26,SUB_SOBERANO,2016-10-27,2025-10-27,3.125,0.07125,0.27832,12.5,3.40332
CO26,SUB_SOBERANO,2016-10-27,2026-01-27,3.125,0.07125,0.22266,9.375,3.34766
CO26,SUB_SOBERANO,2016-10-27,2026-04-27,3.125,0.07125,0.167,6.25,3.292
CO26,SUB_SOBERANO,2016-10-27,2026-07-27,3.125,0.07125,0.11133,3.125,3.23633
CO26,SUB_SOBERANO,2016-10-27,2026-10-27,3.125,0.07125,0.05566,0.0,3.181
CO27D,SUB_SOBERANO,2017-07-07,2018-02-01,0.0,0.07125,4.0375,100.0,4.0375
CO27D,SUB_SOBERANO,2017-07-07,2018-08-01,0.0,0.07125,3.5625,100.0,3.5625
CO27D,SUB_SOBERANO,2017-07-07,2019-02-01,0.0,0.07125,3.5625,100.0,3.5625
CO27D,SUB_SOBERANO,2017-07-07,2019-08-01,0.0,0.07125,3.5625,100.0,3.5625
CO27D,SUB_SOBERANO,2017-07-07,2020-02-03,0.0,0.07125,3.5625,100.0,3.5625
CO27D,SUB_SOBERANO,2017-07-07,2020-08-03,0.0,0.07125,3.5625,100.0,3.5625
CO27D,SUB_SOBERANO,2017-07-07,2021-02-01,0.0,0.03,1.5,100.0,1.5
CO27D,SUB_SOBERANO,2017-07-07,2021-08-02,0.0,0.03,1.5,100.0,1.5
CO27D,SUB_SOBERANO,2017-07-07,2022-02-01,0.0,0.05,2.5,100.0,2.5
CO27D,SUB_SOBERANO,2017-07-07,2022-08-01,0.0,0.05,2.5,100.0,2.5
CO27D,SUB_SOBERANO,2017-07-07,2023-02-01,0.0,0.06875,3.4375,100.0,3.4375
CO27D,SUB_SOBERANO,2017-07-07,2023-08-01,0.0,0.06875,3.4375,100.0,3.4375
CO27D,SUB_SOBERANO,2017-07-07,2024-02-01,0.0,0.06875,3.4375,100.0,3.4375
CO27D,SUB_SOBERANO,2017-07-07,2024-08-01,0.0,0.06875,3.4375,100.0,3.4375
CO27D,SUB_SOBERANO,2017-07-07,2025-02-03,0.0,0.06875,3.4375,100.0,3.4375
CO27D,SUB_SOBERANO,2017-07-07,2025-08-01,0.0,0.06875,3.4375,100.0,3.4375
CO27D,SUB_SOBERANO,2017-07-07,2026-02-02,0.0,0.06875,3.4375,100.0,3.4375
CO27D,SUB_SOBERANO,2017-07-07,2026-08-03,0.0,0.06875,3.4375,100.0,3.4375
CO27D,SUB_SOBERANO,2017-07-07,2027-02-01,0.0,0.06875,3.4375,100.0,3.4375
CO27D,SUB_SOBERANO,2017-07-07,2027-08-02,25.0,0.06875,3.4375,75.0,28.4375
CO27D,SUB_SOBERANO,2017-07-07,2028-02-01,25.0,0.06875,2.578125,50.0,27.578125
CO27D,SUB_SOBERANO,2017-07-07,2028-08-01,25.0,0.06875,1.71875,25.0,26.71875
CO27D,SUB_SOBERANO,2017-07-07,2029-02-01,25.0,0.06875,0.859375,0.0,25.859375
CO2D7,SUB_SOBERANO_TAMAR,2025-12-05,2026-03-05,0,0.055,0.0,100.0,0.0
CO2D7,SUB_SOBERANO_TAMAR,2025-12-05,2026-06-05,0,0.055,0.0,100.0,0.0
CO2D7,SUB_SOBERANO_TAMAR,2025-12-05,2026-09-07,0,0.055,0.0,100.0,0.0
CO2D7,SUB_SOBERANO_TAMAR,2025-12-05,2026-12-09,0,0.055,0.0,100.0,0.0
CO2D7,SUB_SOBERANO_TAMAR,2025-12-05,2027-03-05,0,0.055,0.0,100.0,0.0
CO2D7,SUB_SOBERANO_TAMAR,2025-12-05,2027-06-07,0,0.055,0.0,100.0,0.0
CO2D7,SUB_SOBERANO_TAMAR,2025-12-05,2027-09-06,0,0.055,0.0,100.0,0.0
CO2D7,SUB_SOBERANO_TAMAR,2025-12-05,2027-12-06,100,0.055,0.0,0.0,100.0
CO32,SUB_SOBERANO,2025-07-02,2026-01-02,0,0.0975,4.875,100.0,4.875
CO32,SUB_SOBERANO,2025-07-02,2026-07-02,0,0.0975,4.875,100.0,4.875
CO32,SUB_SOBERANO,2025-07-02,2027-01-04,0,0.0975,4.875,100.0,4.875
CO32,SUB_SOBERANO,2025-07-02,2027-07-02,0,0.0975,4.875,100.0,4.875
CO32,SUB_SOBERANO,2025-07-02,2028-01-03,0,0.0975,4.875,100.0,4.875
CO32,SUB_SOBERANO,2025-07-02,2028-07-03,0,0.0975,4.875,100.0,4.875
CO32,SUB_SOBERANO,2025-07-02,2029-01-02,0,0.0975,4.875,100.0,4.875
CO32,SUB_SOBERANO,2025-07-02,2029-07-02,0,0.0975,4.875,100.0,4.875
CO32,SUB_SOBERANO,2025-07-02,2030-01-02,0,0.0975,4.875,100.0,4.875
CO32,SUB_SOBERANO,2025-07-02,2030-07-02,33,0.0975,4.875,67.0,37.875
CO32,SUB_SOBERANO,2025-07-02,2031-01-02,0,0.0975,3.26625,67.0,3.26625
CO32,SUB_SOBERANO,2025-07-02,2031-07-02,33,0.0975,3.26625,34.0,36.26625
CO32,SUB_SOBERANO,2025-07-02,2032-01-02,0,0.0975,1.6575,34.0,1.6575
CO32,SUB_SOBERANO,2025-07-02,2032-07-02,34,0.0975,1.6575,0.0,35.6575
CO35,SUB_SOBERANO,2026-02-03,2026-08-03,0,0.086,4.3,100.0,4.3
CO35,SUB_SOBERANO,2026-02-03,2027-02-03,0,0.086,4.3,100.0,4.3
CO35,SUB_SOBERANO,2026-02-03,2027-08-03,0,0.086,4.3,100.0,4.3
CO35,SUB_SOBERANO,2026-02-03,2028-02-03,0,0.086,4.3,100.0,4.3
CO35,SUB_SOBERANO,2026-02-03,2028-08-03,0,0.086,4.3,100.0,4.3
CO35,SUB_SOBERANO,2026-02-03,2029-02-05,0,0.086,4.3,100.0,4.3
CO35,SUB_SOBERANO,2026-02-03,2029-08-03,0,0.086,4.3,100.0,4.3
CO35,SUB_SOBERANO,2026-02-03,2030-02-04,0,0.086,4.3,100.0,4.3
CO35,SUB_SOBERANO,2026-02-03,2030-08-05,0,0.086,4.3,100.0,4.3
CO35,SUB_SOBERANO,2026-02-03,2031-02-03,0,0.086,4.3,100.0,4.3
CO35,SUB_SOBERANO,2026-02-03,2031-08-04,0,0.086,4.3,100.0,4.3
CO35,SUB_SOBERANO,2026-02-03,2032-02-03,0,0.086,4.3,100.0,4.3
CO35,SUB_SOBERANO,2026-02-03,2032-08-03,0,0.086,4.3,100.0,4.3
CO35,SUB_SOBERANO,2026-02-03,2033-02-03,33,0.086,4.3,67.0,37.3
CO35,SUB_SOBERANO,2026-02-03,2033-08-03,0,0.086,2.881,67.0,2.881
CO35,SUB_SOBERANO,2026-02-03,2034-02-03,33,0.086,2.881,34.0,35.881
CO35,SUB_SOBERANO,2026-02-03,2034-08-03,0,0.086,1.462,34.0,1.462
CO35,SUB_SOBERANO,2026-02-03,2035-02-05,34,0.086,1.462,0.0,35.462
COC1O,ON_TAMAR,2025-08-22,2025-11-25,0,0.03,0.0,100.0,0.0
COC1O,ON_TAMAR,2025-08-22,2026-02-23,0,0.03,0.0,100.0,0.0
COC1O,ON_TAMAR,2025-08-22,2026-05-22,0,0.03,0.0,100.0,0.0
COC1O,ON_TAMAR,2025-08-22,2026-08-24,100,0.03,0.0,0.0,100.0
COC2O,ON,2025-08-22,2025-11-25,0,0.0675,1.7013698630136989,100.0,1.7013698630136989
COC2O,ON,2025-08-22,2026-02-23,0,0.0675,1.7013698630136989,100.0,1.7013698630136989
COC2O,ON,2025-08-22,2026-05-22,0,0.0675,1.6458904109589043,100.0,1.6458904109589043
COC2O,ON,2025-08-22,2026-08-24,100,0.0675,1.738356164383562,0.0,101.73835616438356
COD7P,SUB_SOBERANO_CER,2024-12-05,2025-06-05,0,0.0975,4.875,100.0,4.875
COD7P,SUB_SOBERANO_CER,2024-12-05,2025-12-05,0,0.0975,4.875,100.0,4.875
COD7P,SUB_SOBERANO_CER,2024-12-05,2026-06-05,0,0.0975,4.875,100.0,4.875
COD7P,SUB_SOBERANO_CER,2024-12-05,2026-12-07,0,0.0975,4.875,100.0,4.875
COD7P,SUB_SOBERANO_CER,2024-12-05,2027-06-07,25,0.0975,4.875,75.0,29.875
COD7P,SUB_SOBERANO_CER,2024-12-05,2027-12-06,75,0.0975,3.6766,0.0,78.6766
COY27,SUB_SOBERANO_CER,2024-05-24,2024-11-25,0.0,0.045,2.25,100.0,2.25
COY27,SUB_SOBERANO_CER,2024-05-24,2025-05-26,0.0,0.045,2.25,100.0,2.25
COY27,SUB_SOBERANO_CER,2024-05-24,2025-11-25,0.0,0.045,2.25,100.0,2.25
COY27,SUB_SOBERANO_CER,2024-05-24,2026-05-26,0.0,0.045,2.25,100.0,2.25
COY27,SUB_SOBERANO_CER,2024-05-24,2026-11-24,25.0,0.045,2.25,0.0,27.25
COY27,SUB_SOBERANO_CER,2024-05-24,2027-05-24,75.0,0.045,1.6875,0.0,76.6875
CP28O,ON_DOLLAR_LINKED,2022-09-07,2022-12-07,0,0.0,0.0,100.0,0.0
CP28O,ON_DOLLAR_LINKED,2022-09-07,2023-03-07,0,0.0,0.0,100.0,0.0
CP28O,ON_DOLLAR_LINKED,2022-09-07,2023-06-07,0,0.0,0.0,100.0,0.0
CP28O,ON_DOLLAR_LINKED,2022-09-07,2023-09-07,0,0.0,0.0,100.0,0.0
CP28O,ON_DOLLAR_LINKED,2022-09-07,2023-12-07,0,0.0,0.0,100.0,0.0
CP28O,ON_DOLLAR_LINKED,2022-09-07,2024-03-07,0,0.0,0.0,100.0,0.0
CP28O,ON_DOLLAR_LINKED,2022-09-07,2024-06-07,0,0.0,0.0,100.0,0.0
CP28O,ON_DOLLAR_LINKED,2022-09-07,2024-09-09,0,0.0,0.0,100.0,0.0
CP28O,ON_DOLLAR_LINKED,2022-09-07,2024-12-09,0,0.0,0.0,100.0,0.0
CP28O,ON_DOLLAR_LINKED,2022-09-07,2025-03-07,0,0.0,0.0,100.0,0.0
CP28O,ON_DOLLAR_LINKED,2022-09-07,2025-06-09,0,0.0,0.0,100.0,0.0
CP28O,ON_DOLLAR_LINKED,2022-09-07,2025-09-08,0,0.0,0.0,100.0,0.0
CP28O,ON_DOLLAR_LINKED,2022-09-07,2025-12-09,0,0.0,0.0,100.0,0.0
CP28O,ON_DOLLAR_LINKED,2022-09-07,2026-03-09,33.33,0.0,0.0,66.67,33.33
CP28O,ON_DOLLAR_LINKED,2022-09-07,2026-06-08,33.33,0.0,0.0,33.33,33.33
CP28O,ON_DOLLAR_LINKED,2022-09-07,2026-09-07,33.34,0.0,0.0,0.0,33.34
CP32O,ON,2023-06-09,2023-12-11,0,0.06,0.030411,100.0,3.041096
CP32O,ON,2023-06-09,2024-06-10,0,0.06,0.029918,100.0,2.991781
CP32O,ON,2023-06-09,2024-12-09,0,0.06,0.029918,100.0,2.991781
CP32O,ON,2023-06-09,2025-06-09,0,0.06,0.029918,100.0,2.991781
CP32O,ON,2023-06-09,2025-12-09,100,0.06,0.030082,0.0,103.008219
CP34O,ON,2024-02-23,2024-08-23,0,0.07,3.49,100.0,3.49
CP34O,ON,2024-02-23,2025-02-24,0,0.07,3.55,100.0,3.55
CP34O,ON,2024-02-23,2025-08-25,0,0.07,3.49,100.0,3.49
CP34O,ON,2024-02-23,2026-02-23,100,0.07,3.49,0.0,103.49
CP36O,ON,2024-10-10,2025-04-10,0,0.065,3.241096,1.0,3.241096
CP36O,ON,2024-10-10,2025-10-13,0,0.065,3.258904,1.0,3.258904
CP36O,ON,2024-10-10,2026-04-10,0,0.065,3.241096,1.0,3.241096
CP36O,ON,2024-10-10,2026-10-13,0,0.065,3.258904,1.0,3.258904
CP36O,ON,2024-10-10,2027-04-12,0,0.065,3.241096,1.0,3.241096
CP36O,ON,2024-10-10,2027-10-11,100,0.065,3.276712,0.0,103.276712
CP37O,ON,2025-03-10,2025-06-10,0,0.07,1.764383561643836,100.0,1.764383561643836
CP37O,ON,2025-03-10,2025-09-10,0,0.07,1.764383561643836,100.0,1.764383561643836
CP37O,ON,2025-03-10,2025-12-10,0,0.07,1.7452054794520548,100.0,1.7452054794520548
CP37O,ON,2025-03-10,2026-03-10,0,0.07,1.7260273972602742,100.0,1.7260273972602742
CP37O,ON,2025-03-10,2026-06-10,0,0.07,1.764383561643836,100.0,1.764383561643836
CP37O,ON,2025-03-10,2026-09-10,0,0.07,1.764383561643836,100.0,1.764383561643836
CP37O,ON,2025-03-10,2026-12-10,0,0.07,1.7452054794520548,100.0,1.7452054794520548
CP37O,ON,2025-03-10,2027-03-10,100,0.07,1.7260273972602742,0.0,101.72602739726028
CP38O,ON,2025-11-28,2026-05-28,0,0.11875,5.9375,100.0,5.9375
CP38O,ON,2025-11-28,2026-11-30,0,0.11875,5.9375,100.0,5.9375
CP38O,ON,2025-11-28,2027-05-28,0,0.11875,5.9375,100.0,5.9375
CP38O,ON,2025-11-28,2027-11-29,0,0.11875,5.9375,100.0,5.9375
CP38O,ON,2025-11-28,2028-05-29,0,0.11875,5.9375,100.0,5.9375
CP38O,ON,2025-11-28,2028-11-28,0,0.11875,5.9375,100.0,5.9375
CP38O,ON,2025-11-28,2029-05-28,0,0.11875,5.9375,100.0,5.9375
CP38O,ON,2025-11-28,2029-11-28,0,0.11875,5.9375,100.0,5.9375
CP38O,ON,2025-11-28,2030-05-28,0,0.11875,5.9375,100.0,5.9375
CP38O,ON,2025-11-28,2030-11-28,0,0.11875,5.9375,100.0,5.9375
CP38O,ON,2025-11-28,2031-05-28,0,0.11875,5.9375,100.0,5.9375
CP38O,ON,2025-11-28,2031-11-28,0,0.11875,5.9375,100.0,5.9375
CP38O,ON,2025-11-28,2032-05-31,0,0.11875,5.9375,100.0,5.9375
CP38O,ON,2025-11-28,2032-11-29,0,0.11875,5.9375,100.0,5.9375
CP38O,ON,2025-11-28,2033-05-30,0,0.11875,5.9375,100.0,5.9375
CP38O,ON,2025-11-28,2033-11-30,0,0.11875,5.9375,100.0,5.9375
CP38O,ON,2025-11-28,2034-05-29,100,0.11875,5.9375,0.0,105.9375
CP39O,ON_DOLLAR_LINKED,2025-12-29,2026-03-30,0.0,0.09,2.219178,100.0,2.219178
CP39O,ON_DOLLAR_LINKED,2025-12-29,2026-06-29,0.0,0.09,2.268493,100.0,2.268493
CP39O,ON_DOLLAR_LINKED,2025-12-29,2026-09-29,0.0,0.09,2.268493,100.0,2.268493
CP39O,ON_DOLLAR_LINKED,2025-12-29,2026-12-29,0.0,0.09,2.243836,100.0,2.243836
CP39O,ON_DOLLAR_LINKED,2025-12-29,2027-03-29,100.0,0.09,2.219178,0.0,102.219178
CP40O,ON,2026-03-09,2026-06-09,0,0.095,2.394521,100.0,2.394521
CP40O,ON,2026-03-09,2026-09-09,0,0.095,2.394521,100.0,2.394521
CP40O,ON,2026-03-09,2026-12-09,0,0.095,2.368493,100.0,2.368493
CP40O,ON,2026-03-09,2027-03-09,0,0.095,2.342466,100.0,2.342466
CP40O,ON,2026-03-09,2027-06-09,0,0.095,2.394521,100.0,2.394521
CP40O,ON,2026-03-09,2027-09-09,0,0.095,2.394521,100.0,2.394521
CP40O,ON,2026-03-09,2027-12-09,0,0.095,2.368493,100.0,2.368493
CP40O,ON,2026-03-09,2028-03-09,100,0.095,2.368493,0.0,102.368493
CRCEO,ON,2019-12-04,2020-03-04,0,0.1,2.5,100.0,2.5
CRCEO,ON,2019-12-04,2020-06-04,0,0.1,2.5,100.0,2.5
CRCEO,ON,2019-12-04,2020-09-04,2.5,0.1,2.5,97.5,5.0
CRCEO,ON,2019-12-04,2020-12-04,2.5,0.1,2.4375,95.0,4.9375
CRCEO,ON,2019-12-04,2021-03-04,2.5,0.1,2.375,92.5,4.875
CRCEO,ON,2019-12-04,2021-06-04,2.5,0.1,2.3125,90.0,4.8125
CRCEO,ON,2019-12-04,2021-09-06,4,0.1,2.25,86.0,6.25
CRCEO,ON,2019-12-04,2021-12-06,4,0.1,2.15,82.0,6.15
CRCEO,ON,2019-12-04,2022-03-04,4,0.1,2.05,78.0,6.05
CRCEO,ON,2019-12-04,2022-06-06,4,0.1,1.95,74.0,5.95
CRCEO,ON,2019-12-04,2022-09-05,4,0.1,1.85,70.0,5.85
CRCEO,ON,2019-12-04,2022-12-05,4,0.1,1.75,66.0,5.75
CRCEO,ON,2019-12-04,2023-03-06,5,0.1,1.6,59.0,6.6
CRCEO,ON,2019-12-04,2023-06-05,5,0.1,1.475,54.0,6.475
CRCEO,ON,2019-12-04,2023-09-04,5.5,0.1,1.35,48.5,6.85
CRCEO,ON,2019-12-04,2023-12-04,5.5,0.1,1.2125,43.0,6.7125
CRCEO,ON,2019-12-04,2024-03-04,5.5,0.1,1.075,37.5,6.575
CRCEO,ON,2019-12-04,2024-06-04,5.5,0.1,0.9375,32.0,6.4375
CRCEO,ON,2019-12-04,2024-09-04,8,0.1,0.8,24.0,8.8
CRCEO,ON,2019-12-04,2024-12-04,8,0.1,0.6,16.0,8.6
CRCEO,ON,2019-12-04,2025-03-05,8,0.1,0.4,8.0,8.4
CRCEO,ON,2019-12-04,2025-06-04,8,0.1,0.2,0.0,8.2
CRCJO,ON,2024-05-16,2024-08-16,6.2500,0.0925,2.3125,93.75,8.5625
CRCJO,ON,2024-05-16,2024-11-19,6.2500,0.0925,2.240234,87.5,8.490234
CRCJO,ON,2024-05-16,2025-02-17,6.2500,0.0925,1.978472,81.25,8.228472
CRCJO,ON,2024-05-16,2025-05-16,6.2500,0.0925,1.85803,75.0,8.10803
CRCJO,ON,2024-05-16,2025-08-18,6.2500,0.0925,1.772917,68.75,8.022917
CRCJO,ON,2024-05-16,2025-11-17,6.2500,0.0925,1.572179,62.5,7.822179
CRCJO,ON,2024-05-16,2026-02-16,6.2500,0.0925,1.429253,56.25,7.679253
CRCJO,ON,2024-05-16,2026-05-18,6.2500,0.0925,1.329687,50.0,7.579687
CRCJO,ON,2024-05-16,2026-08-18,6.2500,0.0925,1.15625,43.75,7.40625
CRCJO,ON,2024-05-16,2026-11-16,6.2500,0.0925,0.989236,37.5,7.239236
CRCJO,ON,2024-05-16,2027-02-16,6.2500,0.0925,0.867187,31.25,7.117188
CRCJO,ON,2024-05-16,2027-05-17,6.2500,0.0925,0.730686,25.0,6.980686
CRCJO,ON,2024-05-16,2027-08-16,6.2500,0.0925,0.571701,18.75,6.821701
CRCJO,ON,2024-05-16,2027-11-16,6.2500,0.0925,0.433594,12.5,6.683594
CRCJO,ON,2024-05-16,2028-02-16,6.2500,0.0925,0.289062,6.25,6.539062
CRCJO,ON,2024-05-16,2028-05-16,6.2500,0.0925,0.144531,0.0,6.394531
CS34O,ON,2021-06-30,2021-12-30,0.0000,0.0699,3.5045,100.0,3.5045
CS34O,ON,2021-06-30,2022-06-30,33.0000,0.0699,3.4854,67.0,36.4854
CS34O,ON,2021-06-30,2022-12-30,0.0000,0.0699,2.348,67.0,2.348
CS34O,ON,2021-06-30,2023-06-30,33.0000,0.0699,2.3352,34.0,35.3352
CS34O,ON,2021-06-30,2024-01-02,0.0000,0.0699,1.1915,34.0,1.1915
CS34O,ON,2021-06-30,2024-07-01,34.0000,0.0699,1.1915,0.0,35.1915
CS38O,ON,2022-07-08,2023-01-03,0.0000,0.08,3.9233,100.0,3.9233
CS38O,ON,2022-07-08,2023-07-03,0.0000,0.08,3.9671,100.0,3.9671
CS38O,ON,2022-07-08,2024-01-03,0.0000,0.08,4.0329,100.0,4.0329
CS38O,ON,2022-07-08,2024-07-03,0.0000,0.08,3.989,100.0,3.989
CS38O,ON,2022-07-08,2025-01-03,0.0000,0.08,4.0329,100.0,4.0329
CS38O,ON,2022-07-08,2025-07-03,0.0000,0.08,3.9671,100.0,3.9671
CS38O,ON,2022-07-08,2026-01-05,0.0000,0.08,4.0329,100.0,4.0329
CS38O,ON,2022-07-08,2026-03-03,100.0000,0.08,1.2932,0.0,101.2932
CS40O,ON_DOLLAR_LINKED,2022-12-21,2025-12-22,33,0.0,0.0,67.0,33.0
CS40O,ON_DOLLAR_LINKED,2022-12-21,2026-06-22,33,0.0,0.0,34.0,33.0
CS40O,ON_DOLLAR_LINKED,2022-12-21,2026-12-21,34,0.0,0.0,0.0,34.0
CS44O,ON,2024-01-17,2024-07-17,0.0000,0.06,2.9918,100.0,2.9918
CS44O,ON,2024-01-17,2025-01-17,0.0000,0.06,3.0247,100.0,3.0247
CS44O,ON,2024-01-17,2025-07-17,0.0000,0.06,2.9753,100.0,2.9753
CS44O,ON,2024-01-17,2026-01-19,0.0000,0.06,3.0247,100.0,3.0247
CS44O,ON,2024-01-17,2026-07-17,0.0000,0.06,2.9753,100.0,2.9753
CS44O,ON,2024-01-17,2027-01-18,100.0000,0.06,3.0247,0.0,103.0247
CS45O,ON,2024-04-22,2024-10-22,0,0.06,0.030082,100.0,3.008219
CS45O,ON,2024-04-22,2025-04-22,0,0.06,0.029918,100.0,2.991781
CS45O,ON,2024-04-22,2025-10-22,0,0.06,0.030082,100.0,3.008219
CS45O,ON,2024-04-22,2026-04-22,0,0.06,0.029918,100.0,2.991781
CS45O,ON,2024-04-22,2026-08-24,100,0.06,0.020055,0.0,102.005479
CS47O,ON,2024-11-15,2025-05-15,0.0,0.07,3.471233,100.0,3.471233
CS47O,ON,2024-11-15,2025-11-17,0.0,0.07,3.528767,100.0,3.528767
CS47O,ON,2024-11-15,2026-05-15,0.0,0.07,3.471233,100.0,3.471233
CS47O,ON,2024-11-15,2026-11-16,0.0,0.07,3.528767,100.0,3.528767
CS47O,ON,2024-11-15,2027-05-17,0.0,0.07,3.471233,100.0,3.471233
CS47O,ON,2024-11-15,2027-11-15,0.0,0.07,3.528767,100.0,3.528767
CS47O,ON,2024-11-15,2028-05-15,0.0,0.07,3.471233,100.0,3.471233
CS47O,ON,2024-11-15,2028-11-15,100.0,0.07,3.528767,0.0,103.528767
CS48O,ON,2025-07-11,2026-01-12,0,0.08,4.032877,100.0,4.032877
CS48O,ON,2025-07-11,2026-07-13,0,0.08,3.967123,100.0,3.967123
CS48O,ON,2025-07-11,2027-01-11,0,0.08,4.032877,100.0,4.032877
CS48O,ON,2025-07-11,2027-07-12,0,0.08,3.967123,100.0,3.967123
CS48O,ON,2025-07-11,2028-01-11,0,0.08,4.032877,100.0,4.032877
CS48O,ON,2025-07-11,2028-07-11,100,0.08,3.989041,0.0,103.989041
CS49O,ON,2025-09-02,2026-03-02,0,0.0725,3.5952054794520545,100.0,3.5952054794520545
CS49O,ON,2025-09-02,2026-09-02,0,0.0725,3.654794520547945,100.0,3.654794520547945
CS49O,ON,2025-09-02,2027-03-02,0,0.0725,3.5952054794520545,100.0,3.5952054794520545
CS49O,ON,2025-09-02,2027-09-02,100,0.0725,3.654794520547945,0.0,103.65479452054794
CS50O,ON,2025-12-10,2026-09-10,0.0,0.0725,5.442466,100.0,5.442466
CS50O,ON,2025-12-10,2027-03-10,0.0,0.0725,3.595205,100.0,3.595205
CS50O,ON,2025-12-10,2027-09-10,0.0,0.0725,3.654795,100.0,3.654795
CS50O,ON,2025-12-10,2028-03-10,0.0,0.0725,3.615068,100.0,3.615068
CS50O,ON,2025-12-10,2028-09-11,0.0,0.0725,3.654795,100.0,3.654795
CS50O,ON,2025-12-10,2029-03-12,100.0,0.0725,3.595205,0.0,103.595205
CS51O,ON,2026-01-20,2026-07-20,0,0.0575,2.85137,100.0,2.85137
CS51O,ON,2026-01-20,2027-01-20,100,0.0575,2.89863,0.0,102.89863
CS52O,ON,2026-04-30,2027-01-01,0,0.0475,2.38,100.0,2.38
CS52O,ON,2026-04-30,2027-02-01,0,0.0475,3.604795,100.0,3.604795
CS52O,ON,2026-04-30,2027-04-30,0,0.0475,1.1712,100.0,1.1712
CS52O,ON,2026-04-30,2028-05-01,100,0.0475,2.3815,0.0,102.3815
CS53O,ON,2026-04-30,2026-10-30,0,0.0625,3.133562,100.0,3.133562
CS53O,ON,2026-04-30,2027-04-30,0,0.0625,3.116438,100.0,3.116438
CS53O,ON,2026-04-30,2027-11-01,0,0.0625,3.133562,100.0,3.133562
CS53O,ON,2026-04-30,2028-05-01,0,0.0625,3.133562,100.0,3.133562
CS53O,ON,2026-04-30,2028-10-30,0,0.0625,3.133562,100.0,3.133562
CS53O,ON,2026-04-30,2029-04-30,0,0.0625,3.116438,100.0,3.116438
CS53O,ON,2026-04-30,2029-10-30,0,0.0625,3.133562,100.0,3.133562
CS53O,ON,2026-04-30,2030-04-30,100,0.0625,3.116438,0.0,103.116438
CUAP,CER,2003-12-31,2014-06-30,0.0000,0.0331,1.655,100.0,1.655
CUAP,CER,2003-12-31,2014-12-31,0.0000,0.0331,1.655,100.0,1.655
CUAP,CER,2003-12-31,2015-06-30,0.0000,0.0331,1.655,100.0,1.655
CUAP,CER,2003-12-31,2015-12-31,0.0000,0.0331,1.655,100.0,1.655
CUAP,CER,2003-12-31,2016-06-30,0.0000,0.0331,1.655,100.0,1.655
CUAP,CER,2003-12-31,2016-12-31,0.0000,0.0331,1.655,100.0,1.655
CUAP,CER,2003-12-31,2017-06-30,0.0000,0.0331,1.655,100.0,1.655
CUAP,CER,2003-12-31,2017-12-31,0.0000,0.0331,1.655,100.0,1.655
CUAP,CER,2003-12-31,2018-06-30,0.0000,0.0331,1.655,100.0,1.655
CUAP,CER,2003-12-31,2018-12-31,0.0000,0.0331,1.655,100.0,1.655
CUAP,CER,2003-12-31,2019-06-30,0.0000,0.0331,1.655,100.0,1.655
CUAP,CER,2003-12-31,2019-12-31,0.0000,0.0331,1.655,100.0,1.655
CUAP,CER,2003-12-31,2020-06-30,0.0000,0.0331,1.655,100.0,1.655
CUAP,CER,2003-12-31,2020-12-31,0.0000,0.0331,1.655,100.0,1.655
CUAP,CER,2003-12-31,2021-06-30,0.0000,0.0331,1.655,100.0,1.655
CUAP,CER,2003-12-31,2021-12-31,0.0000,0.0331,1.655,100.0,1.655
CUAP,CER,2003-12-31,2022-06-30,0.0000,0.0331,1.655,100.0,1.655
CUAP,CER,2003-12-31,2022-12-31,0.0000,0.0331,1.655,100.0,1.655
CUAP,CER,2003-12-31,2023-06-30,0.0000,0.0331,1.655,100.0,1.655
CUAP,CER,2003-12-31,2023-12-31,0.0000,0.0331,1.655,100.0,1.655
CUAP,CER,2003-12-31,2024-06-30,0.0000,0.0331,2.981,100.0,2.981
CUAP,CER,2003-12-31,2024-12-31,0.0000,0.0331,2.981,100.0,2.981
CUAP,CER,2003-12-31,2025-06-30,0.0000,0.0331,2.981,100.0,2.981
CUAP,CER,2003-12-31,2025-12-31,0.0000,0.0331,2.981,100.0,2.981
CUAP,CER,2003-12-31,2026-06-30,0.0000,0.0331,2.981,100.0,2.981
CUAP,CER,2003-12-31,2026-12-31,0.0000,0.0331,2.981,100.0,2.981
CUAP,CER,2003-12-31,2027-06-30,0.0000,0.0331,2.981,100.0,2.981
CUAP,CER,2003-12-31,2027-12-31,0.0000,0.0331,2.981,100.0,2.981
CUAP,CER,2003-12-31,2028-06-30,0.0000,0.0331,2.981,100.0,2.981
CUAP,CER,2003-12-31,2028-12-31,0.0000,0.0331,2.981,100.0,2.981
CUAP,CER,2003-12-31,2029-06-30,0.0000,0.0331,2.981,100.0,2.981
CUAP,CER,2003-12-31,2029-12-31,0.0000,0.0331,2.981,100.0,2.981
CUAP,CER,2003-12-31,2030-06-30,0.0000,0.0331,2.981,100.0,2.981
CUAP,CER,2003-12-31,2030-12-31,0.0000,0.0331,2.981,100.0,2.981
CUAP,CER,2003-12-31,2031-06-30,0.0000,0.0331,2.981,100.0,2.981
CUAP,CER,2003-12-31,2031-12-31,0.0000,0.0331,2.981,100.0,2.981
CUAP,CER,2003-12-31,2032-06-30,0.0000,0.0331,2.981,100.0,2.981
CUAP,CER,2003-12-31,2032-12-31,0.0000,0.0331,2.981,100.0,2.981
CUAP,CER,2003-12-31,2033-06-30,0.0000,0.0331,2.981,100.0,2.981
CUAP,CER,2003-12-31,2033-12-31,0.0000,0.0331,2.981,100.0,2.981
CUAP,CER,2003-12-31,2034-06-30,0.0000,0.0331,2.981,100.0,2.981
CUAP,CER,2003-12-31,2034-12-31,0.0000,0.0331,2.981,100.0,2.981
CUAP,CER,2003-12-31,2035-06-30,0.0000,0.0331,2.981,100.0,2.981
CUAP,CER,2003-12-31,2035-12-31,0.0000,0.0331,2.981,100.0,2.981
CUAP,CER,2003-12-31,2036-06-30,5.0000,0.0331,2.981,100.0,7.981
CUAP,CER,2003-12-31,2036-12-31,5.0000,0.0331,2.1832,100.0,7.1832
CUAP,CER,2003-12-31,2037-06-30,5.0000,0.0331,2.0683,100.0,7.0683
CUAP,CER,2003-12-31,2037-12-31,5.0000,0.0331,1.9534,100.0,6.9534
CUAP,CER,2003-12-31,2038-06-30,5.0000,0.0331,1.8385,100.0,6.8385
CUAP,CER,2003-12-31,2038-12-31,5.0000,0.0331,1.7236,100.0,6.7236
CUAP,CER,2003-12-31,2039-06-30,5.0000,0.0331,1.6087,100.0,6.6087
CUAP,CER,2003-12-31,2039-12-31,5.0000,0.0331,1.4938,100.0,6.4938
CUAP,CER,2003-12-31,2040-06-30,5.0000,0.0331,1.3789,100.0,6.3789
CUAP,CER,2003-12-31,2040-12-31,5.0000,0.0331,1.264,100.0,6.264
CUAP,CER,2003-12-31,2041-06-30,5.0000,0.0331,1.491,100.0,6.491
CUAP,CER,2003-12-31,2041-12-31,5.0000,0.0331,1.0342,100.0,6.0342
CUAP,CER,2003-12-31,2042-06-30,5.0000,0.0331,0.9192,100.0,5.9192
CUAP,CER,2003-12-31,2042-12-31,5.0000,0.0331,0.8043,100.0,5.8043
CUAP,CER,2003-12-31,2043-06-30,5.0000,0.0331,0.6894,100.0,5.6894
CUAP,CER,2003-12-31,2043-12-31,5.0000,0.0331,0.5745,100.0,5.5745
CUAP,CER,2003-12-31,2044-06-30,5.0000,0.0331,0.4596,100.0,5.4596
CUAP,CER,2003-12-31,2044-12-31,5.0000,0.0331,0.3447,100.0,5.3447
CUAP,CER,2003-12-31,2045-06-30,5.0000,0.0331,0.2298,100.0,5.2298
CUAP,CER,2003-12-31,2045-12-31,5.0000,0.0331,0.1149,100.0,5.1149
CVS3V,ON_TAMAR,2025-12-18,2026-03-18,0,0.08,0.0,100.0,0.0
CVS3V,ON_TAMAR,2025-12-18,2026-06-18,33,0.08,0.0,67.0,33.0
CVS3V,ON_TAMAR,2025-12-18,2026-09-18,33,0.08,0.0,34.0,33.0
CVS3V,ON_TAMAR,2025-12-18,2026-12-18,34,0.08,0.0,0.0,34.0
CVS4V,ON_TAMAR,2026-03-20,2026-06-19,0,0.06,0.0,100.0,0.0
CVS4V,ON_TAMAR,2026-03-20,2026-09-21,33,0.06,0.0,67.0,33.0
CVS4V,ON_TAMAR,2026-03-20,2026-12-21,33,0.06,0.0,34.0,33.0
CVS4V,ON_TAMAR,2026-03-20,2027-03-22,34,0.06,0.0,0.0,34.0
CWC6O,ON,2024-10-30,2025-04-30,0.0,0.095,4.736986301369863,100.0,4.736986301369863
CWC6O,ON,2024-10-30,2025-10-30,0.0,0.095,4.763013698630138,100.0,4.763013698630138
CWC6O,ON,2024-10-30,2026-04-30,0.0,0.095,4.736986301369863,100.0,4.736986301369863
CWC6O,ON,2024-10-30,2026-10-30,33.33,0.095,4.763013698630138,66.67,38.09301369863014
CWC6O,ON,2024-10-30,2027-04-30,33.33,0.095,3.1581487671232873,33.34,36.488148767123285
CWC6O,ON,2024-10-30,2027-11-01,33.34,0.095,1.6053438356164382,0.0,34.94534383561645
CWC7O,ON_DOLLAR_LINKED,2025-07-11,2026-01-12,0,0.13,6.553425,100.0,6.553425
CWC7O,ON_DOLLAR_LINKED,2025-07-11,2026-07-13,0,0.13,6.446575,100.0,6.446575
CWC7O,ON_DOLLAR_LINKED,2025-07-11,2027-01-11,50,0.13,6.553425,50.0,56.553425
CWC7O,ON_DOLLAR_LINKED,2025-07-11,2027-07-12,50,0.13,3.223288,0.0,53.223288
CWC9O,ON_DOLLAR_LINKED,2026-01-30,2026-04-30,0,0.1075,2.650685,100.0,2.650685
CWC9O,ON_DOLLAR_LINKED,2026-01-30,2026-07-30,0,0.1075,2.680137,100.0,2.680137
CWC9O,ON_DOLLAR_LINKED,2026-01-30,2026-10-30,10,0.1075,2.709589,90.0,12.709589
CWC9O,ON_DOLLAR_LINKED,2026-01-30,2027-02-01,10,0.1075,2.43863,80.0,12.43863
CWC9O,ON_DOLLAR_LINKED,2026-01-30,2027-04-30,10,0.1075,2.120548,70.0,12.120548
CWC9O,ON_DOLLAR_LINKED,2026-01-30,2027-07-30,10,0.1075,1.876096,60.0,11.876096
CWC9O,ON_DOLLAR_LINKED,2026-01-30,2027-11-01,10,0.1075,1.625753,50.0,11.625753
CWC9O,ON_DOLLAR_LINKED,2026-01-30,2028-01-31,10,0.1075,1.354795,40.0,11.354795
CWC9O,ON_DOLLAR_LINKED,2026-01-30,2028-05-01,10,0.1075,1.072055,30.0,11.072055
CWC9O,ON_DOLLAR_LINKED,2026-01-30,2028-07-31,10,0.1075,0.804041,20.0,10.804041
CWC9O,ON_DOLLAR_LINKED,2026-01-30,2028-10-30,10,0.1075,0.541918,10.0,10.541918
CWC9O,ON_DOLLAR_LINKED,2026-01-30,2029-01-30,10,0.1075,0.270959,0.0,10.270959
CXCWO,ON_TAMAR,2025-12-22,2026-03-25,0,0.075,0.0,100.0,0.0
CXCWO,ON_TAMAR,2025-12-22,2026-06-22,100,0.075,0.0,0.0,100.0
CXCXO,ON_TAMAR,2026-06-19,2026-09-21,0,0.07,0.0,100.0,0.0
CXCXO,ON_TAMAR,2026-06-19,2026-12-21,25,0.07,0.0,75.0,25.0
CXCXO,ON_TAMAR,2026-06-19,2027-03-19,25,0.07,0.0,50.0,25.0
CXCXO,ON_TAMAR,2026-06-19,2027-06-21,50,0.07,0.0,0.0,50.0
CY2BP,ON,2025-05-19,2025-08-19,0,0.0825,2.079452,100.0,2.079452
CY2BP,ON,2025-05-19,2025-11-19,25,0.0825,2.079452,75.0,27.079452
CY2BP,ON,2025-05-19,2026-02-19,0,0.0825,1.559589,75.0,1.559589
CY2BP,ON,2025-05-19,2026-05-19,25,0.0825,1.508733,50.0,26.508733
CY2BP,ON,2025-05-19,2026-08-19,0,0.0825,1.039726,50.0,1.039726
CY2BP,ON,2025-05-19,2026-11-19,25,0.0825,1.039726,25.0,26.039726
CY2BP,ON,2025-05-19,2027-02-19,0,0.0825,0.519863,25.0,0.519863
CY2BP,ON,2025-05-19,2027-05-19,25,0.0825,0.502911,0.0,25.502911
CZ11L,ON_TAMAR,2026-02-24,2026-05-26,0,0.0149,0.0,100.0,0.0
CZ11L,ON_TAMAR,2026-02-24,2026-08-24,0,0.0149,0.0,100.0,0.0
CZ11L,ON_TAMAR,2026-02-24,2026-11-24,0,0.0149,0.0,100.0,0.0
CZ11L,ON_TAMAR,2026-02-24,2027-02-24,33,0.0149,0.0,67.0,33.0
CZ11L,ON_TAMAR,2026-02-24,2027-05-24,0,0.0149,0.0,67.0,0.0
CZ11L,ON_TAMAR,2026-02-24,2027-08-24,33,0.0149,0.0,34.0,33.0
CZ11L,ON_TAMAR,2026-02-24,2027-11-24,0,0.0149,0.0,34.0,0.0
CZ11L,ON_TAMAR,2026-02-24,2028-02-24,34,0.0149,0.0,0.0,34.0
D10Y7,DOLLAR_LINKED,2026-07-17,2027-05-10,100,0.0,0.0,0.0,100.0
D16E6,DOLLAR_LINKED,2025-02-14,2026-01-16,100,0.0,0.0,100.0,100.0
D27F6,DOLLAR_LINKED,2026-01-16,2026-02-27,100.0,0.0,0.0,0.0,100.0
D28N5,DOLLAR_LINKED,2025-09-30,2025-11-28,100,0.0,0.0,0.0,100.0
D30A6,DOLLAR_LINKED,2025-09-30,2026-04-30,100,0.0,0.0,0.0,100.0
D30E6,DOLLAR_LINKED,2025-10-17,2026-01-30,100,0.0,0.0,0.0,100.0
D30S6,DOLLAR_LINKED,2026-03-16,2026-09-30,100,0.0,0.0,0.0,100.0
D31G6,DOLLAR_LINKED,2026-06-12,2026-08-31,100,0.0,0.0,0.0,100.0
D31L6,DOLLAR_LINKED,2026-05-29,2026-07-31,100,0.0,0.0,0.0,100.0
D31M7,DOLLAR_LINKED,2026-05-29,2027-03-31,100,0.0,0.0,0.0,100.0
D31O5,DOLLAR_LINKED,2025-07-10,2025-10-31,100.0,0.0,0.0,0.0,100.0
DEC2O,ON,2025-02-24,2025-08-25,0.0000,0.085,4.2151,100.0,4.2151
DEC2O,ON,2025-02-24,2026-02-24,0.0000,0.085,4.2849,100.0,4.2849
DEC2O,ON,2025-02-24,2026-08-24,0.0000,0.085,4.2151,100.0,4.2151
DEC2O,ON,2025-02-24,2027-02-24,100.0000,0.085,4.2849,0.0,104.2849
DEC3O,ON_BADLAR,2026-07-03,2026-10-05,0,0.06,0.0,100.0,0.0
DEC3O,ON_BADLAR,2026-07-03,2027-01-04,0,0.06,0.0,100.0,0.0
DEC3O,ON_BADLAR,2026-07-03,2027-04-05,0,0.06,0.0,100.0,0.0
DEC3O,ON_BADLAR,2026-07-03,2027-07-05,100,0.06,0.0,0.0,100.0
DEC4O,ON,2026-07-03,2027-01-04,0,0.085,4.284932,100.0,4.284932
DEC4O,ON,2026-07-03,2027-07-05,0,0.085,4.215068,100.0,4.215068
DEC4O,ON,2026-07-03,2028-01-03,0,0.085,4.284932,100.0,4.284932
DEC4O,ON,2026-07-03,2028-07-03,100,0.085,4.238356,0.0,104.238356
DFS1L,ON,2026-05-29,2026-08-31,0,0.0674,1.698849,100.0,1.698849
DFS1L,ON,2026-05-29,2026-11-30,0,0.0674,1.698849,100.0,1.698849
DFS1L,ON,2026-05-29,2027-03-01,0,0.0674,1.680384,100.0,1.680384
DFS1L,ON,2026-05-29,2027-05-28,20,0.0674,1.643452,80.0,21.643452
DFS1L,ON,2026-05-29,2027-08-30,0,0.0674,1.359079,80.0,1.359079
DFS1L,ON,2026-05-29,2027-11-29,20,0.0674,1.359079,60.0,21.359079
DFS1L,ON,2026-05-29,2028-02-28,0,0.0674,1.01931,60.0,1.01931
DFS1L,ON,2026-05-29,2028-05-29,20,0.0674,0.997151,40.0,20.997151
DFS1L,ON,2026-05-29,2028-08-28,0,0.0674,0.67954,40.0,0.67954
DFS1L,ON,2026-05-29,2028-11-28,20,0.0674,0.67954,20.0,20.67954
DFS1L,ON,2026-05-29,2029-02-28,0,0.0674,0.33977,20.0,0.33977
DFS1L,ON,2026-05-29,2029-05-29,20,0.0674,0.332384,0.0,20.332384
DGS1L,ON,2026-03-25,2026-06-25,0,0.059,1.487123,100.0,1.487123
DGS1L,ON,2026-03-25,2026-09-25,0,0.059,1.487123,100.0,1.487123
DGS1L,ON,2026-03-25,2026-12-28,0,0.059,1.519452,100.0,1.519452
DGS1L,ON,2026-03-25,2027-03-25,100,0.059,1.406301,0.0,101.406301
DHD1O,ON_TAMAR,2025-04-29,2025-07-29,0,0.06,0.0,100.0,0.0
DHD1O,ON_TAMAR,2025-04-29,2025-10-29,0,0.06,0.0,100.0,0.0
DHD1O,ON_TAMAR,2025-04-29,2026-01-29,0,0.06,0.0,100.0,0.0
DHD1O,ON_TAMAR,2025-04-29,2026-04-29,100,0.06,0.0,0.0,100.0
DHS9O,ON_BADLAR,2024-09-27,2024-12-27,0,0.08,0.08,100.0,0.0
DHS9O,ON_BADLAR,2024-09-27,2025-03-27,0,0.08,0.08,100.0,0.0
DHS9O,ON_BADLAR,2024-09-27,2025-06-27,0,0.08,0.08,100.0,0.0
DHS9O,ON_BADLAR,2024-09-27,2025-09-29,100,0.08,0.08,0.0,100.0
DHSEO,ON_TAMAR,2025-06-06,2025-09-08,0,0.06,0.0,100.0,0.0
DHSEO,ON_TAMAR,2025-06-06,2025-12-09,0,0.06,0.0,100.0,0.0
DHSEO,ON_TAMAR,2025-06-06,2026-03-06,0,0.06,0.0,100.0,0.0
DHSEO,ON_TAMAR,2025-06-06,2026-06-08,100,0.06,0.0,0.0,100.0
DHSFO,ON,2025-06-06,2025-09-08,0.0,0.065,1.6383561643835618,100.0,1.6383561643835618
DHSFO,ON,2025-06-06,2025-12-09,100.0,0.065,1.673972602739726,0.0,101.67397260273972
DHSGO,ON_TAMAR,2025-09-09,2025-12-09,0,0.095,0.0,100.0,0.0
DHSGO,ON_TAMAR,2025-09-09,2026-03-09,0,0.095,0.0,100.0,0.0
DHSGO,ON_TAMAR,2025-09-09,2026-06-09,0,0.095,0.0,100.0,0.0
DHSGO,ON_TAMAR,2025-09-09,2026-09-09,100,0.095,0.0,0.0,100.0
DHSHO,ON,2025-09-09,2025-12-09,0,0.08,1.994521,100.0,1.994521
DHSHO,ON,2025-09-09,2026-03-09,0,0.08,1.972603,100.0,1.972603
DHSHO,ON,2025-09-09,2026-06-09,100,0.08,2.016438,0.0,102.016438
DHSIO,ON_TAMAR,2025-11-20,2026-02-20,0,0.06,0.0,100.0,0.0
DHSIO,ON_TAMAR,2025-11-20,2026-05-20,0,0.06,0.0,100.0,0.0
DHSIO,ON_TAMAR,2025-11-20,2026-08-20,0,0.06,0.0,100.0,0.0
DHSIO,ON_TAMAR,2025-11-20,2026-11-20,100,0.06,0.0,0.0,100.0
DHSJO,ON,2025-11-20,2026-02-20,0,0.07,1.764384,100.0,1.764384
DHSJO,ON,2025-11-20,2026-05-20,0,0.07,1.706849,100.0,1.706849
DHSJO,ON,2025-11-20,2026-08-20,100,0.07,1.764384,0.0,101.764384
DHSKO,ON,2026-02-05,2026-10-05,100,0.065,4.309589,0.0,104.309589
DHSLO,ON_TAMAR,2026-05-28,2026-08-28,0,0.05,0.0,100.0,0.0
DHSLO,ON_TAMAR,2026-05-28,2026-11-30,0,0.05,0.0,100.0,0.0
DHSLO,ON_TAMAR,2026-05-28,2027-03-01,0,0.05,0.0,100.0,0.0
DHSLO,ON_TAMAR,2026-05-28,2027-05-28,100,0.05,0.0,0.0,100.0
DHSMO,ON,2026-05-28,2026-08-28,0,0.07,1.764384,100.0,1.764384
DHSMO,ON,2026-05-28,2026-11-30,0,0.07,1.764384,100.0,1.764384
DHSMO,ON,2026-05-28,2027-03-01,0,0.07,1.764384,100.0,1.764384
DHSMO,ON,2026-05-28,2027-05-28,100,0.07,1.706849,0.0,101.706849
DICP,CER,2003-12-31,2004-06-30,0.0,0.0279,1.395,100.0,1.395
DICP,CER,2003-12-31,2004-12-31,0.0,0.0279,1.4162,100.0,1.4162
DICP,CER,2003-12-31,2005-06-30,0.0,0.0279,1.4377,100.0,1.4377
DICP,CER,2003-12-31,2006-01-02,0.0,0.0279,1.4596,100.0,1.4596
DICP,CER,2003-12-31,2006-06-30,0.0,0.0279,1.4818,100.0,1.4818
DICP,CER,2003-12-31,2007-01-02,0.0,0.0279,1.5043,100.0,1.5043
DICP,CER,2003-12-31,2007-07-02,0.0,0.0279,1.5272,100.0,1.5272
DICP,CER,2003-12-31,2008-01-02,0.0,0.0279,1.5504,100.0,1.5504
DICP,CER,2003-12-31,2008-06-30,0.0,0.0279,1.5739,100.0,1.5739
DICP,CER,2003-12-31,2008-12-31,0.0,0.0279,1.5979,100.0,1.5979
DICP,CER,2003-12-31,2009-06-30,0.0,0.0406,2.3605,100.0,2.3605
DICP,CER,2003-12-31,2009-12-31,0.0,0.0406,2.3814,100.0,2.3814
DICP,CER,2003-12-31,2010-06-30,0.0,0.0406,2.4025,100.0,2.4025
DICP,CER,2003-12-31,2011-01-03,0.0,0.0406,2.4238,100.0,2.4238
DICP,CER,2003-12-31,2011-06-30,0.0,0.0406,2.4452,100.0,2.4452
DICP,CER,2003-12-31,2012-01-03,0.0,0.0406,2.4669,100.0,2.4669
DICP,CER,2003-12-31,2012-07-02,0.0,0.0406,2.4887,100.0,2.4887
DICP,CER,2003-12-31,2012-12-31,0.0,0.0406,2.5107,100.0,2.5107
DICP,CER,2003-12-31,2013-07-01,0.0,0.0406,2.5329,100.0,2.5329
DICP,CER,2003-12-31,2014-01-02,0.0,0.0406,2.5554,100.0,2.5554
DICP,CER,2003-12-31,2014-06-30,0.0,0.0583,3.7019,100.0,3.7019
DICP,CER,2003-12-31,2015-01-02,0.0,0.0583,3.7019,100.0,3.7019
DICP,CER,2003-12-31,2015-06-30,0.0,0.0583,3.7019,100.0,3.7019
DICP,CER,2003-12-31,2015-12-31,0.0,0.0583,3.7019,100.0,3.7019
DICP,CER,2003-12-31,2016-06-30,0.0,0.0583,3.7019,100.0,3.7019
DICP,CER,2003-12-31,2017-01-02,0.0,0.0583,3.7019,100.0,3.7019
DICP,CER,2003-12-31,2017-06-30,0.0,0.0583,3.7019,100.0,3.7019
DICP,CER,2003-12-31,2018-01-02,0.0,0.0583,3.7019,100.0,3.7019
DICP,CER,2003-12-31,2018-07-02,0.0,0.0583,3.7019,100.0,3.7019
DICP,CER,2003-12-31,2019-01-02,0.0,0.0583,3.7019,100.0,3.7019
DICP,CER,2003-12-31,2019-07-01,0.0,0.0583,3.7019,100.0,3.7019
DICP,CER,2003-12-31,2020-01-02,0.0,0.0583,3.7019,100.0,3.7019
DICP,CER,2003-12-31,2020-06-30,0.0,0.0583,3.7019,100.0,3.7019
DICP,CER,2003-12-31,2021-01-04,0.0,0.0583,3.7019,100.0,3.7019
DICP,CER,2003-12-31,2021-06-30,0.0,0.0583,3.7019,100.0,3.7019
DICP,CER,2003-12-31,2022-01-03,0.0,0.0583,3.7019,100.0,3.7019
DICP,CER,2003-12-31,2022-06-30,0.0,0.0583,3.7019,100.0,3.7019
DICP,CER,2003-12-31,2023-01-02,0.0,0.0583,3.7019,100.0,3.7019
DICP,CER,2003-12-31,2023-06-30,0.0,0.0583,3.7019,100.0,3.7019
DICP,CER,2003-12-31,2024-01-02,0.0,0.0583,3.7019,100.0,3.7019
DICP,CER,2003-12-31,2024-07-01,5.0,0.0583,3.7019,95.0,8.7019
DICP,CER,2003-12-31,2025-01-02,5.0,0.0583,3.5168,90.0,8.5168
DICP,CER,2003-12-31,2025-06-30,5.0,0.0583,3.3317,85.0,9.6814
DICP,CER,2003-12-31,2025-12-31,5.0,0.0583,3.1466,80.0,9.4963
DICP,CER,2003-12-31,2026-06-30,5.0,0.0583,2.9615,75.0,9.3112
DICP,CER,2003-12-31,2026-12-31,5.0,0.0583,2.7764,70.0,9.1261
DICP,CER,2003-12-31,2027-06-30,5.0,0.0583,2.5913,65.0,8.941
DICP,CER,2003-12-31,2027-12-31,5.0,0.0583,2.4062,60.0,8.7559
DICP,CER,2003-12-31,2028-06-30,5.0,0.0583,2.2211,55.0,8.5708
DICP,CER,2003-12-31,2029-01-02,5.0,0.0583,2.036,50.0,8.3858
DICP,CER,2003-12-31,2029-07-02,5.0,0.0583,1.8509,45.0,8.2007
DICP,CER,2003-12-31,2029-12-31,5.0,0.0583,1.6658,40.0,8.0156
DICP,CER,2003-12-31,2030-07-01,5.0,0.0583,1.4807,35.0,7.8304
DICP,CER,2003-12-31,2030-12-31,5.0,0.0583,1.2957,30.0,7.6453
DICP,CER,2003-12-31,2031-06-30,5.0,0.0583,1.1106,25.0,7.4603
DICP,CER,2003-12-31,2031-12-31,5.0,0.0583,0.9255,20.0,7.2751
DICP,CER,2003-12-31,2032-06-30,5.0,0.0583,0.7404,15.0,7.0901
DICP,CER,2003-12-31,2032-12-31,5.0,0.0583,0.5553,10.0,6.905
DICP,CER,2003-12-31,2033-06-30,5.0,0.0583,0.3702,5.0,6.7199
DICP,CER,2003-12-31,2034-01-02,5.0,0.0583,0.1851,0.0,6.5348
DIP0,CER,2003-12-31,2010-06-30,0.0000,0.0583,0.0206,100.0,0.0206
DIP0,CER,2003-12-31,2010-12-31,0.0000,0.0583,0.0206,100.0,0.0206
DIP0,CER,2003-12-31,2011-06-30,0.0000,0.0583,0.0206,100.0,0.0206
DIP0,CER,2003-12-31,2011-12-31,0.0000,0.0583,0.0206,100.0,0.0206
DIP0,CER,2003-12-31,2012-06-30,0.0000,0.0583,0.0206,100.0,0.0206
DIP0,CER,2003-12-31,2012-12-31,0.0000,0.0583,0.0206,100.0,0.0206
DIP0,CER,2003-12-31,2013-06-30,0.0000,0.0583,0.0206,100.0,0.0206
DIP0,CER,2003-12-31,2013-12-31,0.0000,0.0583,0.0206,100.0,0.0206
DIP0,CER,2003-12-31,2014-06-30,0.0000,0.0583,0.0206,100.0,0.0206
DIP0,CER,2003-12-31,2014-12-31,0.0000,0.0583,0.0206,100.0,0.0206
DIP0,CER,2003-12-31,2015-06-30,0.0000,0.0583,0.0206,100.0,0.0206
DIP0,CER,2003-12-31,2015-12-31,0.0000,0.0583,0.0206,100.0,0.0206
DIP0,CER,2003-12-31,2016-06-30,0.0000,0.0583,0.0206,100.0,0.0206
DIP0,CER,2003-12-31,2016-12-31,0.0000,0.0583,0.0206,100.0,0.0206
DIP0,CER,2003-12-31,2017-06-30,0.0000,0.0583,0.0206,100.0,0.0206
DIP0,CER,2003-12-31,2017-12-31,0.0000,0.0583,0.0206,100.0,0.0206
DIP0,CER,2003-12-31,2018-06-30,0.0000,0.0583,0.0206,100.0,0.0206
DIP0,CER,2003-12-31,2018-12-31,0.0000,0.0583,0.0206,100.0,0.0206
DIP0,CER,2003-12-31,2019-06-30,0.0000,0.0583,0.0206,100.0,0.0206
DIP0,CER,2003-12-31,2019-12-31,0.0000,0.0583,0.0206,100.0,0.0206
DIP0,CER,2003-12-31,2020-06-30,0.0000,0.0583,0.0206,100.0,0.0206
DIP0,CER,2003-12-31,2020-12-31,0.0000,0.0583,0.0206,100.0,0.0206
DIP0,CER,2003-12-31,2021-06-30,0.0000,0.0583,0.0206,100.0,0.0206
DIP0,CER,2003-12-31,2021-12-31,0.0000,0.0583,0.0206,100.0,0.0206
DIP0,CER,2003-12-31,2022-06-30,0.0000,0.0583,0.0206,100.0,0.0206
DIP0,CER,2003-12-31,2022-12-31,0.0000,0.0583,0.0206,100.0,0.0206
DIP0,CER,2003-12-31,2023-06-30,0.0000,0.0583,0.0206,100.0,0.0206
DIP0,CER,2003-12-31,2023-12-31,0.0000,0.0583,0.0206,100.0,0.0206
DIP0,CER,2003-12-31,2024-06-30,5.0000,0.0583,0.0206,100.0,5.0206
DIP0,CER,2003-12-31,2024-12-31,5.0000,0.0583,0.0206,100.0,5.0206
DIP0,CER,2003-12-31,2025-06-30,5.0000,0.0583,0.0206,100.0,9.6814
DIP0,CER,2003-12-31,2025-12-31,5.0000,0.0583,0.0206,100.0,9.4963
DIP0,CER,2003-12-31,2026-06-30,5.0000,0.0583,0.0206,100.0,9.3112
DIP0,CER,2003-12-31,2026-12-31,5.0000,0.0583,0.0206,100.0,9.1261
DIP0,CER,2003-12-31,2027-06-30,5.0000,0.0583,0.0206,100.0,8.941
DIP0,CER,2003-12-31,2027-12-31,5.0000,0.0583,0.0206,100.0,8.7559
DIP0,CER,2003-12-31,2028-06-30,5.0000,0.0583,0.0206,100.0,8.5708
DIP0,CER,2003-12-31,2028-12-31,5.0000,0.0583,0.0206,100.0,8.3858
DIP0,CER,2003-12-31,2029-06-30,5.0000,0.0583,0.0206,100.0,8.2007
DIP0,CER,2003-12-31,2029-12-31,5.0000,0.0583,0.0206,100.0,8.0156
DIP0,CER,2003-12-31,2030-06-30,5.0000,0.0583,0.0206,100.0,7.8304
DIP0,CER,2003-12-31,2030-12-31,5.0000,0.0583,0.0206,100.0,7.6453
DIP0,CER,2003-12-31,2031-06-30,5.0000,0.0583,0.0206,100.0,7.4603
DIP0,CER,2003-12-31,2031-12-31,5.0000,0.0583,0.0206,100.0,7.2751
DIP0,CER,2003-12-31,2032-06-30,5.0000,0.0583,0.0206,100.0,7.0901
DIP0,CER,2003-12-31,2032-12-31,5.0000,0.0583,0.0206,100.0,6.905
DIP0,CER,2003-12-31,2033-06-30,5.0000,0.0583,0.0206,100.0,6.7199
DIP0,CER,2003-12-31,2033-12-31,5.0000,0.0583,0.0206,100.0,6.5348
DJS1L,ON_TAMAR,2026-03-09,2026-06-09,0,0.0,0.0,100.0,0.0
DJS1L,ON_TAMAR,2026-03-09,2026-09-09,25,0.0,0.0,75.0,25.0
DJS1L,ON_TAMAR,2026-03-09,2026-12-09,0,0.0,0.0,75.0,0.0
DJS1L,ON_TAMAR,2026-03-09,2027-03-09,25,0.0,0.0,50.0,25.0
DJS1L,ON_TAMAR,2026-03-09,2027-06-09,0,0.0,0.0,50.0,0.0
DJS1L,ON_TAMAR,2026-03-09,2027-09-09,25,0.0,0.0,25.0,25.0
DJS1L,ON_TAMAR,2026-03-09,2027-12-09,0,0.0,0.0,25.0,0.0
DJS1L,ON_TAMAR,2026-03-09,2028-03-09,25,0.0,0.0,0.0,25.0
DNC3O,ON,2024-07-03,2024-05-22,0,0.0975,0.020301,100.0,2.030137
DNC3O,ON,2024-07-03,2024-11-22,0,0.0975,0.049151,100.0,4.915068
DNC3O,ON,2024-07-03,2025-05-22,0,0.0975,0.048349,100.0,4.834932
DNC3O,ON,2024-07-03,2025-11-25,0,0.0975,0.049151,100.0,4.915068
DNC3O,ON,2024-07-03,2026-05-22,0,0.0975,0.048349,100.0,4.834932
DNC3O,ON,2024-07-03,2026-11-23,100,0.0975,0.049418,0.0,104.941781
DNC5O,ON,2024-08-05,2025-02-05,0.0000,0.095,4.789,100.0,4.789
DNC5O,ON,2024-08-05,2025-08-05,0.0000,0.095,4.711,100.0,4.711
DNC5O,ON,2024-08-05,2026-02-05,0.0000,0.095,4.789,100.0,4.789
DNC5O,ON,2024-08-05,2026-08-05,0.0000,0.095,4.711,100.0,4.711
DNC5O,ON,2024-08-05,2027-02-05,0.0000,0.095,4.789,100.0,4.789
DNC5O,ON,2024-08-05,2027-08-05,0.0000,0.095,4.711,100.0,4.711
DNC5O,ON,2024-08-05,2028-02-07,0.0000,0.095,4.789,100.0,4.789
DNC5O,ON,2024-08-05,2028-08-07,0.0000,0.095,4.711,100.0,4.711
DNC5O,ON,2024-08-05,2029-02-05,100.0000,0.095,4.789,0.0,104.789
DNC6O,ON_BADLAR,2024-08-05,2024-11-05,0,0.07,0.07,100.0,0.0
DNC6O,ON_BADLAR,2024-08-05,2025-02-05,0,0.07,0.07,100.0,0.0
DNC6O,ON_BADLAR,2024-08-05,2025-05-05,0,0.07,0.07,100.0,0.0
DNC6O,ON_BADLAR,2024-08-05,2025-08-05,100,0.07,0.07,0.0,100.0
DNC7O,ON,2024-10-24,2025-04-24,0.0,0.0975,0.04875,100.0,4.875
DNC7O,ON,2024-10-24,2025-10-24,0.0,0.0975,0.04875,100.0,4.875
DNC7O,ON,2024-10-24,2026-04-24,0.0,0.0975,0.04875,100.0,4.875
DNC7O,ON,2024-10-24,2026-10-26,0.0,0.0975,0.04875,100.0,4.875
DNC7O,ON,2024-10-24,2027-04-26,0.0,0.0975,0.04875,100.0,4.875
DNC7O,ON,2024-10-24,2027-10-25,0.0,0.0975,0.04875,100.0,4.875
DNC7O,ON,2024-10-24,2028-04-24,0.0,0.0975,0.04875,100.0,4.875
DNC7O,ON,2024-10-24,2028-10-24,33.33,0.0975,0.04875,66.67,38.205
DNC7O,ON,2024-10-24,2029-04-24,0.0,0.0975,0.032502,66.67,3.250163
DNC7O,ON,2024-10-24,2029-10-24,33.33,0.0975,0.032502,33.34,36.580163
DNC7O,ON,2024-10-24,2030-04-24,0.0,0.0975,0.016253,33.34,1.625325
DNC7O,ON,2024-10-24,2030-10-24,33.34,0.0975,0.016253,0.0,34.965325
DNC8O,ON,2025-08-07,2026-02-09,0,0.085,4.284932,100.0,4.284932
DNC8O,ON,2025-08-07,2026-08-07,100,0.085,4.215068,0.0,104.215068
DNC9O,ON_TAMAR,2025-08-07,2025-11-07,0,0.06,0.06,100.0,0.0
DNC9O,ON_TAMAR,2025-08-07,2026-02-09,0,0.06,0.06,100.0,0.0
DNC9O,ON_TAMAR,2025-08-07,2026-05-07,0,0.06,0.06,100.0,0.0
DNC9O,ON_TAMAR,2025-08-07,2026-08-07,100,0.06,0.06,0.0,100.0
DNCAO,ON,2026-04-28,2026-10-28,0,0.095,4.75,100.0,4.75
DNCAO,ON,2026-04-28,2027-04-28,0,0.095,4.75,100.0,4.75
DNCAO,ON,2026-04-28,2027-10-28,0,0.095,4.75,100.0,4.75
DNCAO,ON,2026-04-28,2028-04-28,0,0.095,4.75,100.0,4.75
DNCAO,ON,2026-04-28,2028-10-30,0,0.095,4.75,100.0,4.75
DNCAO,ON,2026-04-28,2029-04-30,0,0.095,4.75,100.0,4.75
DNCAO,ON,2026-04-28,2029-10-29,0,0.095,4.75,100.0,4.75
DNCAO,ON,2026-04-28,2030-04-29,0,0.095,4.75,100.0,4.75
DNCAO,ON,2026-04-28,2030-10-28,0,0.095,4.75,100.0,4.75
DNCAO,ON,2026-04-28,2031-04-28,33.33,0.095,4.75,66.67,38.08
DNCAO,ON,2026-04-28,2031-10-28,0,0.095,3.166825,66.67,3.166825
DNCAO,ON,2026-04-28,2032-04-28,33.33,0.095,3.166825,33.34,36.496825
DNCAO,ON,2026-04-28,2032-10-28,0,0.095,1.58365,33.34,1.58365
DNCAO,ON,2026-04-28,2033-04-28,33.34,0.095,1.58365,0.0,34.92365
DNCBO,ON,2026-07-03,2027-01-04,0,0.075,3.780822,100.0,3.780822
DNCBO,ON,2026-07-03,2027-07-05,0,0.075,3.719178,100.0,3.719178
DNCBO,ON,2026-07-03,2028-01-03,0,0.075,3.780822,100.0,3.780822
DNCBO,ON,2026-07-03,2028-07-03,0,0.075,3.739726,100.0,3.739726
DNCBO,ON,2026-07-03,2029-01-03,0,0.075,3.780822,100.0,3.780822
DNCBO,ON,2026-07-03,2029-07-03,100,0.075,3.719178,0.0,103.719178
EAC1O,ON_DOLLAR_LINKED,2023-10-12,2024-04-12,0,0.0,0.0,1.0,0.0
EAC1O,ON_DOLLAR_LINKED,2023-10-12,2024-10-14,0,0.0,0.0,1.0,0.0
EAC1O,ON_DOLLAR_LINKED,2023-10-12,2025-01-13,0,0.01,0.2546,1.0,0.2546
EAC1O,ON_DOLLAR_LINKED,2023-10-12,2025-04-14,0,0.01,0.2491,1.0,0.2491
EAC1O,ON_DOLLAR_LINKED,2023-10-12,2025-07-14,0,0.01,0.2518,1.0,0.2518
EAC1O,ON_DOLLAR_LINKED,2023-10-12,2025-10-13,0,0.01,0.2546,1.0,0.2546
EAC1O,ON_DOLLAR_LINKED,2023-10-12,2026-01-12,0,0.01,0.2546,1.0,0.2546
EAC1O,ON_DOLLAR_LINKED,2023-10-12,2026-04-13,0,0.01,0.2491,1.0,0.2491
EAC1O,ON_DOLLAR_LINKED,2023-10-12,2026-07-13,0,0.01,0.2518,1.0,0.2518
EAC1O,ON_DOLLAR_LINKED,2023-10-12,2026-10-13,100,0.01,0.2574,0.0,100.2574
EAC3O,ON,2024-12-20,2025-06-23,0.0000,0.085,4.2384,100.0,4.2384
EAC3O,ON,2024-12-20,2025-12-22,0.0000,0.085,4.2616,100.0,4.2616
EAC3O,ON,2024-12-20,2026-06-22,0.0000,0.085,4.2384,100.0,4.2384
EAC3O,ON,2024-12-20,2026-12-21,0.0000,0.085,4.2616,100.0,4.2616
EAC3O,ON,2024-12-20,2027-06-21,0.0000,0.085,4.2384,100.0,4.2384
EAC3O,ON,2024-12-20,2027-12-20,100.0000,0.085,4.2616,0.0,104.2616
EAC4O,ON,2026-06-16,2026-12-16,0,0.0975,4.888356,100.0,4.888356
EAC4O,ON,2026-06-16,2027-06-16,0,0.0975,4.861644,100.0,4.861644
EAC4O,ON,2026-06-16,2027-12-16,0,0.0975,4.888356,100.0,4.888356
EAC4O,ON,2026-06-16,2028-06-16,0,0.0975,4.888356,100.0,4.888356
EAC4O,ON,2026-06-16,2028-12-18,0,0.0975,4.888356,100.0,4.888356
EAC4O,ON,2026-06-16,2029-06-18,0,0.0975,4.861644,100.0,4.861644
EAC4O,ON,2026-06-16,2029-12-17,0,0.0975,4.888356,100.0,4.888356
EAC4O,ON,2026-06-16,2030-06-17,0,0.0975,4.861644,100.0,4.861644
EAC4O,ON,2026-06-16,2030-12-16,0,0.0975,4.888356,100.0,4.888356
EAC4O,ON,2026-06-16,2031-06-16,0,0.0975,4.861644,100.0,4.861644
EAC4O,ON,2026-06-16,2031-12-16,0,0.0975,4.888356,100.0,4.888356
EAC4O,ON,2026-06-16,2032-06-16,0,0.0975,4.888356,100.0,4.888356
EAC4O,ON,2026-06-16,2032-12-16,0,0.0975,4.888356,100.0,4.888356
EAC4O,ON,2026-06-16,2033-06-16,0,0.0975,4.861644,100.0,4.861644
EAC4O,ON,2026-06-16,2033-12-16,0,0.0975,4.888356,100.0,4.888356
EAC4O,ON,2026-06-16,2034-06-16,33,0.0975,4.861644,67.0,37.861644
EAC4O,ON,2026-06-16,2034-12-18,0,0.0975,3.275199,67.0,3.275199
EAC4O,ON,2026-06-16,2035-06-18,33,0.0975,3.257301,34.0,36.257301
EAC4O,ON,2026-06-16,2035-12-17,0,0.0975,1.662041,34.0,1.662041
EAC4O,ON,2026-06-16,2036-06-16,34,0.0975,1.662041,0.0,35.662041
EH11M,ON_TAMAR,2026-03-20,2026-06-22,0,0.075,0.0,100.0,0.0
EH11M,ON_TAMAR,2026-03-20,2026-09-21,0,0.075,0.0,100.0,0.0
EH11M,ON_TAMAR,2026-03-20,2026-12-21,0,0.075,0.0,100.0,0.0
EH11M,ON_TAMAR,2026-03-20,2027-03-22,20,0.075,0.0,80.0,20.0
EH11M,ON_TAMAR,2026-03-20,2027-06-21,20,0.075,0.0,60.0,20.0
EH11M,ON_TAMAR,2026-03-20,2027-09-20,20,0.075,0.0,40.0,20.0
EH11M,ON_TAMAR,2026-03-20,2027-12-20,20,0.075,0.0,20.0,20.0
EH11M,ON_TAMAR,2026-03-20,2028-03-20,20,0.075,0.0,0.0,20.0
EH12M,ON_DOLLAR_LINKED,2026-03-20,2026-06-22,0,0.07,1.764384,100.0,1.764384
EH12M,ON_DOLLAR_LINKED,2026-03-20,2026-09-21,0,0.07,1.764384,100.0,1.764384
EH12M,ON_DOLLAR_LINKED,2026-03-20,2026-12-21,0,0.07,1.745205,100.0,1.745205
EH12M,ON_DOLLAR_LINKED,2026-03-20,2027-03-22,33,0.07,1.726027,67.0,34.726027
EH12M,ON_DOLLAR_LINKED,2026-03-20,2027-06-21,33,0.07,1.182137,34.0,34.182137
EH12M,ON_DOLLAR_LINKED,2026-03-20,2027-09-20,34,0.07,0.59989,0.0,34.59989
EH13M,ON,2026-03-20,2026-06-22,0,0.1,2.520548,100.0,2.520548
EH13M,ON,2026-03-20,2026-09-21,0,0.1,2.520548,100.0,2.520548
EH13M,ON,2026-03-20,2026-12-21,0,0.1,2.493151,100.0,2.493151
EH13M,ON,2026-03-20,2027-03-22,33,0.1,2.465753,67.0,35.465753
EH13M,ON,2026-03-20,2027-06-21,33,0.1,1.688767,34.0,34.688767
EH13M,ON,2026-03-20,2027-09-20,34,0.1,0.856986,0.0,34.856986
EMC1O,ON,2025-07-04,2026-01-05,0.0,0.075,3.780821917808219,100.0,3.7808219178
EMC1O,ON,2025-07-04,2026-07-06,0.0,0.075,3.719178082191781,100.0,3.7191780822
EMC1O,ON,2025-07-04,2027-01-04,0.0,0.075,3.780821917808219,100.0,3.7808219178
EMC1O,ON,2025-07-04,2027-07-05,100.0,0.075,3.73972602739726,0.0,103.7397260274
EN72L,ON_TAMAR,2025-08-21,2026-02-23,25,0.07,0.0,75.0,25.0
EN72L,ON_TAMAR,2025-08-21,2026-05-26,0,0.07,0.0,75.0,0.0
EN72L,ON_TAMAR,2025-08-21,2026-08-24,25,0.07,0.0,50.0,25.0
EN72L,ON_TAMAR,2025-08-21,2026-11-24,0,0.07,0.0,50.0,0.0
EN72L,ON_TAMAR,2025-08-21,2027-02-23,25,0.07,0.0,25.0,25.0
EN72L,ON_TAMAR,2025-08-21,2027-05-24,0,0.07,0.0,25.0,0.0
EN72L,ON_TAMAR,2025-08-21,2027-08-23,25,0.07,0.0,0.0,25.0
ENC8P,ON_TAMAR,2025-12-19,2026-06-19,25,0.015,0.0,75.0,25.0
ENC8P,ON_TAMAR,2025-12-19,2026-09-21,0,0.015,0.0,75.0,0.0
ENC8P,ON_TAMAR,2025-12-19,2026-12-21,25,0.015,0.0,50.0,25.0
ENC8P,ON_TAMAR,2025-12-19,2027-03-19,0,0.015,0.0,50.0,0.0
ENC8P,ON_TAMAR,2025-12-19,2027-06-21,25,0.015,0.0,25.0,25.0
ENC8P,ON_TAMAR,2025-12-19,2027-09-20,0,0.015,0.0,25.0,0.0
ENC8P,ON_TAMAR,2025-12-19,2027-12-20,25,0.015,0.0,0.0,25.0
EP4AP,ON_TAMAR,2025-07-14,2025-10-14,0,0.07,0.07,100.0,0.0
EP4AP,ON_TAMAR,2025-07-14,2026-01-14,25,0.07,0.07,75.0,25.0
EP4AP,ON_TAMAR,2025-07-14,2026-04-14,0,0.07,0.07,75.0,0.0
EP4AP,ON_TAMAR,2025-07-14,2026-07-14,25,0.07,0.07,50.0,25.0
EP4AP,ON_TAMAR,2025-07-14,2026-10-14,0,0.07,0.07,50.0,0.0
EP4AP,ON_TAMAR,2025-07-14,2027-01-14,25,0.07,0.07,25.0,25.0
EP4AP,ON_TAMAR,2025-07-14,2027-04-14,0,0.07,0.07,25.0,0.0
EP4AP,ON_TAMAR,2025-07-14,2027-07-14,25,0.07,0.07,0.0,25.0
EP4BP,ON_DOLLAR_LINKED,2025-07-14,2025-10-14,0.0,0.1049,2.6440547945205477,100.0,2.6440547945205477
EP4BP,ON_DOLLAR_LINKED,2025-07-14,2026-01-14,25.0,0.1049,2.6440547945205477,75.0,27.64405479452055
EP4BP,ON_DOLLAR_LINKED,2025-07-14,2026-04-14,0.0,0.1049,1.9399315068493148,75.0,1.9399315068493148
EP4BP,ON_DOLLAR_LINKED,2025-07-14,2026-07-14,25.0,0.1049,1.961486301369863,50.0,26.961486301369863
EP4BP,ON_DOLLAR_LINKED,2025-07-14,2026-10-14,0.0,0.1049,1.322027397260274,50.0,1.322027397260274
EP4BP,ON_DOLLAR_LINKED,2025-07-14,2027-01-14,25.0,0.1049,1.322027397260274,25.0,26.322027397260275
EP4BP,ON_DOLLAR_LINKED,2025-07-14,2027-04-14,0.0,0.1049,0.6466438356164382,25.0,0.6466438356164382
EP4BP,ON_DOLLAR_LINKED,2025-07-14,2027-07-14,25.0,0.1049,0.6538356164383562,0.0,25.653835616438357
ERF25,SUB_SOBERANO,2017-02-08,2017-08-08,0.0,0.0875,4.375,100.0,4.375
ERF25,SUB_SOBERANO,2017-02-08,2018-02-08,0.0,0.0875,4.375,100.0,4.375
ERF25,SUB_SOBERANO,2017-02-08,2018-08-08,0.0,0.0875,4.375,100.0,4.375
ERF25,SUB_SOBERANO,2017-02-08,2019-02-08,0.0,0.0875,4.375,100.0,4.375
ERF25,SUB_SOBERANO,2017-02-08,2019-08-08,0.0,0.0875,4.375,100.0,4.375
ERF25,SUB_SOBERANO,2017-02-08,2020-02-10,0.0,0.0875,4.375,100.0,4.375
ERF25,SUB_SOBERANO,2017-02-08,2020-08-10,0.0,0.0,0.0,100.0,0.0
ERF25,SUB_SOBERANO,2017-02-08,2021-02-08,0.0,0.0,0.0,100.0,0.0
ERF25,SUB_SOBERANO,2017-02-08,2021-08-09,0.0,0.05,2.5,100.0,2.5
ERF25,SUB_SOBERANO,2017-02-08,2022-02-08,0.0,0.05,2.5,100.0,2.5
ERF25,SUB_SOBERANO,2017-02-08,2022-08-08,0.0,0.05,2.5,100.0,2.5
ERF25,SUB_SOBERANO,2017-02-08,2023-02-08,0.05,0.0575,2.875,95.0,7.875
ERF25,SUB_SOBERANO,2017-02-08,2023-08-08,0.05,0.081,3.8475,90.0,8.8475
ERF25,SUB_SOBERANO,2017-02-08,2024-02-08,0.09,0.0825,3.7125,81.0,12.7125
ERF25,SUB_SOBERANO,2017-02-08,2024-08-08,0.09,0.0825,3.34125,72.0,12.34125
ERF25,SUB_SOBERANO,2017-02-08,2025-02-10,0.09,0.0825,2.97,63.0,11.97
ERF25,SUB_SOBERANO,2017-02-08,2025-08-08,0.09,0.0825,2.59875,54.0,11.59875
ERF25,SUB_SOBERANO,2017-02-08,2026-02-09,0.09,0.0825,2.2275,45.0,11.2275
ERF25,SUB_SOBERANO,2017-02-08,2026-08-10,0.09,0.0825,1.85625,36.0,10.85625
ERF25,SUB_SOBERANO,2017-02-08,2027-02-08,0.09,0.0825,1.485,27.0,10.485
ERF25,SUB_SOBERANO,2017-02-08,2027-08-09,0.09,0.0825,1.11375,18.0,10.11375
ERF25,SUB_SOBERANO,2017-02-08,2028-02-08,0.09,0.0825,0.7425,9.0,9.7425
ERF25,SUB_SOBERANO,2017-02-08,2028-08-08,0.09,0.0825,0.37125,0.0,9.37125
ERL26,SUB_SOBERANO_FIXED_RATE,2025-07-17,2025-10-17,0,0.3575,8.9375,100.0,8.9375
ERL26,SUB_SOBERANO_FIXED_RATE,2025-07-17,2026-01-19,0,0.3575,8.9375,100.0,8.9375
ERL26,SUB_SOBERANO_FIXED_RATE,2025-07-17,2026-04-17,50,0.3575,8.9375,50.0,58.9375
ERL26,SUB_SOBERANO_FIXED_RATE,2025-07-17,2026-07-17,50,0.3575,4.46875,0.0,54.46875
ESS1P,ON_TAMAR,2025-06-12,2025-09-12,0,0.06,0.06,100.0,0.0
ESS1P,ON_TAMAR,2025-06-12,2025-12-12,25,0.06,0.06,75.0,25.0
ESS1P,ON_TAMAR,2025-06-12,2026-03-12,0,0.06,0.06,75.0,0.0
ESS1P,ON_TAMAR,2025-06-12,2026-06-12,25,0.06,0.06,50.0,25.0
ESS1P,ON_TAMAR,2025-06-12,2026-09-14,0,0.06,0.06,50.0,0.0
ESS1P,ON_TAMAR,2025-06-12,2026-12-14,25,0.06,0.06,25.0,25.0
ESS1P,ON_TAMAR,2025-06-12,2027-03-12,0,0.06,0.06,25.0,0.0
ESS1P,ON_TAMAR,2025-06-12,2027-06-11,25,0.06,0.06,0.0,25.0
EXS1P,ON_TAMAR,2025-07-10,2025-10-10,0.00,0.0599,0.0599,100.0,0.0
EXS1P,ON_TAMAR,2025-07-10,2026-01-12,0.00,0.0599,0.0599,100.0,0.0
EXS1P,ON_TAMAR,2025-07-10,2026-04-10,0.00,0.0599,0.0599,100.0,0.0
EXS1P,ON_TAMAR,2025-07-10,2026-07-10,0.00,0.0599,0.0599,100.0,0.0
EXS1P,ON_TAMAR,2025-07-10,2026-10-13,0.00,0.0599,0.0599,100.0,0.0
EXS1P,ON_TAMAR,2025-07-10,2027-01-11,33.00,0.0599,0.0599,67.0,33.0
EXS1P,ON_TAMAR,2025-07-10,2027-04-12,33.00,0.0599,0.0599,34.0,33.0
EXS1P,ON_TAMAR,2025-07-10,2027-07-08,34.00,0.0599,0.0599,0.0,34.0
F04AO,ON,2026-01-20,2026-04-20,0,0.079,1.947945,100.0,1.947945
F04AO,ON,2026-01-20,2026-07-20,0,0.079,1.969589,100.0,1.969589
F04AO,ON,2026-01-20,2026-10-20,0,0.079,1.991233,100.0,1.991233
F04AO,ON,2026-01-20,2027-01-20,0,0.079,1.991233,100.0,1.991233
F04AO,ON,2026-01-20,2027-04-20,0,0.079,1.947945,100.0,1.947945
F04AO,ON,2026-01-20,2027-07-20,100,0.079,1.969589,0.0,101.969589
F04BO,ON_DOLLAR_LINKED,2026-01-20,2026-07-20,0,0.085,4.215068,100.0,4.215068
F04BO,ON_DOLLAR_LINKED,2026-01-20,2027-01-20,100,0.085,4.284932,0.0,104.284932
FB1AL,ON_TAMAR,2026-03-09,2026-06-09,0,-0.0001,0.0,100.0,0.0
FB1AL,ON_TAMAR,2026-03-09,2026-09-09,25,-0.0001,0.0,75.0,25.0
FB1AL,ON_TAMAR,2026-03-09,2026-12-09,0,-0.0001,0.0,75.0,0.0
FB1AL,ON_TAMAR,2026-03-09,2027-03-09,25,-0.0001,0.0,50.0,25.0
FB1AL,ON_TAMAR,2026-03-09,2027-06-09,0,-0.0001,0.0,50.0,0.0
FB1AL,ON_TAMAR,2026-03-09,2027-09-09,25,-0.0001,0.0,25.0,25.0
FB1AL,ON_TAMAR,2026-03-09,2027-12-09,0,-0.0001,0.0,25.0,0.0
FB1AL,ON_TAMAR,2026-03-09,2028-03-09,25,-0.0001,0.0,0.0,25.0
FO4AO,ON,2026-01-20,2026-04-20,0,0.079,1.947945,100.0,1.947945
FO4AO,ON,2026-01-20,2026-07-20,0,0.079,1.969589,100.0,1.969589
FO4AO,ON,2026-01-20,2026-10-20,0,0.079,1.991233,100.0,1.991233
FO4AO,ON,2026-01-20,2027-01-20,0,0.079,1.991233,100.0,1.991233
FO4AO,ON,2026-01-20,2027-04-20,0,0.079,1.947945,100.0,1.947945
FO4AO,ON,2026-01-20,2027-07-20,100,0.079,1.969589,0.0,101.969589
FPC1O,ON,2025-02-10,2025-05-12,0,0.06,1.463014,100.0,1.463014
FPC1O,ON,2025-02-10,2025-08-11,0,0.06,1.512329,100.0,1.512329
FPC1O,ON,2025-02-10,2025-11-10,0,0.06,1.512329,100.0,1.512329
FPC1O,ON,2025-02-10,2026-02-10,0,0.06,1.512329,100.0,1.512329
FPC1O,ON,2025-02-10,2026-05-11,0,0.06,1.463014,100.0,1.463014
FPC1O,ON,2025-02-10,2026-08-10,0,0.06,1.512329,100.0,1.512329
FPC1O,ON,2025-02-10,2026-11-10,0,0.06,1.512329,100.0,1.512329
FPC1O,ON,2025-02-10,2027-02-10,0,0.06,1.512329,100.0,1.512329
FPC1O,ON,2025-02-10,2027-05-10,0,0.06,1.512329,100.0,1.512329
FPC1O,ON,2025-02-10,2027-08-10,0,0.06,1.512329,100.0,1.512329
FPC1O,ON,2025-02-10,2027-11-10,0,0.06,1.512329,100.0,1.512329
FPC1O,ON,2025-02-10,2028-02-10,100,0.06,1.512329,0.0,101.512329
FSS1L,ON_TAMAR,2025-12-04,2026-03-04,0,0.04,0.0,100.0,0.0
FSS1L,ON_TAMAR,2025-12-04,2026-06-04,25,0.04,0.0,75.0,25.0
FSS1L,ON_TAMAR,2025-12-04,2026-09-04,0,0.04,0.0,75.0,0.0
FSS1L,ON_TAMAR,2025-12-04,2026-12-04,25,0.04,0.0,50.0,25.0
FSS1L,ON_TAMAR,2025-12-04,2027-03-04,0,0.04,0.0,50.0,0.0
FSS1L,ON_TAMAR,2025-12-04,2027-06-04,25,0.04,0.0,25.0,25.0
FSS1L,ON_TAMAR,2025-12-04,2027-09-06,0,0.04,0.0,25.0,0.0
FSS1L,ON_TAMAR,2025-12-04,2027-12-06,25,0.04,0.0,0.0,25.0
FTN2O,ON_FIXED_RATE,2026-02-24,2026-11-24,100,0.027,27.0966,0.0,127.0966
FTN3O,ON_TAMAR,2026-02-24,2026-05-26,0,0.0448,0.0,100.0,0.0
FTN3O,ON_TAMAR,2026-02-24,2026-08-24,0,0.0448,0.0,100.0,0.0
FTN3O,ON_TAMAR,2026-02-24,2026-11-24,0,0.0448,0.0,100.0,0.0
FTN3O,ON_TAMAR,2026-02-24,2027-02-24,100,0.0448,0.0,0.0,100.0
FYC1O,ON,2026-05-11,2026-11-11,0,0.075,3.780822,100.0,3.780822
FYC1O,ON,2026-05-11,2027-05-11,0,0.075,3.719178,100.0,3.719178
FYC1O,ON,2026-05-11,2027-11-11,0,0.075,3.780822,100.0,3.780822
FYC1O,ON,2026-05-11,2028-05-11,0,0.075,3.739726,100.0,3.739726
FYC1O,ON,2026-05-11,2028-11-13,0,0.075,3.780822,100.0,3.780822
FYC1O,ON,2026-05-11,2029-05-11,100,0.075,3.719178,0.0,103.719178
GD29,HARD_DOLLAR,2020-04-09,2022-01-10,0.0000,0.01,0.5,100.0,0.5
GD29,HARD_DOLLAR,2020-04-09,2022-07-11,0.0000,0.01,0.5,100.0,0.5
GD29,HARD_DOLLAR,2020-04-09,2023-01-09,0.0000,0.01,0.5,100.0,0.5
GD29,HARD_DOLLAR,2020-04-09,2023-07-10,0.0000,0.01,0.5,100.0,0.5
GD29,HARD_DOLLAR,2020-04-09,2024-01-09,0.0000,0.01,0.5,100.0,0.5
GD29,HARD_DOLLAR,2020-04-09,2024-07-10,0.0000,0.01,0.5,100.0,0.5
GD29,HARD_DOLLAR,2020-04-09,2024-07-12,0.0000,0.01,0.5,100.0,0.5
GD29,HARD_DOLLAR,2020-04-09,2025-01-09,10.0000,0.01,0.5,90.0,10.5
GD29,HARD_DOLLAR,2020-04-09,2025-07-10,10.0000,0.01,0.45,80.0,10.45
GD29,HARD_DOLLAR,2020-04-09,2026-01-09,10.0000,0.01,0.4,70.0,10.4
GD29,HARD_DOLLAR,2020-04-09,2026-07-10,10.0000,0.01,0.35,60.0,10.35
GD29,HARD_DOLLAR,2020-04-09,2027-01-11,10.0000,0.01,0.3,50.0,10.3
GD29,HARD_DOLLAR,2020-04-09,2027-07-12,10.0000,0.01,0.25,40.0,10.25
GD29,HARD_DOLLAR,2020-04-09,2028-01-10,10.0000,0.01,0.2,30.0,10.2
GD29,HARD_DOLLAR,2020-04-09,2028-07-10,10.0000,0.01,0.15,20.0,10.15
GD29,HARD_DOLLAR,2020-04-09,2029-01-09,10.0000,0.01,0.1,10.0,10.1
GD29,HARD_DOLLAR,2020-04-09,2029-07-10,10.0000,0.01,0.05,0.0,10.05
GD30,HARD_DOLLAR,2020-09-04,2021-07-09,0.0000,0.0013,0.1069,100.0,0.1069
GD30,HARD_DOLLAR,2020-09-04,2022-01-09,0.0000,0.005,0.25,100.0,0.25
GD30,HARD_DOLLAR,2020-09-04,2022-07-09,0.0000,0.005,0.25,100.0,0.25
GD30,HARD_DOLLAR,2020-09-04,2023-01-09,0.0000,0.005,0.25,100.0,0.25
GD30,HARD_DOLLAR,2020-09-04,2023-07-09,0.0000,0.005,0.25,100.0,0.25
GD30,HARD_DOLLAR,2020-09-04,2024-01-09,0.0000,0.0075,0.375,100.0,0.375
GD30,HARD_DOLLAR,2020-09-04,2024-07-09,4.0000,0.0075,0.375,96.0,4.375
GD30,HARD_DOLLAR,2020-09-04,2025-01-09,8.0000,0.0075,0.36,88.0,8.36
GD30,HARD_DOLLAR,2020-09-04,2025-07-09,8.0000,0.0075,0.33,80.0,8.33
GD30,HARD_DOLLAR,2020-09-04,2026-01-09,8.0000,0.0075,0.3,72.0,8.3
GD30,HARD_DOLLAR,2020-09-04,2026-07-09,8.0000,0.0075,0.27,64.0,8.27
GD30,HARD_DOLLAR,2020-09-04,2027-01-09,8.0000,0.0075,0.24,56.0,8.24
GD30,HARD_DOLLAR,2020-09-04,2027-07-09,8.0000,0.0075,0.21,48.0,8.21
GD30,HARD_DOLLAR,2020-09-04,2028-01-09,8.0000,0.0175,0.42,40.0,8.42
GD30,HARD_DOLLAR,2020-09-04,2028-07-09,8.0000,0.0175,0.35,32.0,8.35
GD30,HARD_DOLLAR,2020-09-04,2029-01-09,8.0000,0.0175,0.28,24.0,8.28
GD30,HARD_DOLLAR,2020-09-04,2029-07-09,8.0000,0.0175,0.21,16.0,8.21
GD30,HARD_DOLLAR,2020-09-04,2030-01-09,8.0000,0.0175,0.14,8.0,8.14
GD30,HARD_DOLLAR,2020-09-04,2030-07-09,8.0000,0.0175,0.07,0.0,8.07
GD35,HARD_DOLLAR,2020-09-04,2021-07-12,0.0000,0.0013,0.11,100.0,0.11
GD35,HARD_DOLLAR,2020-09-04,2022-01-10,0.0000,0.0113,0.56,100.0,0.56
GD35,HARD_DOLLAR,2020-09-04,2022-07-11,0.0000,0.0113,0.56,100.0,0.56
GD35,HARD_DOLLAR,2020-09-04,2023-01-09,0.0000,0.015,0.75,100.0,0.75
GD35,HARD_DOLLAR,2020-09-04,2023-07-10,0.0000,0.015,0.75,100.0,0.75
GD35,HARD_DOLLAR,2020-09-04,2024-01-09,0.0000,0.0363,1.81,100.0,1.81
GD35,HARD_DOLLAR,2020-09-04,2024-07-10,0.0000,0.0363,1.81,100.0,1.81
GD35,HARD_DOLLAR,2020-09-04,2025-01-09,0.0000,0.0413,2.06,100.0,2.06
GD35,HARD_DOLLAR,2020-09-04,2025-07-10,0.0000,0.0413,2.06,100.0,2.06
GD35,HARD_DOLLAR,2020-09-04,2026-01-09,0.0000,0.0413,2.06,100.0,2.06
GD35,HARD_DOLLAR,2020-09-04,2026-07-10,0.0000,0.0413,2.06,100.0,2.06
GD35,HARD_DOLLAR,2020-09-04,2027-01-11,0.0000,0.0413,2.06,100.0,2.06
GD35,HARD_DOLLAR,2020-09-04,2027-07-12,0.0000,0.0413,2.06,100.0,2.06
GD35,HARD_DOLLAR,2020-09-04,2028-01-10,0.0000,0.0475,2.38,100.0,2.38
GD35,HARD_DOLLAR,2020-09-04,2028-07-10,0.0000,0.0475,2.38,100.0,2.38
GD35,HARD_DOLLAR,2020-09-04,2029-01-09,0.0000,0.05,2.5,100.0,2.5
GD35,HARD_DOLLAR,2020-09-04,2029-07-10,0.0000,0.05,2.5,100.0,2.5
GD35,HARD_DOLLAR,2020-09-04,2030-01-09,0.0000,0.05,2.5,100.0,2.5
GD35,HARD_DOLLAR,2020-09-04,2030-07-10,0.0000,0.05,2.5,100.0,2.5
GD35,HARD_DOLLAR,2020-09-04,2031-01-09,10.0000,0.05,2.5,90.0,12.5
GD35,HARD_DOLLAR,2020-09-04,2031-07-09,10.0000,0.05,2.25,80.0,12.25
GD35,HARD_DOLLAR,2020-09-04,2032-01-09,10.0000,0.05,2.0,70.0,12.0
GD35,HARD_DOLLAR,2020-09-04,2032-07-09,10.0000,0.05,1.75,60.0,11.75
GD35,HARD_DOLLAR,2020-09-04,2033-01-10,10.0000,0.05,1.5,50.0,11.5
GD35,HARD_DOLLAR,2020-09-04,2033-07-11,10.0000,0.05,1.25,40.0,11.25
GD35,HARD_DOLLAR,2020-09-04,2034-01-09,10.0000,0.05,1.0,30.0,11.0
GD35,HARD_DOLLAR,2020-09-04,2034-07-10,10.0000,0.05,0.75,20.0,10.75
GD35,HARD_DOLLAR,2020-09-04,2035-01-09,10.0000,0.05,0.5,10.0,10.5
GD35,HARD_DOLLAR,2020-09-04,2035-07-09,10.0000,0.05,0.25,0.0,10.25
GD38,HARD_DOLLAR,2020-09-04,2021-07-12,0.0000,0.0013,0.11,100.0,0.11
GD38,HARD_DOLLAR,2020-09-04,2022-01-10,0.0000,0.02,1.0,100.0,1.0
GD38,HARD_DOLLAR,2020-09-04,2022-07-11,0.0000,0.02,1.0,100.0,1.0
GD38,HARD_DOLLAR,2020-09-04,2023-01-09,0.0000,0.0388,1.94,100.0,1.94
GD38,HARD_DOLLAR,2020-09-04,2023-07-10,0.0000,0.0388,1.94,100.0,1.94
GD38,HARD_DOLLAR,2020-09-04,2024-01-09,0.0000,0.0425,2.13,100.0,2.13
GD38,HARD_DOLLAR,2020-09-04,2024-07-10,0.0000,0.0425,2.13,100.0,2.13
GD38,HARD_DOLLAR,2020-09-04,2025-01-09,0.0000,0.05,2.5,100.0,2.5
GD38,HARD_DOLLAR,2020-09-04,2025-07-10,0.0000,0.05,2.5,100.0,2.5
GD38,HARD_DOLLAR,2020-09-04,2026-01-09,0.0000,0.05,2.5,100.0,2.5
GD38,HARD_DOLLAR,2020-09-04,2026-07-10,0.0000,0.05,2.5,100.0,2.5
GD38,HARD_DOLLAR,2020-09-04,2027-01-11,0.0000,0.05,2.5,100.0,2.5
GD38,HARD_DOLLAR,2020-09-04,2027-07-12,4.5455,0.05,2.5,95.45,7.0455
GD38,HARD_DOLLAR,2020-09-04,2028-01-10,4.5455,0.05,2.39,90.91,6.9355
GD38,HARD_DOLLAR,2020-09-04,2028-07-10,4.5455,0.05,2.27,86.36,6.8155
GD38,HARD_DOLLAR,2020-09-04,2029-01-09,4.5455,0.05,2.16,81.82,6.7055
GD38,HARD_DOLLAR,2020-09-04,2029-07-10,4.5455,0.05,2.05,77.27,6.5955
GD38,HARD_DOLLAR,2020-09-04,2030-01-09,4.5455,0.05,1.93,72.73,6.4755
GD38,HARD_DOLLAR,2020-09-04,2030-07-10,4.5455,0.05,1.82,68.18,6.3655
GD38,HARD_DOLLAR,2020-09-04,2031-01-09,4.5455,0.05,1.7,63.64,6.2455
GD38,HARD_DOLLAR,2020-09-04,2031-07-09,4.5455,0.05,1.59,59.09,6.1355
GD38,HARD_DOLLAR,2020-09-04,2032-01-09,4.5455,0.05,1.48,54.55,6.0255
GD38,HARD_DOLLAR,2020-09-04,2032-07-09,4.5455,0.05,1.36,50.0,5.9055
GD38,HARD_DOLLAR,2020-09-04,2033-01-10,4.5455,0.05,1.25,45.45,5.7955
GD38,HARD_DOLLAR,2020-09-04,2033-07-11,4.5455,0.05,1.14,40.91,5.6855
GD38,HARD_DOLLAR,2020-09-04,2034-01-09,4.5455,0.05,1.02,36.36,5.5655
GD38,HARD_DOLLAR,2020-09-04,2034-07-10,4.5455,0.05,0.91,31.82,5.4555
GD38,HARD_DOLLAR,2020-09-04,2035-01-09,4.5455,0.05,0.8,27.27,5.3455
GD38,HARD_DOLLAR,2020-09-04,2035-07-09,4.5455,0.05,0.68,22.73,5.2255
GD38,HARD_DOLLAR,2020-09-04,2036-01-09,4.5455,0.05,0.57,18.18,5.1155
GD38,HARD_DOLLAR,2020-09-04,2036-07-09,4.5455,0.05,0.45,13.64,4.9955
GD38,HARD_DOLLAR,2020-09-04,2037-01-09,4.5455,0.05,0.34,9.09,4.8855
GD38,HARD_DOLLAR,2020-09-04,2037-07-09,4.5455,0.05,0.23,4.55,4.7755
GD38,HARD_DOLLAR,2020-09-04,2038-01-11,4.5455,0.05,0.11,0.0,4.6555
GD41,HARD_DOLLAR,2020-09-04,2021-07-12,0.0000,0.0013,0.11,100.0,0.11
GD41,HARD_DOLLAR,2020-09-04,2022-01-10,0.0000,0.025,1.25,100.0,1.25
GD41,HARD_DOLLAR,2020-09-04,2022-07-11,0.0000,0.025,1.25,100.0,1.25
GD41,HARD_DOLLAR,2020-09-04,2023-01-09,0.0000,0.035,1.75,100.0,1.75
GD41,HARD_DOLLAR,2020-09-04,2023-07-10,0.0000,0.035,1.75,100.0,1.75
GD41,HARD_DOLLAR,2020-09-04,2024-01-09,0.0000,0.035,1.75,100.0,1.75
GD41,HARD_DOLLAR,2020-09-04,2024-07-10,0.0000,0.035,1.75,100.0,1.75
GD41,HARD_DOLLAR,2020-09-04,2025-01-09,0.0000,0.035,1.75,100.0,1.75
GD41,HARD_DOLLAR,2020-09-04,2025-07-10,0.0000,0.035,1.75,100.0,1.75
GD41,HARD_DOLLAR,2020-09-04,2026-01-09,0.0000,0.035,1.75,100.0,1.75
GD41,HARD_DOLLAR,2020-09-04,2026-07-10,0.0000,0.035,1.75,100.0,1.75
GD41,HARD_DOLLAR,2020-09-04,2027-01-11,0.0000,0.035,1.75,100.0,1.75
GD41,HARD_DOLLAR,2020-09-04,2027-07-12,0.0000,0.035,1.75,100.0,1.75
GD41,HARD_DOLLAR,2020-09-04,2028-01-10,3.5714,0.035,1.75,96.43,5.3214
GD41,HARD_DOLLAR,2020-09-04,2028-07-10,3.5714,0.035,1.69,92.86,5.2614
GD41,HARD_DOLLAR,2020-09-04,2029-01-09,3.5714,0.035,1.62,89.29,5.1914
GD41,HARD_DOLLAR,2020-09-04,2029-07-10,3.5714,0.035,1.56,85.71,5.1314
GD41,HARD_DOLLAR,2020-09-04,2030-01-09,3.5714,0.0488,2.09,82.14,5.6614
GD41,HARD_DOLLAR,2020-09-04,2030-07-10,3.5714,0.0488,2.0,78.57,5.5714
GD41,HARD_DOLLAR,2020-09-04,2031-01-09,3.5714,0.0488,1.92,75.0,5.4914
GD41,HARD_DOLLAR,2020-09-04,2031-07-09,3.5714,0.0488,1.83,71.43,5.4014
GD41,HARD_DOLLAR,2020-09-04,2032-01-09,3.5714,0.0488,1.74,67.86,5.3114
GD41,HARD_DOLLAR,2020-09-04,2032-07-09,3.5714,0.0488,1.65,64.29,5.2214
GD41,HARD_DOLLAR,2020-09-04,2033-01-10,3.5714,0.0488,1.57,60.71,5.1414
GD41,HARD_DOLLAR,2020-09-04,2033-07-11,3.5714,0.0488,1.48,57.14,5.0514
GD41,HARD_DOLLAR,2020-09-04,2034-01-09,3.5714,0.0488,1.39,53.57,4.9614
GD41,HARD_DOLLAR,2020-09-04,2034-07-10,3.5714,0.0488,1.31,50.0,4.8814
GD41,HARD_DOLLAR,2020-09-04,2035-01-09,3.5714,0.0488,1.22,46.43,4.7914
GD41,HARD_DOLLAR,2020-09-04,2035-07-09,3.5714,0.0488,1.13,42.86,4.7014
GD41,HARD_DOLLAR,2020-09-04,2036-01-09,3.5714,0.0488,1.04,39.29,4.6114
GD41,HARD_DOLLAR,2020-09-04,2036-07-09,3.5714,0.0488,0.96,35.71,4.5314
GD41,HARD_DOLLAR,2020-09-04,2037-01-09,3.5714,0.0488,0.87,32.14,4.4414
GD41,HARD_DOLLAR,2020-09-04,2037-07-09,3.5714,0.0488,0.78,28.57,4.3514
GD41,HARD_DOLLAR,2020-09-04,2038-01-11,3.5714,0.0488,0.7,25.0,4.2714
GD41,HARD_DOLLAR,2020-09-04,2038-07-09,3.5714,0.0488,0.61,21.43,4.1814
GD41,HARD_DOLLAR,2020-09-04,2039-01-10,3.5714,0.0488,0.52,17.86,4.0914
GD41,HARD_DOLLAR,2020-09-04,2039-07-11,3.5714,0.0488,0.44,14.29,4.0114
GD41,HARD_DOLLAR,2020-09-04,2040-01-09,3.5714,0.0488,0.35,10.71,3.9214
GD41,HARD_DOLLAR,2020-09-04,2040-07-09,3.5714,0.0488,0.26,7.14,3.8314
GD41,HARD_DOLLAR,2020-09-04,2041-01-09,3.5714,0.0488,0.17,3.57,3.7414
GD41,HARD_DOLLAR,2020-09-04,2041-07-09,3.5714,0.0488,0.09,0.0,3.6614
GD46,HARD_DOLLAR,2020-09-04,2021-07-12,0.0000,0.0013,0.11,100.0,0.11
GD46,HARD_DOLLAR,2020-09-04,2022-01-10,0.0000,0.0113,0.56,100.0,0.56
GD46,HARD_DOLLAR,2020-09-04,2022-07-11,0.0000,0.0113,0.56,100.0,0.56
GD46,HARD_DOLLAR,2020-09-04,2023-01-09,0.0000,0.015,0.75,100.0,0.75
GD46,HARD_DOLLAR,2020-09-04,2023-07-10,0.0000,0.015,0.75,100.0,0.75
GD46,HARD_DOLLAR,2020-09-04,2024-01-09,0.0000,0.0363,1.81,100.0,1.81
GD46,HARD_DOLLAR,2020-09-04,2024-07-10,0.0000,0.0363,1.81,100.0,1.81
GD46,HARD_DOLLAR,2020-09-04,2025-01-09,2.2727,0.0413,2.06,97.73,4.3327
GD46,HARD_DOLLAR,2020-09-04,2025-07-10,2.2727,0.0413,2.02,95.45,4.2927
GD46,HARD_DOLLAR,2020-09-04,2026-01-09,2.2727,0.0413,1.97,93.18,4.2427
GD46,HARD_DOLLAR,2020-09-04,2026-07-10,2.2727,0.0413,1.92,90.91,4.1927
GD46,HARD_DOLLAR,2020-09-04,2027-01-11,2.2727,0.0413,1.88,88.64,4.1527
GD46,HARD_DOLLAR,2020-09-04,2027-07-12,2.2727,0.0413,1.83,86.36,4.1027
GD46,HARD_DOLLAR,2020-09-04,2028-01-10,2.2727,0.0438,1.89,84.09,4.1627
GD46,HARD_DOLLAR,2020-09-04,2028-07-10,2.2727,0.0438,1.84,81.82,4.1127
GD46,HARD_DOLLAR,2020-09-04,2029-01-09,2.2727,0.05,2.05,79.55,4.3227
GD46,HARD_DOLLAR,2020-09-04,2029-07-10,2.2727,0.05,1.99,77.27,4.2627
GD46,HARD_DOLLAR,2020-09-04,2030-01-09,2.2727,0.05,1.93,75.0,4.2027
GD46,HARD_DOLLAR,2020-09-04,2030-07-10,2.2727,0.05,1.88,72.73,4.1527
GD46,HARD_DOLLAR,2020-09-04,2031-01-09,2.2727,0.05,1.82,70.45,4.0927
GD46,HARD_DOLLAR,2020-09-04,2031-07-09,2.2727,0.05,1.76,68.18,4.0327
GD46,HARD_DOLLAR,2020-09-04,2032-01-09,2.2727,0.05,1.7,65.91,3.9727
GD46,HARD_DOLLAR,2020-09-04,2032-07-09,2.2727,0.05,1.65,63.64,3.9227
GD46,HARD_DOLLAR,2020-09-04,2033-01-10,2.2727,0.05,1.59,61.36,3.8627
GD46,HARD_DOLLAR,2020-09-04,2033-07-11,2.2727,0.05,1.53,59.09,3.8027
GD46,HARD_DOLLAR,2020-09-04,2034-01-09,2.2727,0.05,1.48,56.82,3.7527
GD46,HARD_DOLLAR,2020-09-04,2034-07-10,2.2727,0.05,1.42,54.55,3.6927
GD46,HARD_DOLLAR,2020-09-04,2035-01-09,2.2727,0.05,1.36,52.27,3.6327
GD46,HARD_DOLLAR,2020-09-04,2035-07-09,2.2727,0.05,1.31,50.0,3.5827
GD46,HARD_DOLLAR,2020-09-04,2036-01-09,2.2727,0.05,1.25,47.73,3.5227
GD46,HARD_DOLLAR,2020-09-04,2036-07-09,2.2727,0.05,1.19,45.45,3.4627
GD46,HARD_DOLLAR,2020-09-04,2037-01-09,2.2727,0.05,1.14,43.18,3.4127
GD46,HARD_DOLLAR,2020-09-04,2037-07-09,2.2727,0.05,1.08,40.91,3.3527
GD46,HARD_DOLLAR,2020-09-04,2038-01-11,2.2727,0.05,1.02,38.64,3.2927
GD46,HARD_DOLLAR,2020-09-04,2038-07-09,2.2727,0.05,0.97,36.36,3.2427
GD46,HARD_DOLLAR,2020-09-04,2039-01-10,2.2727,0.05,0.91,34.09,3.1827
GD46,HARD_DOLLAR,2020-09-04,2039-07-11,2.2727,0.05,0.85,31.82,3.1227
GD46,HARD_DOLLAR,2020-09-04,2040-01-09,2.2727,0.05,0.8,29.55,3.0727
GD46,HARD_DOLLAR,2020-09-04,2040-07-09,2.2727,0.05,0.74,27.27,3.0127
GD46,HARD_DOLLAR,2020-09-04,2041-01-09,2.2727,0.05,0.68,25.0,2.9527
GD46,HARD_DOLLAR,2020-09-04,2041-07-09,2.2727,0.05,0.63,22.73,2.9027
GD46,HARD_DOLLAR,2020-09-04,2042-01-09,2.2727,0.05,0.57,20.45,2.8427
GD46,HARD_DOLLAR,2020-09-04,2042-07-09,2.2727,0.05,0.51,18.18,2.7827
GD46,HARD_DOLLAR,2020-09-04,2043-01-09,2.2727,0.05,0.45,15.91,2.7227
GD46,HARD_DOLLAR,2020-09-04,2043-07-09,2.2727,0.05,0.4,13.64,2.6727
GD46,HARD_DOLLAR,2020-09-04,2044-01-11,2.2727,0.05,0.34,11.36,2.6127
GD46,HARD_DOLLAR,2020-09-04,2044-07-11,2.2727,0.05,0.28,9.09,2.5527
GD46,HARD_DOLLAR,2020-09-04,2045-01-09,2.2727,0.05,0.23,6.82,2.5027
GD46,HARD_DOLLAR,2020-09-04,2045-07-10,2.2727,0.05,0.17,4.55,2.4427
GD46,HARD_DOLLAR,2020-09-04,2046-01-09,2.2727,0.05,0.11,2.27,2.3827
GD46,HARD_DOLLAR,2020-09-04,2046-07-09,2.2727,0.05,0.06,0.0,2.3327
GN40O,ON,2023-07-14,2024-07-15,0,0.055,0.055301,100.0,5.530137
GN40O,ON,2023-07-14,2024-10-14,0,0.055,0.013712,100.0,1.371233
GN40O,ON,2023-07-14,2025-01-14,0,0.055,0.013863,100.0,1.386301
GN40O,ON,2023-07-14,2025-04-14,0,0.055,0.013562,100.0,1.356164
GN40O,ON,2023-07-14,2025-07-14,100,0.055,0.013712,0.0,101.371233
GN43O,ON,2024-03-08,2024-09-09,0,0.0625,3.167808,100.0,3.167808
GN43O,ON,2024-03-08,2024-12-09,0,0.0625,1.558219,100.0,1.558219
GN43O,ON,2024-03-08,2025-03-10,0,0.0625,1.541096,100.0,1.541096
GN43O,ON,2024-03-08,2025-06-09,0,0.0625,1.575342,100.0,1.575342
GN43O,ON,2024-03-08,2025-09-09,0,0.0625,1.575342,100.0,1.575342
GN43O,ON,2024-03-08,2025-12-09,0,0.0625,1.558219,100.0,1.558219
GN43O,ON,2024-03-08,2026-03-09,0,0.0625,1.541096,100.0,1.541096
GN43O,ON,2024-03-08,2026-06-09,0,0.0625,1.575342,100.0,1.575342
GN43O,ON,2024-03-08,2026-09-09,0,0.0625,1.575342,100.0,1.575342
GN43O,ON,2024-03-08,2026-12-09,0,0.0625,1.558219,100.0,1.558219
GN43O,ON,2024-03-08,2027-03-08,100,0.0625,1.523973,0.0,101.523973
GN46O,ON_DOLLAR_LINKED,2024-06-27,2024-09-27,0.00,0.02,0.5,1.0,0.5
GN46O,ON_DOLLAR_LINKED,2024-06-27,2024-12-27,0.00,0.02,0.5,1.0,0.5
GN46O,ON_DOLLAR_LINKED,2024-06-27,2025-03-27,0.00,0.02,0.49,1.0,0.49
GN46O,ON_DOLLAR_LINKED,2024-06-27,2025-06-27,0.00,0.02,0.5,1.0,0.5
GN46O,ON_DOLLAR_LINKED,2024-06-27,2025-09-29,0.00,0.02,0.5,1.0,0.5
GN46O,ON_DOLLAR_LINKED,2024-06-27,2025-12-29,0.00,0.02,0.5,1.0,0.5
GN46O,ON_DOLLAR_LINKED,2024-06-27,2026-03-27,0.00,0.02,0.49,1.0,0.49
GN46O,ON_DOLLAR_LINKED,2024-06-27,2026-06-29,100.00,0.02,0.5,0.0,100.5
GN47O,ON,2024-10-17,2025-04-21,0,0.06,0.029918,100.0,2.991781
GN47O,ON,2024-10-17,2025-10-17,0,0.06,0.030082,100.0,3.008219
GN47O,ON,2024-10-17,2026-04-17,0,0.06,0.029918,100.0,2.991781
GN47O,ON,2024-10-17,2026-10-19,0,0.06,0.030082,100.0,3.008219
GN47O,ON,2024-10-17,2027-04-19,0,0.06,0.029918,100.0,2.991781
GN47O,ON,2024-10-17,2027-10-18,0,0.06,0.030082,100.0,3.008219
GN47O,ON,2024-10-17,2028-04-17,0,0.06,0.030082,100.0,3.008219
GN47O,ON,2024-10-17,2028-10-17,100,0.06,0.030082,0.0,103.008219
GN48O,ON,2025-03-05,2025-09-05,0,0.065,3.276712,100.0,3.276712
GN48O,ON,2025-03-05,2026-03-05,0,0.065,3.223288,100.0,3.223288
GN48O,ON,2025-03-05,2026-09-07,0,0.065,3.276712,100.0,3.276712
GN48O,ON,2025-03-05,2027-03-05,0,0.065,3.223288,100.0,3.223288
GN48O,ON,2025-03-05,2027-09-06,0,0.065,3.276712,100.0,3.276712
GN48O,ON,2025-03-05,2028-03-06,100,0.065,3.258904,0.0,103.258904
GN49O,ON,2025-12-02,2026-06-02,0,0.03875,3.875,100.0,3.875
GN49O,ON,2025-12-02,2026-12-02,0,0.03875,3.875,100.0,3.875
GN49O,ON,2025-12-02,2027-06-02,0,0.03875,3.875,100.0,3.875
GN49O,ON,2025-12-02,2027-12-02,0,0.03875,3.875,100.0,3.875
GN49O,ON,2025-12-02,2028-06-02,0,0.03875,3.875,100.0,3.875
GN49O,ON,2025-12-02,2028-12-04,0,0.03875,3.875,100.0,3.875
GN49O,ON,2025-12-02,2029-06-04,0,0.03875,3.875,100.0,3.875
GN49O,ON,2025-12-02,2029-12-03,0,0.03875,3.875,100.0,3.875
GN49O,ON,2025-12-02,2030-06-03,0,0.03875,3.875,100.0,3.875
GN49O,ON,2025-12-02,2030-12-02,0,0.03875,3.875,100.0,3.875
GN49O,ON,2025-12-02,2031-06-02,0,0.03875,3.875,100.0,3.875
GN49O,ON,2025-12-02,2031-12-02,33,0.03875,3.875,67.0,36.875
GN49O,ON,2025-12-02,2032-06-02,0,0.03875,2.59625,67.0,2.59625
GN49O,ON,2025-12-02,2032-12-02,33,0.03875,2.59625,34.0,35.59625
GN49O,ON,2025-12-02,2033-06-02,0,0.03875,1.3175,34.0,1.3175
GN49O,ON,2025-12-02,2033-12-02,34,0.03875,1.3175,0.0,35.3175
GNCXO,ON,2021-09-02,2022-03-02,0.0000,0.0875,4.375,100.0,4.375
GNCXO,ON,2021-09-02,2022-09-05,0.0000,0.0875,4.375,100.0,4.375
GNCXO,ON,2021-09-02,2023-03-02,10.0000,0.0875,4.375,90.0,14.375
GNCXO,ON,2021-09-02,2023-09-04,10.0000,0.0875,3.9375,80.0,13.9375
GNCXO,ON,2021-09-02,2024-03-04,10.0000,0.0875,3.5,70.0,13.5
GNCXO,ON,2021-09-02,2024-09-02,10.0000,0.0875,3.0625,60.0,13.0625
GNCXO,ON,2021-09-02,2025-03-03,10.0000,0.0875,2.625,50.0,12.625
GNCXO,ON,2021-09-02,2025-09-02,10.0000,0.0875,2.1875,40.0,12.1875
GNCXO,ON,2021-09-02,2026-03-02,10.0000,0.0875,1.75,30.0,11.75
GNCXO,ON,2021-09-02,2026-09-02,10.0000,0.0875,1.3125,20.0,11.3125
GNCXO,ON,2021-09-02,2027-03-02,10.0000,0.0875,0.875,10.0,10.875
GNCXO,ON,2021-09-02,2027-09-02,10.0000,0.0875,0.4375,0.0,10.4375
GOC4O,ON,2024-10-24,2025-10-28,0.0000,0.04,4.043836,100.0,4.043836
GOC4O,ON,2024-10-24,2025-11-28,2.0000,0.1075,0.913014,98.0,2.913014
GOC4O,ON,2024-10-24,2025-12-29,2.0000,0.1075,0.86589,96.0,2.86589
GOC4O,ON,2024-10-24,2026-01-28,2.0000,0.1075,0.876493,94.0,2.876493
GOC4O,ON,2024-10-24,2026-03-02,2.0000,0.1075,0.858233,92.0,2.858233
GOC4O,ON,2024-10-24,2026-03-30,2.0000,0.1075,0.758685,90.0,2.758685
GOC4O,ON,2024-10-24,2026-04-28,2.0000,0.1075,0.821712,88.0,2.821712
GOC4O,ON,2024-10-24,2026-05-28,2.0000,0.1075,0.777534,86.0,2.777534
GOC4O,ON,2024-10-24,2026-06-29,2.0000,0.1075,0.785192,84.0,2.785192
GOC4O,ON,2024-10-24,2026-07-28,2.0000,0.1075,0.742192,82.0,2.742192
GOC4O,ON,2024-10-24,2026-08-28,2.0000,0.1075,0.748671,80.0,2.748671
GOC4O,ON,2024-10-24,2026-09-28,2.0000,0.1075,0.730411,78.0,2.730411
GOC4O,ON,2024-10-24,2026-10-28,2.0000,0.1075,0.689178,76.0,2.689178
GOC4O,ON,2024-10-24,2026-11-30,2.2500,0.1075,0.69389,73.75,2.94389
GOC4O,ON,2024-10-24,2026-12-28,2.2500,0.1075,0.651627,71.5,2.901627
GOC4O,ON,2024-10-24,2027-01-28,2.2500,0.1075,0.652805,69.25,2.902805
GOC4O,ON,2024-10-24,2027-03-01,2.2500,0.1075,0.632262,67.0,2.882262
GOC4O,ON,2024-10-24,2027-03-29,2.2500,0.1075,0.552521,64.75,2.802521
GOC4O,ON,2024-10-24,2027-04-28,2.2500,0.1075,0.591176,62.5,2.841176
GOC4O,ON,2024-10-24,2027-05-28,2.2500,0.1075,0.552226,60.25,2.802226
GOC4O,ON,2024-10-24,2027-06-28,2.2500,0.1075,0.550091,58.0,2.800091
GOC4O,ON,2024-10-24,2027-07-28,2.2500,0.1075,0.512466,55.75,2.762466
GOC4O,ON,2024-10-24,2027-08-30,2.2500,0.1075,0.509005,53.5,2.759005
GOC4O,ON,2024-10-24,2027-09-28,2.2500,0.1075,0.488462,51.25,2.738462
GOC4O,ON,2024-10-24,2027-10-28,2.2500,0.1075,0.452825,49.0,2.702825
GOC4O,ON,2024-10-24,2027-11-29,2.5000,0.1075,0.447377,46.5,2.947377
GOC4O,ON,2024-10-24,2027-12-28,2.5000,0.1075,0.410856,44.0,2.910856
GOC4O,ON,2024-10-24,2028-01-28,2.5000,0.1075,0.401726,41.5,2.901726
GOC4O,ON,2024-10-24,2028-02-28,2.5000,0.1075,0.378901,39.0,2.878901
GOC4O,ON,2024-10-24,2028-03-28,2.5000,0.1075,0.333103,36.5,2.833103
GOC4O,ON,2024-10-24,2028-04-28,2.5000,0.1075,0.33325,34.0,2.83325
GOC4O,ON,2024-10-24,2028-05-29,2.5000,0.1075,0.300411,31.5,2.800411
GOC4O,ON,2024-10-24,2028-06-28,2.5000,0.1075,0.287599,29.0,2.787599
GOC4O,ON,2024-10-24,2028-07-28,2.5000,0.1075,0.256233,26.5,2.756233
GOC4O,ON,2024-10-24,2028-08-28,2.5000,0.1075,0.241949,24.0,2.741949
GOC4O,ON,2024-10-24,2028-09-28,2.5000,0.1075,0.219123,21.5,2.719123
GOC4O,ON,2024-10-24,2028-10-30,2.5000,0.1075,0.189966,19.0,2.689966
GOC4O,ON,2024-10-24,2028-11-28,2.5000,0.1075,0.173473,16.5,2.673473
GOC4O,ON,2024-10-24,2028-12-28,2.5000,0.1075,0.145788,14.0,2.645788
GOC4O,ON,2024-10-24,2029-01-29,2.5000,0.1075,0.127822,11.5,2.627822
GOC4O,ON,2024-10-24,2029-02-28,2.5000,0.1075,0.104997,9.0,2.604997
GOC4O,ON,2024-10-24,2029-03-28,2.5000,0.1075,0.074219,6.5,2.574219
GOC4O,ON,2024-10-24,2029-04-30,6.5000,0.1075,0.059346,0.0,6.559346
GPS1M,ON_DOLLAR_LINKED,2026-03-31,2026-06-30,0,0.1,2.493151,100.0,2.493151
GPS1M,ON_DOLLAR_LINKED,2026-03-31,2026-09-30,0,0.1,2.520548,100.0,2.520548
GPS1M,ON_DOLLAR_LINKED,2026-03-31,2026-12-30,0,0.1,2.6301,100.0,2.493151
GPS1M,ON_DOLLAR_LINKED,2026-03-31,2027-01-29,100,0.1,0.6849,0.0,100.876712
GYC4O,ON,2024-10-30,2025-04-30,0.0,0.08,3.989041095890411,100.0,3.989041095890411
GYC4O,ON,2024-10-30,2025-07-30,0.0,0.08,1.9945205479452055,100.0,1.9945205479452055
GYC4O,ON,2024-10-30,2025-10-30,0.0,0.08,2.0164383561643837,100.0,2.0164383561643837
GYC4O,ON,2024-10-30,2026-01-30,0.0,0.08,2.0164383561643837,100.0,2.0164383561643837
GYC4O,ON,2024-10-30,2026-04-30,0.0,0.08,1.9726027397260273,100.0,1.9726027397260273
GYC4O,ON,2024-10-30,2026-07-30,0.0,0.08,1.9945205479452055,100.0,1.9945205479452055
GYC4O,ON,2024-10-30,2026-10-30,0.0,0.08,2.0164383561643837,100.0,2.0164383561643837
GYC4O,ON,2024-10-30,2027-02-01,0.0,0.08,2.0164383561643837,100.0,2.0164383561643837
GYC4O,ON,2024-10-30,2027-04-30,0.0,0.08,1.9726027397260273,100.0,1.9726027397260273
GYC4O,ON,2024-10-30,2027-07-30,0.0,0.08,1.9945205479452055,100.0,1.9945205479452055
GYC4O,ON,2024-10-30,2027-11-01,100.0,0.08,2.0602739726027397,0.0,102.06027397260274
GYC5O,ON,2025-03-05,2026-03-05,0,0.0875,8.75,100.0,8.75
GYC5O,ON,2025-03-05,2026-06-05,0,0.0875,2.2055,100.0,2.2055
GYC5O,ON,2025-03-05,2026-09-07,0,0.0875,2.2055,100.0,2.2055
GYC5O,ON,2025-03-05,2026-12-07,0,0.0875,2.1815,100.0,2.1815
GYC5O,ON,2025-03-05,2027-03-05,0,0.0875,2.1575,100.0,2.1575
GYC5O,ON,2025-03-05,2027-06-07,0,0.0875,2.2055,100.0,2.2055
GYC5O,ON,2025-03-05,2027-09-06,100,0.0875,2.2295,0.0,102.2295
HBCAO,ON,2025-08-22,2026-02-23,0,0.07,3.5288,100.0,3.5288
HBCAO,ON,2025-08-22,2026-08-24,100,0.07,3.5096,0.0,103.5096
HBCBO,ON_TAMAR,2025-11-20,2026-02-20,0,0.035,0.0,100.0,0.0
HBCBO,ON_TAMAR,2025-11-20,2026-05-20,0,0.035,0.0,100.0,0.0
HBCBO,ON_TAMAR,2025-11-20,2026-08-20,0,0.035,0.0,100.0,0.0
HBCBO,ON_TAMAR,2025-11-20,2026-11-20,100,0.035,0.0,0.0,100.0
HBCDO,ON,2025-11-20,2026-05-20,0,0.06,2.975342,100.0,2.975342
HBCDO,ON,2025-11-20,2026-11-23,100,0.06,3.074,0.0,103.074
HBCEO,ON_TAMAR,2026-02-23,2026-05-26,0,0.035,0.0,100.0,0.0
HBCEO,ON_TAMAR,2026-02-23,2026-08-24,0,0.035,0.0,100.0,0.0
HBCEO,ON_TAMAR,2026-02-23,2026-11-24,0,0.035,0.0,100.0,0.0
HBCEO,ON_TAMAR,2026-02-23,2027-02-23,100,0.035,0.0,0.0,100.0
HBCFO,ON,2026-02-23,2026-08-24,0,0.05,2.479452,100.0,2.479452
HBCFO,ON,2026-02-23,2027-02-23,100,0.05,2.520548,0.0,102.520548
HJCBO,ON,2024-05-30,2024-08-30,0,0.06,0.015123,100.0,1.512329
HJCBO,ON,2024-05-30,2024-12-02,0,0.06,0.015123,100.0,1.512329
HJCBO,ON,2024-05-30,2025-02-28,0,0.06,0.014795,100.0,1.479452
HJCBO,ON,2024-05-30,2025-05-30,0,0.06,0.014959,100.0,1.49589
HJCBO,ON,2024-05-30,2025-09-01,0,0.06,0.015123,100.0,1.512329
HJCBO,ON,2024-05-30,2025-12-01,0,0.06,0.015123,100.0,1.512329
HJCBO,ON,2024-05-30,2026-03-02,0,0.06,0.014795,100.0,1.479452
HJCBO,ON,2024-05-30,2026-06-01,100,0.06,0.015288,0.0,101.528767
HJCFO,ON,2024-10-21,2025-04-21,0.0000,0.05,2.493151,100.0,2.493151
HJCFO,ON,2024-10-21,2025-10-21,0.0000,0.05,2.506849,100.0,2.506849
HJCFO,ON,2024-10-21,2026-04-21,0.0000,0.05,2.493151,100.0,2.493151
HJCFO,ON,2024-10-21,2026-10-21,100.0000,0.05,2.506849,0.0,102.506849
HJCGO,ON,2024-10-21,2025-04-21,0.0000,0.065,3.241096,100.0,3.241096
HJCGO,ON,2024-10-21,2025-10-21,0.0000,0.065,3.258904,100.0,3.258904
HJCGO,ON,2024-10-21,2026-04-21,0.0000,0.065,3.241096,100.0,3.241096
HJCGO,ON,2024-10-21,2026-10-21,0.0000,0.065,3.258904,100.0,3.258904
HJCGO,ON,2024-10-21,2027-04-21,0.0000,0.065,3.241096,100.0,3.241096
HJCGO,ON,2024-10-21,2027-10-21,0.0000,0.065,3.258904,100.0,3.258904
HJCGO,ON,2024-10-21,2028-04-21,0.0000,0.065,3.258904,100.0,3.258904
HJCGO,ON,2024-10-21,2028-10-23,100.0000,0.065,3.294521,0.0,103.294521
HJCHO,ON,2025-01-17,2025-07-17,0.0000,0.07,3.471233,100.0,3.471233
HJCHO,ON,2025-01-17,2026-01-19,0.0000,0.07,3.528767,100.0,3.528767
HJCHO,ON,2025-01-17,2026-07-17,0.0000,0.07,3.471233,100.0,3.471233
HJCHO,ON,2025-01-17,2027-01-18,0.0000,0.07,3.528767,100.0,3.528767
HJCHO,ON,2025-01-17,2027-07-19,0.0000,0.07,3.471233,100.0,3.471233
HJCHO,ON,2025-01-17,2028-01-17,100.0000,0.07,3.528767,0.0,103.528767
HJCIO,ON,2025-05-27,2025-11-27,0,0.075,3.7808,100.0,3.7808
HJCIO,ON,2025-05-27,2026-05-27,0,0.075,3.7192,100.0,3.7192
HJCIO,ON,2025-05-27,2026-11-27,0,0.075,3.7808,100.0,3.7808
HJCIO,ON,2025-05-27,2027-05-27,100,0.075,3.7192,0.0,103.7192
HJCJO,ON,2025-07-25,2026-01-26,0.0000,0.085,4.2849,100.0,4.2849
HJCJO,ON,2025-07-25,2026-07-27,0.0000,0.085,4.2151,100.0,4.2151
HJCJO,ON,2025-07-25,2027-01-25,0.0000,0.085,4.2849,100.0,4.2849
HJCJO,ON,2025-07-25,2027-07-26,100.0000,0.085,4.2384,0.0,104.2384
HJCKO,ON,2026-01-16,2026-07-16,0.0,0.0775,3.843151,100.0,3.843151
HJCKO,ON,2026-01-16,2027-01-18,0.0,0.0775,3.906849,100.0,3.906849
HJCKO,ON,2026-01-16,2027-07-16,0.0,0.0775,3.843151,100.0,3.843151
HJCKO,ON,2026-01-16,2028-01-17,0.0,0.0775,3.906849,100.0,3.906849
HJCKO,ON,2026-01-16,2028-07-17,0.0,0.0775,3.864384,100.0,3.864384
HJCKO,ON,2026-01-16,2029-01-16,100.0,0.0775,3.906849,0.0,103.906849
HJCLO,ON,2026-06-08,2026-12-09,0,0.065,3.25,100.0,3.25
HJCLO,ON,2026-06-08,2027-06-08,0,0.065,3.25,100.0,3.25
HJCLO,ON,2026-06-08,2027-12-09,0,0.065,3.25,100.0,3.25
HJCLO,ON,2026-06-08,2028-06-08,0,0.065,3.25,100.0,3.25
HJCLO,ON,2026-06-08,2028-12-08,100,0.065,3.25,0.0,103.25
HN11L,ON_TAMAR,2026-02-11,2026-05-11,0,0.0387,0.0,100.0,0.0
HN11L,ON_TAMAR,2026-02-11,2026-08-11,0,0.0387,0.0,100.0,0.0
HN11L,ON_TAMAR,2026-02-11,2026-11-11,0,0.0387,0.0,100.0,0.0
HN11L,ON_TAMAR,2026-02-11,2027-02-11,0,0.0387,0.0,100.0,0.0
HN11L,ON_TAMAR,2026-02-11,2027-05-11,0,0.0387,0.0,100.0,0.0
HN11L,ON_TAMAR,2026-02-11,2027-08-11,33,0.0387,0.0,67.0,33.0
HN11L,ON_TAMAR,2026-02-11,2027-11-11,33,0.0387,0.0,34.0,33.0
HN11L,ON_TAMAR,2026-02-11,2028-02-11,34,0.0387,0.0,0.0,34.0
HT11M,ON,2025-08-21,2025-12-22,0,0.095,3.20137,100.0,3.20137
HT11M,ON,2025-08-21,2026-03-25,9.09,0.095,2.342466,90.91,11.432466
HT11M,ON,2025-08-21,2026-06-22,9.09,0.095,2.176859,81.82,11.266859
HT11M,ON,2025-08-21,2026-09-22,9.09,0.095,1.959197,72.73,11.049197
HT11M,ON,2025-08-21,2026-12-22,9.09,0.095,1.722605,63.64,10.812605
HT11M,ON,2025-08-21,2027-03-22,9.09,0.095,1.490745,54.55,10.580745
HT11M,ON,2025-08-21,2027-06-22,9.09,0.095,1.306211,45.46,10.396211
HT11M,ON,2025-08-21,2027-09-22,9.09,0.095,1.088549,36.37,10.178549
HT11M,ON,2025-08-21,2027-12-22,9.09,0.095,0.861421,27.28,9.951421
HT11M,ON,2025-08-21,2028-03-22,9.09,0.095,0.646125,18.19,9.736125
HT11M,ON,2025-08-21,2028-06-22,9.09,0.095,0.435563,9.1,9.525563
HT11M,ON,2025-08-21,2028-08-21,9.1,0.095,0.14211,0.0,9.24211
HVS1O,ON,2025-07-08,2025-10-08,0.00,0.0875,2.2055,100.0,2.2055
HVS1O,ON,2025-07-08,2026-01-08,0.00,0.0875,2.2055,100.0,2.2055
HVS1O,ON,2025-07-08,2026-04-08,0.00,0.0875,2.1575,100.0,2.1575
HVS1O,ON,2025-07-08,2026-07-08,0.00,0.0875,2.1815,100.0,2.1815
HVS1O,ON,2025-07-08,2026-10-08,0.00,0.0875,2.2055,100.0,2.2055
HVS1O,ON,2025-07-08,2027-01-08,0.00,0.0875,2.2055,100.0,2.2055
HVS1O,ON,2025-07-08,2027-04-08,0.00,0.0875,2.1575,100.0,2.1575
HVS1O,ON,2025-07-08,2027-07-08,0.00,0.0875,2.1815,100.0,2.1815
HVS1O,ON,2025-07-08,2027-10-08,0.00,0.0875,2.2055,100.0,2.2055
HVS1O,ON,2025-07-08,2028-01-10,0.00,0.0875,2.2055,100.0,2.2055
HVS1O,ON,2025-07-08,2028-04-10,0.00,0.0875,2.1815,100.0,2.1815
HVS1O,ON,2025-07-08,2028-07-10,100.00,0.0875,2.1815,0.0,102.1815
HYS2L,ON_TAMAR,2025-12-22,2026-03-25,0,0.0144,0.0,100.0,0.0
HYS2L,ON_TAMAR,2025-12-22,2026-06-22,0,0.0144,0.0,100.0,0.0
HYS2L,ON_TAMAR,2025-12-22,2026-09-22,0,0.0144,0.0,100.0,0.0
HYS2L,ON_TAMAR,2025-12-22,2026-12-22,33,0.0144,0.0,67.0,33.0
HYS2L,ON_TAMAR,2025-12-22,2027-03-22,0,0.0144,0.0,67.0,0.0
HYS2L,ON_TAMAR,2025-12-22,2027-06-22,33,0.0144,0.0,34.0,33.0
HYS2L,ON_TAMAR,2025-12-22,2027-09-22,0,0.0144,0.0,34.0,0.0
HYS2L,ON_TAMAR,2025-12-22,2027-12-22,34,0.0144,0.0,0.0,34.0
IBC1O,ON,2025-03-12,2025-09-08,100,0.0475,2.3424657534246576,100.0,102.34246575342466
ICC3O,ON_TAMAR,2025-06-17,2025-09-17,0,0.0325,0.0325,100.0,0.0
ICC3O,ON_TAMAR,2025-06-17,2025-12-17,0,0.0325,0.0325,100.0,0.0
ICC3O,ON_TAMAR,2025-06-17,2026-03-17,0,0.0325,0.0325,100.0,0.0
ICC3O,ON_TAMAR,2025-06-17,2026-06-16,100,0.0325,0.0325,0.0,100.0
ICC4O,ON_TAMAR,2025-11-28,2026-03-02,0,0.035,0.0,100.0,0.0
ICC4O,ON_TAMAR,2025-11-28,2026-05-28,0,0.035,0.0,100.0,0.0
ICC4O,ON_TAMAR,2025-11-28,2026-08-28,0,0.035,0.0,100.0,0.0
ICC4O,ON_TAMAR,2025-11-28,2026-11-30,100,0.035,0.0,0.0,100.0
ICC5O,ON_TAMAR,2026-03-11,2026-06-11,0,0.035,0.0,100.0,0.0
ICC5O,ON_TAMAR,2026-03-11,2026-09-11,0,0.035,0.0,100.0,0.0
ICC5O,ON_TAMAR,2026-03-11,2026-12-11,0,0.035,0.0,100.0,0.0
ICC5O,ON_TAMAR,2026-03-11,2027-03-11,100,0.035,0.0,0.0,100.0
ICC6O,ON,2026-05-22,2026-08-24,0,0.037,0.952877,100.0,0.952877
ICC6O,ON,2026-05-22,2026-11-24,0,0.037,0.932603,100.0,0.932603
ICC6O,ON,2026-05-22,2027-02-22,0,0.037,0.912329,100.0,0.912329
ICC6O,ON,2026-05-22,2027-05-24,100,0.037,0.922466,0.0,100.922466
ICC7O,ON_TAMAR,2026-06-17,2026-09-17,0,0.0325,0.0,100.0,0.0
ICC7O,ON_TAMAR,2026-06-17,2026-12-17,0,0.0325,0.0,100.0,0.0
ICC7O,ON_TAMAR,2026-06-17,2027-03-17,0,0.0325,0.0,100.0,0.0
ICC7O,ON_TAMAR,2026-06-17,2027-06-18,100,0.0325,0.0,0.0,100.0
IF12L,ON_TAMAR,2025-07-17,2025-10-17,0,0.0601,0.0,100.0,0.0
IF12L,ON_TAMAR,2025-07-17,2026-01-19,33,0.0601,0.0,67.0,33.0
IF12L,ON_TAMAR,2025-07-17,2026-04-17,0,0.0601,0.0,67.0,0.0
IF12L,ON_TAMAR,2025-07-17,2026-07-17,33,0.0601,0.0,34.0,33.0
IF12L,ON_TAMAR,2025-07-17,2026-10-19,0,0.0601,0.0,34.0,0.0
IF12L,ON_TAMAR,2025-07-17,2027-01-18,34,0.0601,0.0,0.0,34.0
IF22L,ON_TAMAR,2026-03-17,2026-06-17,0,0.0,0.0,100.0,0.0
IF22L,ON_TAMAR,2026-03-17,2026-09-17,33,0.0,0.0,67.0,33.0
IF22L,ON_TAMAR,2026-03-17,2026-12-17,0,0.0,0.0,67.0,0.0
IF22L,ON_TAMAR,2026-03-17,2027-03-17,33,0.0,0.0,34.0,33.0
IF22L,ON_TAMAR,2026-03-17,2027-06-18,0,0.0,0.0,34.0,0.0
IF22L,ON_TAMAR,2026-03-17,2027-09-17,34,0.0,0.0,0.0,34.0
IN21L,ON_TAMAR,2026-03-25,2026-06-25,0,-0.01,0.0,100.0,0.0
IN21L,ON_TAMAR,2026-03-25,2026-09-25,0,-0.01,0.0,100.0,0.0
IN21L,ON_TAMAR,2026-03-25,2026-12-28,0,-0.01,0.0,100.0,0.0
IN21L,ON_TAMAR,2026-03-25,2027-03-25,0,-0.01,0.0,100.0,0.0
IN21L,ON_TAMAR,2026-03-25,2027-06-25,0,-0.01,0.0,100.0,0.0
IN21L,ON_TAMAR,2026-03-25,2027-09-27,33,-0.01,0.0,67.0,33.0
IN21L,ON_TAMAR,2026-03-25,2027-12-27,33,-0.01,0.0,34.0,33.0
IN21L,ON_TAMAR,2026-03-25,2028-03-27,34,-0.01,0.0,0.0,34.0
INS1L,ON_TAMAR,2025-06-26,2025-09-26,0.0,0.0348,0.0348,100.0,0.0
INS1L,ON_TAMAR,2025-06-26,2025-12-26,25.0,0.0348,0.0348,75.0,25.0
INS1L,ON_TAMAR,2025-06-26,2026-03-26,0.0,0.0348,0.0348,75.0,0.0
INS1L,ON_TAMAR,2025-06-26,2026-06-26,25.0,0.0348,0.0348,50.0,25.0
INS1L,ON_TAMAR,2025-06-26,2026-09-28,0.0,0.0348,0.0348,50.0,0.0
INS1L,ON_TAMAR,2025-06-26,2026-12-28,25.0,0.0348,0.0348,25.0,25.0
INS1L,ON_TAMAR,2025-06-26,2027-03-26,0.0,0.0348,0.0348,25.0,0.0
INS1L,ON_TAMAR,2025-06-26,2027-06-25,25.0,0.0348,0.0348,0.0,25.0
IR2PO,ON,2025-12-17,2026-03-31,0.0,0.08,4.0,100.0,4.0
IR2PO,ON,2025-12-17,2026-09-30,0.0,0.08,4.0,100.0,4.0
IR2PO,ON,2025-12-17,2027-03-31,0.0,0.08,4.0,100.0,4.0
IR2PO,ON,2025-12-17,2027-09-30,0.0,0.08,4.0,100.0,4.0
IR2PO,ON,2025-12-17,2028-03-31,0.0,0.08,4.0,100.0,4.0
IR2PO,ON,2025-12-17,2028-10-02,0.0,0.08,4.0,100.0,4.0
IR2PO,ON,2025-12-17,2029-04-02,0.0,0.08,4.0,100.0,4.0
IR2PO,ON,2025-12-17,2029-10-01,0.0,0.08,4.0,100.0,4.0
IR2PO,ON,2025-12-17,2030-04-01,0.0,0.08,4.0,100.0,4.0
IR2PO,ON,2025-12-17,2030-09-30,0.0,0.08,4.0,100.0,4.0
IR2PO,ON,2025-12-17,2031-03-31,0.0,0.08,4.0,100.0,4.0
IR2PO,ON,2025-12-17,2031-09-30,0.0,0.08,4.0,100.0,4.0
IR2PO,ON,2025-12-17,2032-03-31,0.0,0.08,4.0,100.0,4.0
IR2PO,ON,2025-12-17,2032-09-30,0.0,0.08,4.0,100.0,4.0
IR2PO,ON,2025-12-17,2033-03-31,33.0,0.08,4.0,67.0,37.0
IR2PO,ON,2025-12-17,2033-09-30,0.0,0.08,2.68,67.0,2.68
IR2PO,ON,2025-12-17,2034-03-31,33.0,0.08,2.68,34.0,35.68
IR2PO,ON,2025-12-17,2034-10-02,0.0,0.08,1.36,34.0,1.36
IR2PO,ON,2025-12-17,2035-04-02,34.0,0.08,1.36,0.0,35.36
IRCFO,ON,2022-07-08,2022-12-22,0.0000,0.0875,3.9861,100.0,3.9861
IRCFO,ON,2022-07-08,2023-06-22,0.0000,0.0875,4.375,100.0,4.375
IRCFO,ON,2022-07-08,2023-12-22,0.0000,0.0875,4.375,100.0,4.375
IRCFO,ON,2022-07-08,2024-06-24,17.5000,0.0875,4.375,82.5,21.875
IRCFO,ON,2022-07-08,2024-12-23,0.0000,0.0875,3.6094,82.5,3.6094
IRCFO,ON,2022-07-08,2025-06-23,17.5000,0.0875,3.6094,65.0,21.1094
IRCFO,ON,2022-07-08,2025-12-22,0.0000,0.0875,2.8438,65.0,2.8438
IRCFO,ON,2022-07-08,2026-06-22,17.5000,0.0875,2.8438,47.5,20.3438
IRCFO,ON,2022-07-08,2026-12-22,0.0000,0.0875,2.0781,47.5,2.0781
IRCFO,ON,2022-07-08,2027-06-22,17.5000,0.0875,2.0781,30.0,19.5781
IRCFO,ON,2022-07-08,2027-12-22,0.0000,0.0875,1.3125,30.0,1.3125
IRCFO,ON,2022-07-08,2028-06-22,30.0000,0.0875,1.3125,0.0,31.3125
IRCGO,ON,2023-01-31,2023-07-31,0.0000,0.08,3.9671,100.0,3.9671
IRCGO,ON,2023-01-31,2024-01-31,0.0000,0.08,4.0329,100.0,4.0329
IRCGO,ON,2023-01-31,2024-07-31,0.0000,0.08,3.989,100.0,3.989
IRCGO,ON,2023-01-31,2025-01-31,0.0000,0.08,4.0329,100.0,4.0329
IRCGO,ON,2023-01-31,2025-03-25,100.0000,0.08,1.1616,0.0,101.1616
IRCHO,ON,2023-01-31,2023-07-31,0.0000,0.07,3.4712,100.0,3.4712
IRCHO,ON,2023-01-31,2024-01-31,0.0000,0.07,3.5288,100.0,3.5288
IRCHO,ON,2023-01-31,2024-07-31,0.0000,0.07,3.4904,100.0,3.4904
IRCHO,ON,2023-01-31,2025-01-31,0.0000,0.07,3.5288,100.0,3.5288
IRCHO,ON,2023-01-31,2025-07-25,100.0000,0.07,3.3562,0.0,103.3562
IRCIO,ON,2023-06-07,2024-03-07,0.0000,0.05,3.7534,100.0,3.7534
IRCIO,ON,2023-06-07,2024-06-07,0.0000,0.05,1.2603,100.0,1.2603
IRCIO,ON,2023-06-07,2024-12-09,0.0000,0.05,2.5068,100.0,2.5068
IRCIO,ON,2023-06-07,2025-06-09,0.0000,0.05,2.4932,100.0,2.4932
IRCIO,ON,2023-06-07,2025-12-09,100.0000,0.05,2.5068,0.0,102.5068
IRCJO,ON,2024-02-28,2024-08-28,0.0000,0.07,3.4904,100.0,3.4904
IRCJO,ON,2024-02-28,2025-02-28,0.0000,0.07,3.5288,100.0,3.5288
IRCJO,ON,2024-02-28,2025-08-28,0.0000,0.07,3.4712,100.0,3.4712
IRCJO,ON,2024-02-28,2026-03-02,0.0000,0.07,3.5288,100.0,3.5288
IRCJO,ON,2024-02-28,2026-08-28,0.0000,0.07,3.4712,100.0,3.4712
IRCJO,ON,2024-02-28,2027-03-01,100.0000,0.07,3.5288,0.0,103.5288
IRCLO,ON,2024-06-10,2024-12-10,0,0.06,0.030082,100.0,3.008219
IRCLO,ON,2024-06-10,2025-06-10,0,0.06,0.029918,100.0,2.991781
IRCLO,ON,2024-06-10,2025-12-10,0,0.06,0.030082,100.0,3.008219
IRCLO,ON,2024-06-10,2026-06-10,100,0.06,0.029918,0.0,102.991781
IRCNO,ON,2024-10-23,2025-07-23,0.0,0.0575,4.300685,100.0,4.300685
IRCNO,ON,2024-10-23,2026-01-23,0.0,0.0575,2.89863,100.0,2.89863
IRCNO,ON,2024-10-23,2026-07-23,0.0,0.0575,2.85137,100.0,2.85137
IRCNO,ON,2024-10-23,2027-01-25,0.0,0.0575,2.89863,100.0,2.89863
IRCNO,ON,2024-10-23,2027-07-23,0.0,0.0575,2.85137,100.0,2.85137
IRCNO,ON,2024-10-23,2027-10-25,100.0,0.0575,1.449315,0.0,101.449315
IRCOO,ON,2024-10-23,2025-07-23,0,0.0725,0.054226,100.0,5.422603
IRCOO,ON,2024-10-23,2026-01-23,0,0.0725,0.036548,100.0,3.654795
IRCOO,ON,2024-10-23,2026-07-23,0,0.0725,0.035952,100.0,3.595205
IRCOO,ON,2024-10-23,2027-01-25,0,0.0725,0.036548,100.0,3.654795
IRCOO,ON,2024-10-23,2027-07-23,0,0.0725,0.035952,100.0,3.595205
IRCOO,ON,2024-10-23,2028-01-24,0,0.0725,0.036548,100.0,3.654795
IRCOO,ON,2024-10-23,2028-07-24,0,0.0725,0.036151,100.0,3.615068
IRCOO,ON,2024-10-23,2029-01-23,0,0.0725,0.036548,100.0,3.654795
IRCOO,ON,2024-10-23,2029-07-23,0,0.0725,0.035952,100.0,3.595205
IRCOO,ON,2024-10-23,2029-10-23,100,0.0725,0.018274,0.0,101.827397
IRCPO,ON,2025-03-31,2025-09-30,0.0000,0.08,4.0,100.0,4.0
IRCPO,ON,2025-03-31,2026-03-31,0.0000,0.08,4.0,100.0,4.0
IRCPO,ON,2025-03-31,2026-09-30,0.0000,0.08,4.0,100.0,4.0
IRCPO,ON,2025-03-31,2027-03-31,0.0000,0.08,4.0,100.0,4.0
IRCPO,ON,2025-03-31,2027-09-30,0.0000,0.08,4.0,100.0,4.0
IRCPO,ON,2025-03-31,2028-03-31,0.0000,0.08,4.0,100.0,4.0
IRCPO,ON,2025-03-31,2028-10-02,0.0000,0.08,4.0,100.0,4.0
IRCPO,ON,2025-03-31,2029-04-03,0.0000,0.08,4.0,100.0,4.0
IRCPO,ON,2025-03-31,2029-10-01,0.0000,0.08,4.0,100.0,4.0
IRCPO,ON,2025-03-31,2030-04-01,0.0000,0.08,4.0,100.0,4.0
IRCPO,ON,2025-03-31,2030-09-30,0.0000,0.08,4.0,100.0,4.0
IRCPO,ON,2025-03-31,2031-03-31,0.0000,0.08,4.0,100.0,4.0
IRCPO,ON,2025-03-31,2031-09-30,0.0000,0.08,4.0,100.0,4.0
IRCPO,ON,2025-03-31,2032-03-31,0.0000,0.08,4.0,100.0,4.0
IRCPO,ON,2025-03-31,2032-09-30,0.0000,0.08,4.0,100.0,4.0
IRCPO,ON,2025-03-31,2033-03-31,33.0000,0.08,4.0,67.0,37.0
IRCPO,ON,2025-03-31,2033-09-30,0.0000,0.08,2.68,67.0,2.68
IRCPO,ON,2025-03-31,2034-03-31,33.0000,0.08,2.68,34.0,35.68
IRCPO,ON,2025-03-31,2034-10-02,0.0000,0.08,1.36,34.0,1.36
IRCPO,ON,2025-03-31,2035-04-02,34.0000,0.08,1.36,0.0,35.36
IRCQO,ON,2026-06-08,2026-12-09,0,0.0375,1.880137,100.0,1.880137
IRCQO,ON,2026-06-08,2027-06-08,100,0.0375,1.869863,0.0,101.869863
JNC5O,ON,2024-10-09,2025-01-09,0,0.06,1.5,100.0,1.5
JNC5O,ON,2024-10-09,2025-04-09,0,0.06,1.5,100.0,1.5
JNC5O,ON,2024-10-09,2025-07-10,0,0.06,1.5,100.0,1.5
JNC5O,ON,2024-10-09,2025-10-09,0,0.06,1.5,100.0,1.5
JNC5O,ON,2024-10-09,2026-01-09,0,0.06,1.5,100.0,1.5
JNC5O,ON,2024-10-09,2026-04-09,0,0.06,1.5,100.0,1.5
JNC5O,ON,2024-10-09,2026-07-13,0,0.06,1.5,100.0,1.5
JNC5O,ON,2024-10-09,2026-10-09,100,0.06,1.5,0.0,101.5
JNC6O,ON,2025-10-03,2026-04-06,0,0.09,4.487671,1.0,4.487671
JNC6O,ON,2025-10-03,2026-10-05,0,0.09,4.512329,1.0,4.512329
JNC6O,ON,2025-10-03,2027-04-05,0,0.09,4.487671,1.0,4.487671
JNC6O,ON,2025-10-03,2027-10-04,100,0.09,4.536986,0.0,104.536986
JNC7O,ON,2026-06-25,2026-12-28,0,0.0635,3.183699,100.0,3.183699
JNC7O,ON,2026-06-25,2027-06-25,0,0.0635,3.166301,100.0,3.166301
JNC7O,ON,2026-06-25,2027-12-27,0,0.0635,3.183699,100.0,3.183699
JNC7O,ON,2026-06-25,2028-06-26,100,0.0635,3.183699,0.0,103.183699
JUS22,SUB_SOBERANO,2018-06-20,2018-09-20,0.0,0.08625,4.3125,100.0,4.3125
JUS22,SUB_SOBERANO,2018-06-20,2019-03-20,0.0,0.08625,4.3125,100.0,4.3125
JUS22,SUB_SOBERANO,2018-06-20,2019-09-20,0.0,0.08625,4.3125,100.0,4.3125
JUS22,SUB_SOBERANO,2018-06-20,2020-03-20,0.0,0.08625,4.3125,100.0,4.3125
JUS22,SUB_SOBERANO,2018-06-20,2020-09-21,0.0,0.08625,4.3125,100.0,4.3125
JUS22,SUB_SOBERANO,2018-06-20,2021-03-22,0.0,0.0,0.0,100.0,0.0
JUS22,SUB_SOBERANO,2018-06-20,2021-09-20,0.0,0.0525,2.625,100.0,2.625
JUS22,SUB_SOBERANO,2018-06-20,2022-03-21,0.0,0.0575,2.875,100.0,2.875
JUS22,SUB_SOBERANO,2018-06-20,2022-09-20,0.0,0.08375,4.1875,100.0,4.1875
JUS22,SUB_SOBERANO,2018-06-20,2023-03-20,11.111111,0.08375,4.1875,88.888889,15.298611
JUS22,SUB_SOBERANO,2018-06-20,2023-09-20,11.111111,0.08375,3.722222226875,77.777778,14.833333
JUS22,SUB_SOBERANO,2018-06-20,2024-03-20,11.111111,0.08375,3.25694445375,66.666667,14.368055
JUS22,SUB_SOBERANO,2018-06-20,2024-09-20,11.111111,0.08375,2.791666680625001,55.555556,13.902778
JUS22,SUB_SOBERANO,2018-06-20,2025-03-20,11.111111,0.08375,2.3263889074999997,44.444445,13.4375
JUS22,SUB_SOBERANO,2018-06-20,2025-09-22,11.111111,0.08375,1.861111134375,33.333334,12.972222
JUS22,SUB_SOBERANO,2018-06-20,2026-03-20,11.111111,0.08375,1.39583336125,22.222223,12.506944
JUS22,SUB_SOBERANO,2018-06-20,2026-09-21,11.111111,0.08375,0.930555588125,11.111112,12.041667
JUS22,SUB_SOBERANO,2018-06-20,2027-03-22,11.111111999999999,0.08375,0.465277815,0.0,11.57639
LBA26,SUB_SOBERANO_FIXED_RATE,2026-01-22,2026-04-23,100,0.0,0.0,0.0,100.0
LBO25,SUB_SOBERANO_FIXED_RATE,2025-07-24,2025-10-23,100,0.0,0.0,0.0,100.0
LBS25,SUB_SOBERANO_FIXED_RATE,2025-07-24,2025-09-18,100,0.0,0.0,0.0,100.0
LDCGO,ON,2025-02-04,2025-05-05,0,0.07,1.7068493150684934,100.0,1.7068493150684934
LDCGO,ON,2025-02-04,2025-08-04,0,0.07,1.764383561643836,100.0,1.764383561643836
LDCGO,ON,2025-02-04,2025-11-04,0,0.07,1.764383561643836,100.0,1.764383561643836
LDCGO,ON,2025-02-04,2026-02-04,0,0.07,1.764383561643836,100.0,1.764383561643836
LDCGO,ON,2025-02-04,2026-05-04,0,0.07,1.7068493150684934,100.0,1.7068493150684934
LDCGO,ON,2025-02-04,2026-08-04,0,0.07,1.764383561643836,100.0,1.764383561643836
LDCGO,ON,2025-02-04,2026-11-04,0,0.07,1.764383561643836,100.0,1.764383561643836
LDCGO,ON,2025-02-04,2027-02-04,0,0.07,1.764383561643836,100.0,1.764383561643836
LDCGO,ON,2025-02-04,2027-05-04,0,0.07,1.7068493150684934,100.0,1.7068493150684934
LDCGO,ON,2025-02-04,2027-08-04,0,0.07,1.764383561643836,100.0,1.764383561643836
LDCGO,ON,2025-02-04,2027-10-04,100,0.07,1.1698630136986303,0.0,101.16986301369865
LECAO,ON_DOLLAR_LINKED,2023-09-21,2023-12-21,0,0.05,1.2466,100.0,1.2466
LECAO,ON_DOLLAR_LINKED,2023-09-21,2024-03-21,0,0.05,1.2466,100.0,1.2466
LECAO,ON_DOLLAR_LINKED,2023-09-21,2024-06-24,0,0.05,1.3014,100.0,1.3014
LECAO,ON_DOLLAR_LINKED,2023-09-21,2024-09-23,0,0.05,1.2466,100.0,1.2466
LECAO,ON_DOLLAR_LINKED,2023-09-21,2024-12-23,0,0.05,1.2466,100.0,1.2466
LECAO,ON_DOLLAR_LINKED,2023-09-21,2025-03-21,0,0.05,1.2055,100.0,1.2055
LECAO,ON_DOLLAR_LINKED,2023-09-21,2025-06-23,0,0.05,1.2877,100.0,1.2877
LECAO,ON_DOLLAR_LINKED,2023-09-21,2025-09-22,100,0.05,1.2466,0.0,101.2466
LECBO,ON,2023-09-21,2024-03-21,0,0.095,0.04737,100.0,4.736986
LECBO,ON,2023-09-21,2024-09-23,0,0.095,0.048411,100.0,4.841096
LECBO,ON,2023-09-21,2025-03-21,0,0.095,0.046589,100.0,4.658904
LECBO,ON,2023-09-21,2025-09-22,0,0.095,0.048151,100.0,4.815068
LECBO,ON,2023-09-21,2026-03-23,100,0.095,0.04737,0.0,104.736986
LECGO,ON,2024-08-30,2025-02-28,0.0,0.0975,0.0486164383561643,100.0,4.861643835616439
LECGO,ON,2024-08-30,2025-09-01,0.0,0.0975,0.0488835616438356,100.0,4.888356164383563
LECGO,ON,2024-08-30,2026-03-02,0.0,0.0975,0.0486164383561643,100.0,4.861643835616439
LECGO,ON,2024-08-30,2026-08-31,0.0,0.0975,0.0488835616438356,100.0,4.888356164383563
LECGO,ON,2024-08-30,2027-03-01,0.0,0.0975,0.0486164383561643,100.0,4.861643835616439
LECGO,ON,2024-08-30,2027-08-30,100,0.0975,0.0488835616438356,0.0,104.88835616438357
LECHO,ON_DOLLAR_LINKED,2024-08-24,2024-11-28,0.0000,0.0675,1.7014,100.0,1.7014
LECHO,ON_DOLLAR_LINKED,2024-08-24,2025-02-28,0.0000,0.0675,1.7014,100.0,1.7014
LECHO,ON_DOLLAR_LINKED,2024-08-24,2025-05-28,0.0000,0.0675,1.6459,100.0,1.6459
LECHO,ON_DOLLAR_LINKED,2024-08-24,2025-08-28,0.0000,0.0675,1.7014,100.0,1.7014
LECHO,ON_DOLLAR_LINKED,2024-08-24,2025-11-28,0.0000,0.0875,2.2055,100.0,2.2055
LECHO,ON_DOLLAR_LINKED,2024-08-24,2026-03-02,0.0000,0.0875,2.2055,100.0,2.2055
LECHO,ON_DOLLAR_LINKED,2024-08-24,2026-05-28,0.0000,0.0875,2.1336,100.0,2.1336
LECHO,ON_DOLLAR_LINKED,2024-08-24,2026-08-28,0.0000,0.0875,2.2055,100.0,2.2055
LECHO,ON_DOLLAR_LINKED,2024-08-24,2026-11-30,0.0000,0.0875,2.2055,100.0,2.2055
LECHO,ON_DOLLAR_LINKED,2024-08-24,2027-03-01,0.0000,0.0875,2.2055,100.0,2.2055
LECHO,ON_DOLLAR_LINKED,2024-08-24,2027-05-28,0.0000,0.0875,2.1336,100.0,2.1336
LECHO,ON_DOLLAR_LINKED,2024-08-24,2027-08-30,100.0000,0.0875,2.2534,0.0,102.2534
LECIO,ON_DOLLAR_LINKED,2024-08-28,2024-11-28,0.0,0.0675,1.70137,100.0,1.70137
LECIO,ON_DOLLAR_LINKED,2024-08-28,2025-02-28,0.0,0.0675,1.70137,100.0,1.70137
LECIO,ON_DOLLAR_LINKED,2024-08-28,2025-05-28,0.0,0.0675,1.64589,100.0,1.64589
LECIO,ON_DOLLAR_LINKED,2024-08-28,2025-08-28,2.5,0.0675,1.70137,97.5,4.20137
LECIO,ON_DOLLAR_LINKED,2024-08-28,2025-11-28,2.5,0.0875,2.150342,95.0,4.650342
LECIO,ON_DOLLAR_LINKED,2024-08-28,2026-03-02,2.5,0.0875,2.095205,92.5,4.595205
LECIO,ON_DOLLAR_LINKED,2024-08-28,2026-05-28,2.5,0.0875,1.973545,90.0,4.473545
LECIO,ON_DOLLAR_LINKED,2024-08-28,2026-08-28,2.5,0.0875,1.984932,87.5,4.484932
LECIO,ON_DOLLAR_LINKED,2024-08-28,2026-11-30,2.5,0.0875,1.929795,85.0,4.429795
LECIO,ON_DOLLAR_LINKED,2024-08-28,2027-03-01,12.0,0.0875,1.874658,73.0,13.874658
LECIO,ON_DOLLAR_LINKED,2024-08-28,2027-05-28,12.0,0.0875,1.5575,61.0,13.5575
LECIO,ON_DOLLAR_LINKED,2024-08-28,2027-08-30,12.0,0.0875,1.345342,48.0,13.345342
LECIO,ON_DOLLAR_LINKED,2024-08-28,2027-11-29,12.0,0.0875,1.080685,35.0,13.080685
LECIO,ON_DOLLAR_LINKED,2024-08-28,2028-02-28,12.0,0.0875,0.816027,25.0,12.816027
LECIO,ON_DOLLAR_LINKED,2024-08-28,2028-05-29,12.0,0.0875,0.539384,13.0,12.539384
LECIO,ON_DOLLAR_LINKED,2024-08-28,2028-08-28,13.0,0.0875,0.286712,0.0,13.286712
LECKO,ON,2024-11-08,2025-05-05,0,0.11,5.286111,100.0,5.286111
LECKO,ON,2024-11-08,2025-11-03,0,0.11,5.5,100.0,5.5
LECKO,ON,2024-11-08,2026-05-04,1.5,0.11,5.5,98.5,7.0
LECKO,ON,2024-11-08,2026-11-02,1.5,0.11,5.4175,97.0,6.9175
LECKO,ON,2024-11-08,2027-05-03,2.5,0.11,5.335,94.5,7.835
LECKO,ON,2024-11-08,2027-11-01,2.5,0.11,5.1975,92.0,7.6975
LECKO,ON,2024-11-08,2028-05-02,7.5,0.11,5.06,84.5,12.56
LECKO,ON,2024-11-08,2028-11-01,7.5,0.11,4.6475,77.0,12.1475
LECKO,ON,2024-11-08,2029-05-02,11,0.11,4.235,66.0,15.235
LECKO,ON,2024-11-08,2029-11-01,11,0.11,3.63,55.0,14.63
LECKO,ON,2024-11-08,2030-05-02,11,0.11,3.025,44.0,14.025
LECKO,ON,2024-11-08,2030-11-01,11,0.11,2.42,33.0,13.42
LECKO,ON,2024-11-08,2031-05-01,11,0.11,1.815,22.0,12.815
LECKO,ON,2024-11-08,2031-11-03,22,0.11,1.223444,0.0,23.223444
LIC6O,ON,2024-07-02,2025-01-02,0.0000,0.09,4.536986,100.0,4.536986
LIC6O,ON,2024-07-02,2025-04-03,0.0000,0.09,2.219178,100.0,2.219178
LIC6O,ON,2024-07-02,2025-07-02,0.0000,0.09,2.243836,100.0,2.243836
LIC6O,ON,2024-07-02,2025-10-02,0.0000,0.09,2.268493,100.0,2.268493
LIC6O,ON,2024-07-02,2026-01-02,33.0000,0.09,2.268493,67.0,35.268493
LIC6O,ON,2024-07-02,2026-04-03,33.0000,0.09,1.486849,34.0,34.486849
LIC6O,ON,2024-07-02,2026-07-02,34.0000,0.09,0.762904,0.0,34.762904
LMS1P,ON_TAMAR,2025-06-06,2025-09-08,0,0.0425,0.0,100.0,0.0
LMS1P,ON_TAMAR,2025-06-06,2025-12-09,25,0.0425,0.0,75.0,25.0
LMS1P,ON_TAMAR,2025-06-06,2026-03-06,0,0.0425,0.0,75.0,0.0
LMS1P,ON_TAMAR,2025-06-06,2026-06-08,25,0.0425,0.0,50.0,25.0
LMS1P,ON_TAMAR,2025-06-06,2026-09-07,0,0.0425,0.0,50.0,0.0
LMS1P,ON_TAMAR,2025-06-06,2026-12-09,25,0.0425,0.0,25.0,25.0
LMS1P,ON_TAMAR,2025-06-06,2027-03-08,0,0.0425,0.0,25.0,0.0
LMS1P,ON_TAMAR,2025-06-06,2027-06-07,25,0.0425,0.0,0.0,25.0
LMS4O,ON_DOLLAR_LINKED,2022-09-07,2025-09-08,100.0,0.0,0.0,0.0,100.0
LMS7O,ON,2023-10-12,2024-04-12,0.0,0.07,0.035583,100.0,3.558333
LMS7O,ON,2023-10-12,2024-07-12,0.0,0.07,0.017694,100.0,1.769444
LMS7O,ON,2023-10-12,2024-10-14,0.0,0.07,0.017889,100.0,1.788889
LMS7O,ON,2023-10-12,2025-01-13,0.0,0.07,0.017889,100.0,1.788889
LMS7O,ON,2023-10-12,2025-04-14,0.0,0.07,0.0175,100.0,1.75
LMS7O,ON,2023-10-12,2025-07-14,0.0,0.07,0.017694,100.0,1.769444
LMS7O,ON,2023-10-12,2025-10-13,0.0,0.07,0.017889,100.0,1.788889
LMS7O,ON,2023-10-12,2026-01-12,8.33,0.07,0.017889,91.67,10.118889
LMS7O,ON,2023-10-12,2026-04-13,8.33,0.07,0.016042,83.34,9.934225
LMS7O,ON,2023-10-12,2026-07-13,8.33,0.07,0.014747,75.01,9.804655
LMS7O,ON,2023-10-12,2026-10-13,8.33,0.07,0.013418,66.68,9.671846
LMS7O,ON,2023-10-12,2027-01-12,8.33,0.07,0.011928,58.35,9.522831
LMS7O,ON,2023-10-12,2027-04-12,8.33,0.07,0.010211,50.02,9.351125
LMS7O,ON,2023-10-12,2027-07-12,8.33,0.07,0.008851,41.69,9.215076
LMS7O,ON,2023-10-12,2027-10-13,8.33,0.07,0.007458,33.36,9.075788
LMS7O,ON,2023-10-12,2028-01-12,8.33,0.07,0.005968,25.03,8.926773
LMS7O,ON,2023-10-12,2028-04-12,8.33,0.07,0.004429,16.7,8.772892
LMS7O,ON,2023-10-12,2028-07-12,8.33,0.07,0.002955,8.37,8.625497
LMS7O,ON,2023-10-12,2028-10-13,8.37,0.07,0.001514,0.0,8.521357
LMS8O,ON,2024-03-21,2024-09-23,0.0000,0.0625,3.194444,100.0,3.194444
LMS8O,ON,2024-03-21,2024-12-23,0.0000,0.0625,1.579861,100.0,1.579861
LMS8O,ON,2024-03-21,2025-03-21,0.0000,0.0625,1.5625,100.0,1.5625
LMS8O,ON,2024-03-21,2025-06-23,0.0000,0.0625,1.597222,100.0,1.597222
LMS8O,ON,2024-03-21,2025-09-22,0.0000,0.0625,1.597222,100.0,1.597222
LMS8O,ON,2024-03-21,2025-12-22,0.0000,0.0625,1.579861,100.0,1.579861
LMS8O,ON,2024-03-21,2026-03-23,0.0000,0.0625,1.5625,100.0,1.5625
LMS8O,ON,2024-03-21,2026-06-22,25.0000,0.0625,1.597222,75.0,26.597222
LMS8O,ON,2024-03-21,2026-09-21,25.0000,0.0625,1.197917,50.0,26.197917
LMS8O,ON,2024-03-21,2026-12-21,25.0000,0.0625,0.789931,25.0,25.789931
LMS8O,ON,2024-03-21,2027-03-22,25.0000,0.0625,0.394965,0.0,25.394965
LMS9O,ON,2024-06-13,2024-12-13,0,0.06,0.0305,100.0,3.05
LMS9O,ON,2024-06-13,2025-03-13,0,0.06,0.015,100.0,1.5
LMS9O,ON,2024-06-13,2025-06-13,0,0.06,0.015333,100.0,1.533333
LMS9O,ON,2024-06-13,2025-09-15,0,0.06,0.015333,100.0,1.533333
LMS9O,ON,2024-06-13,2025-12-15,0,0.06,0.015167,100.0,1.516667
LMS9O,ON,2024-06-13,2026-03-13,0,0.06,0.015,100.0,1.5
LMS9O,ON,2024-06-13,2026-06-15,100,0.06,0.015667,0.0,101.566667
LOC2O,ON,2023-06-21,2023-12-21,0,0.065,0.032589,100.0,3.258904
LOC2O,ON,2023-06-21,2024-06-24,0,0.065,0.032589,100.0,3.258904
LOC2O,ON,2023-06-21,2024-12-23,0,0.065,0.032589,100.0,3.258904
LOC2O,ON,2023-06-21,2025-06-23,0,0.065,0.032411,100.0,3.241096
LOC2O,ON,2023-06-21,2025-12-22,100,0.065,0.032767,0.0,103.276712
LOC3O,ON,2023-09-11,2024-03-11,0,0.0749,0.037347,100.0,3.73474
LOC3O,ON,2023-09-11,2024-09-11,0,0.0749,0.037758,100.0,3.775781
LOC3O,ON,2023-09-11,2025-03-11,0,0.0749,0.037142,100.0,3.714219
LOC3O,ON,2023-09-11,2025-09-11,0,0.0749,0.037758,100.0,3.775781
LOC3O,ON,2023-09-11,2026-03-11,100,0.0749,0.037142,0.0,103.714219
LOC4O,ON,2023-11-02,2024-05-02,0.0000,0.06,2.991781,100.0,2.991781
LOC4O,ON,2023-11-02,2024-11-04,0.0000,0.06,3.024658,100.0,3.024658
LOC4O,ON,2023-11-02,2025-05-05,0.0000,0.06,2.975342,100.0,2.975342
LOC4O,ON,2023-11-02,2025-11-03,0.0000,0.06,3.024658,100.0,3.024658
LOC4O,ON,2023-11-02,2026-05-04,100.0000,0.06,3.008219,0.0,103.008219
LOC5O,ON,2025-07-24,2026-01-26,0,0.08,4.0329,100.0,4.0329
LOC5O,ON,2025-07-24,2026-07-24,0,0.08,3.9671,100.0,3.9671
LOC5O,ON,2025-07-24,2027-01-25,0,0.08,4.0329,100.0,4.0329
LOC5O,ON,2025-07-24,2027-07-26,100,0.08,4.011,0.0,104.011
LOC6O,ON,2026-01-23,2026-07-23,0.0,0.065,3.223288,100.0,3.223288
LOC6O,ON,2026-01-23,2027-01-25,0.0,0.065,3.276712,100.0,3.276712
LOC6O,ON,2026-01-23,2027-07-23,0.0,0.065,3.223288,100.0,3.223288
LOC6O,ON,2026-01-23,2028-01-24,0.0,0.065,3.276712,100.0,3.276712
LOC6O,ON,2026-01-23,2028-07-24,0.0,0.065,3.241096,100.0,3.241096
LOC6O,ON,2026-01-23,2029-01-23,100.0,0.065,3.276712,0.0,103.276712
LR7AO,ON_TAMAR,2025-12-10,2026-03-10,0,0.085,0.0,100.0,0.0
LR7AO,ON_TAMAR,2025-12-10,2026-06-10,0,0.085,0.0,100.0,0.0
LR7AO,ON_TAMAR,2025-12-10,2026-09-10,0,0.085,0.0,100.0,0.0
LR7AO,ON_TAMAR,2025-12-10,2026-12-10,100,0.085,0.0,0.0,100.0
LR7BO,ON,2025-12-10,2026-03-10,0,0.09,2.219178,100.0,2.219178
LR7BO,ON,2025-12-10,2026-06-10,0,0.09,2.268493,100.0,2.268493
LR7BO,ON,2025-12-10,2026-09-10,0,0.09,2.268493,100.0,2.268493
LR7BO,ON,2025-12-10,2026-12-10,100,0.09,2.243836,0.0,102.243836
LTS1L,ON_TAMAR,2025-07-08,2025-10-08,0.00,0.06,0.06,100.0,0.0
LTS1L,ON_TAMAR,2025-07-08,2026-01-08,25.00,0.06,0.06,75.0,25.0
LTS1L,ON_TAMAR,2025-07-08,2026-04-08,0.00,0.06,0.06,75.0,0.0
LTS1L,ON_TAMAR,2025-07-08,2026-07-08,25.00,0.06,0.06,50.0,25.0
LTS1L,ON_TAMAR,2025-07-08,2026-10-08,0.00,0.06,0.06,50.0,0.0
LTS1L,ON_TAMAR,2025-07-08,2027-01-08,25.00,0.06,0.06,25.0,25.0
LTS1L,ON_TAMAR,2025-07-08,2027-04-08,0.00,0.06,0.06,25.0,0.0
LTS1L,ON_TAMAR,2025-07-08,2027-07-08,25.00,0.06,0.06,0.0,25.0
LUC5O,ON,2026-02-26,2026-08-26,0,0.08,3.967123,100.0,3.967123
LUC5O,ON,2026-02-26,2027-02-26,0,0.08,4.032877,100.0,4.032877
LUC5O,ON,2026-02-26,2027-08-26,0,0.08,3.967123,100.0,3.967123
LUC5O,ON,2026-02-26,2028-02-28,0,0.08,4.076712,100.0,4.076712
LUC5O,ON,2026-02-26,2028-08-28,0,0.08,3.989041,100.0,3.989041
LUC5O,ON,2026-02-26,2029-02-26,100,0.08,3.989041,0.0,103.989041
M10N5,TAMAR,2025-08-18,2025-11-10,100,0.06,0.06,0.0,100.0
M15D5,TAMAR,2025-09-12,2025-12-15,100,0.02,0.02,0.0,100.0
M16E6,TAMAR,2025-08-18,2026-01-16,100,0.075,0.075,0.0,100.0
M27F6,TAMAR,2025-08-29,2026-02-27,100,0.015,0.015,0.0,100.0
M30A6,TAMAR,2025-11-28,2026-04-30,100,0.04,0.04,0.0,100.0
M31G6,TAMAR,2025-11-10,2026-08-31,100,0.05,0.05,0.0,100.0
M31L5,TAMAR,2025-04-16,2025-07-31,100,0.05,0.05,0.0,100.0
MCC1O,ON,2025-03-10,2025-09-10,0,0.079,0.039825,100.0,3.982466
MCC1O,ON,2025-03-10,2026-03-10,0,0.079,0.039175,100.0,3.917534
MCC1O,ON,2025-03-10,2026-09-10,0,0.079,0.039825,100.0,3.982466
MCC1O,ON,2025-03-10,2027-03-10,0,0.079,0.039175,100.0,3.917534
MCC1O,ON,2025-03-10,2027-09-10,0,0.079,0.039825,100.0,3.982466
MCC1O,ON,2025-03-10,2028-03-10,0,0.079,0.039392,100.0,3.939178
MCC1O,ON,2025-03-10,2028-09-11,0,0.079,0.039825,100.0,3.982466
MCC1O,ON,2025-03-10,2029-03-12,100,0.079,0.039608,0.0,103.960822
MCC2O,ON,2025-06-02,2025-12-02,0.0,0.075,3.76027397260274,100.0,3.76027397260274
MCC2O,ON,2025-06-02,2026-06-02,0.0,0.075,3.73972602739726,100.0,3.73972602739726
MCC2O,ON,2025-06-02,2026-12-02,0.0,0.075,3.76027397260274,100.0,3.76027397260274
MCC2O,ON,2025-06-02,2027-06-02,100.0,0.075,3.73972602739726,0.0,103.73972602739724
MCC3O,ON,2026-05-11,2026-11-11,0,0.075,3.780822,100.0,3.780822
MCC3O,ON,2026-05-11,2027-05-11,0,0.075,3.719178,100.0,3.719178
MCC3O,ON,2026-05-11,2027-11-11,0,0.075,3.780822,100.0,3.780822
MCC3O,ON,2026-05-11,2028-05-11,0,0.075,3.739726,100.0,3.739726
MCC3O,ON,2026-05-11,2028-11-13,0,0.075,3.780822,100.0,3.780822
MCC3O,ON,2026-05-11,2029-05-11,0,0.075,3.719178,100.0,3.719178
MCC3O,ON,2026-05-11,2029-11-12,0,0.075,3.780822,100.0,3.780822
MCC3O,ON,2026-05-11,2030-05-13,100,0.075,3.719178,0.0,103.719178
MGC3O,ON,2019-07-10,2019-10-15,0.0,0.09125,2.408,100.0,2.408
MGC3O,ON,2019-07-10,2020-04-15,0.0,0.09125,4.5625,100.0,4.5625
MGC3O,ON,2019-07-10,2020-10-15,0.0,0.09125,4.5625,100.0,4.5625
MGC3O,ON,2019-07-10,2021-04-15,0.0,0.09125,4.5625,100.0,4.5625
MGC3O,ON,2019-07-10,2021-10-15,0.0,0.09125,4.5625,100.0,4.5625
MGC3O,ON,2019-07-10,2022-04-18,0.0,0.09125,4.5625,100.0,4.5625
MGC3O,ON,2019-07-10,2022-10-17,0.0,0.09125,4.5625,100.0,4.5625
MGC3O,ON,2019-07-10,2023-04-17,0.0,0.09125,4.5625,100.0,4.5625
MGC3O,ON,2019-07-10,2023-10-17,0.0,0.09125,4.5625,100.0,4.5625
MGC3O,ON,2019-07-10,2024-04-15,0.0,0.09125,4.5625,100.0,4.5625
MGC3O,ON,2019-07-10,2024-10-15,0.0,0.09125,4.5625,100.0,4.5625
MGC3O,ON,2019-07-10,2025-04-15,0.0,0.09125,4.5625,100.0,4.5625
MGC3O,ON,2019-07-10,2025-10-15,0.0,0.09125,4.5625,100.0,4.5625
MGC3O,ON,2019-07-10,2026-04-15,0.0,0.09125,4.5625,100.0,4.5625
MGC3O,ON,2019-07-10,2026-10-15,0.0,0.09125,4.5625,100.0,4.5625
MGC3O,ON,2019-07-10,2027-04-15,0.0,0.09125,4.5625,100.0,4.5625
MGC3O,ON,2019-07-10,2027-10-15,0.0,0.09125,4.5625,100.0,4.5625
MGC3O,ON,2019-07-10,2028-04-17,0.0,0.09125,4.5625,100.0,4.5625
MGC3O,ON,2019-07-10,2028-10-16,0.0,0.09125,4.5625,100.0,4.5625
MGC3O,ON,2019-07-10,2029-04-16,100.0,0.09125,4.5625,100.0,104.5625
MGC9O,ON,2022-08-08,2022-12-12,0.0000,0.95,3.1667,100.0,3.1667
MGC9O,ON,2022-08-08,2023-06-08,0.0000,0.95,4.75,100.0,4.75
MGC9O,ON,2022-08-08,2023-12-11,0.0000,0.95,4.75,100.0,4.75
MGC9O,ON,2022-08-08,2024-06-10,0.0000,0.95,4.75,100.0,4.75
MGC9O,ON,2022-08-08,2024-12-09,33.0000,0.95,4.75,67.0,37.75
MGC9O,ON,2022-08-08,2025-06-09,0.0000,0.95,3.1825,67.0,3.1825
MGC9O,ON,2022-08-08,2025-12-09,33.0000,0.95,3.1825,34.0,36.1825
MGC9O,ON,2022-08-08,2026-06-08,0.0000,0.95,1.615,34.0,1.615
MGC9O,ON,2022-08-08,2026-12-09,34.0000,0.95,1.615,0.0,35.615
MGCEO,ON_DOLLAR_LINKED,2022-12-19,2027-12-17,100,0.0,0.0,0.0,100.0
MGCHO,ON,2023-05-04,2023-11-07,0.00,0.0499,2.52,100.0,2.52
MGCHO,ON,2023-05-04,2024-05-06,0.00,0.0499,2.49,100.0,2.49
MGCHO,ON,2023-05-04,2024-11-04,0.00,0.0499,2.52,100.0,2.52
MGCHO,ON,2023-05-04,2025-05-05,0.00,0.0499,2.47,100.0,2.47
MGCHO,ON,2023-05-04,2025-11-04,100.00,0.0499,2.52,0.0,102.52
MGCJO,ON,2023-09-08,2024-03-08,0.00,0.05,2.49,100.0,2.49
MGCJO,ON,2023-09-08,2024-09-09,0.00,0.05,2.52,100.0,2.52
MGCJO,ON,2023-09-08,2025-03-10,0.00,0.05,2.48,100.0,2.48
MGCJO,ON,2023-09-08,2025-09-08,100.00,0.05,2.52,0.0,102.52
MGCLO,ON,2024-03-26,2024-09-26,0,0.06,0.030247,100.0,3.024658
MGCLO,ON,2024-03-26,2025-03-26,0,0.06,0.029753,100.0,2.975342
MGCLO,ON,2024-03-26,2025-09-26,0,0.06,0.030247,100.0,3.024658
MGCLO,ON,2024-03-26,2026-03-26,100,0.06,0.029753,0.0,102.975342
MGCMO,ON,2024-09-10,2025-03-10,0,0.0795,0.03975,100.0,3.975
MGCMO,ON,2024-09-10,2025-09-10,0,0.0795,0.03975,100.0,3.975
MGCMO,ON,2024-09-10,2026-03-10,0,0.0795,0.03975,100.0,3.975
MGCMO,ON,2024-09-10,2026-09-10,0,0.0795,0.03975,100.0,3.975
MGCMO,ON,2024-09-10,2027-03-10,0,0.0795,0.03975,100.0,3.975
MGCMO,ON,2024-09-10,2027-09-10,0,0.0795,0.03975,100.0,3.975
MGCMO,ON,2024-09-10,2028-03-10,0,0.0795,0.03975,100.0,3.975
MGCMO,ON,2024-09-10,2028-09-11,0,0.0795,0.03975,100.0,3.975
MGCMO,ON,2024-09-10,2029-03-12,0,0.0795,0.03975,100.0,3.975
MGCMO,ON,2024-09-10,2029-09-10,0,0.0795,0.03975,100.0,3.975
MGCMO,ON,2024-09-10,2030-03-11,0,0.0795,0.03975,100.0,3.975
MGCMO,ON,2024-09-10,2030-09-10,0,0.0795,0.03975,100.0,3.975
MGCMO,ON,2024-09-10,2031-03-10,0,0.0795,0.03975,100.0,3.975
MGCMO,ON,2024-09-10,2031-09-10,100,0.0795,0.03975,0.0,103.975
MGCNO,ON,2024-10-04,2025-10-06,0.0,0.0575,2.8829,100.0,2.8829
MGCNO,ON,2024-10-04,2026-04-06,0.0,0.0575,2.8671,100.0,2.8671
MGCNO,ON,2024-10-04,2026-10-05,0.0,0.0575,2.8829,100.0,2.8829
MGCNO,ON,2024-10-04,2027-04-05,0.0,0.0575,2.8671,100.0,2.8671
MGCNO,ON,2024-10-04,2027-10-04,0.0,0.0575,2.8829,100.0,2.8829
MGCNO,ON,2024-10-04,2028-04-04,0.0,0.0575,2.8829,100.0,2.8829
MGCNO,ON,2024-10-04,2028-10-04,100.0,0.0575,2.8829,0.0,102.8829
MGCOO,ON,2024-12-16,2025-06-17,0,0.07875,0.039375,100.0,3.9375
MGCOO,ON,2024-12-16,2025-12-16,0,0.07875,0.039375,100.0,3.9375
MGCOO,ON,2024-12-16,2026-06-16,0,0.07875,0.039375,100.0,3.9375
MGCOO,ON,2024-12-16,2026-12-16,0,0.07875,0.039375,100.0,3.9375
MGCOO,ON,2024-12-16,2027-06-16,0,0.07875,0.039375,100.0,3.9375
MGCOO,ON,2024-12-16,2027-12-16,0,0.07875,0.039375,100.0,3.9375
MGCOO,ON,2024-12-16,2028-06-16,0,0.07875,0.039375,100.0,3.9375
MGCOO,ON,2024-12-16,2028-12-18,0,0.07875,0.039375,100.0,3.9375
MGCOO,ON,2024-12-16,2029-06-18,0,0.07875,0.039375,100.0,3.9375
MGCOO,ON,2024-12-16,2029-12-17,0,0.07875,0.039375,100.0,3.9375
MGCOO,ON,2024-12-16,2030-06-18,0,0.07875,0.039375,100.0,3.9375
MGCOO,ON,2024-12-16,2030-12-16,0,0.07875,0.039375,100.0,3.9375
MGCOO,ON,2024-12-16,2031-06-16,0,0.07875,0.039375,100.0,3.9375
MGCOO,ON,2024-12-16,2031-12-16,0,0.07875,0.039375,100.0,3.9375
MGCOO,ON,2024-12-16,2032-06-16,0,0.07875,0.039375,100.0,3.9375
MGCOO,ON,2024-12-16,2032-12-16,0,0.07875,0.039375,100.0,3.9375
MGCOO,ON,2024-12-16,2033-06-16,0,0.07875,0.039375,100.0,3.9375
MGCOO,ON,2024-12-16,2033-12-16,0,0.07875,0.039375,100.0,3.9375
MGCOO,ON,2024-12-16,2034-06-16,0,0.07875,0.039375,100.0,3.9375
MGCOO,ON,2024-12-16,2034-12-18,100,0.07875,0.039375,0.0,103.9375
MGCQO,ON,2025-08-06,2026-02-06,0.0000,0.0725,3.6548,100.0,3.6548
MGCQO,ON,2025-08-06,2026-08-06,0.0000,0.0725,3.5952,100.0,3.5952
MGCQO,ON,2025-08-06,2027-02-08,0.0000,0.0725,3.6548,100.0,3.6548
MGCQO,ON,2025-08-06,2027-08-06,0.0000,0.0725,3.5952,100.0,3.5952
MGCQO,ON,2025-08-06,2028-02-07,0.0000,0.0725,3.6548,100.0,3.6548
MGCQO,ON,2025-08-06,2028-08-07,100.0000,0.0725,3.6349,0.0,103.6349
MGCRO,ON,2025-11-14,2026-05-14,0,0.0775,3.875,100.0,3.875
MGCRO,ON,2025-11-14,2026-11-16,0,0.0775,3.875,100.0,3.875
MGCRO,ON,2025-11-14,2027-05-14,0,0.0775,3.875,100.0,3.875
MGCRO,ON,2025-11-14,2027-11-15,0,0.0775,3.875,100.0,3.875
MGCRO,ON,2025-11-14,2028-05-15,0,0.0775,3.875,100.0,3.875
MGCRO,ON,2025-11-14,2028-11-14,0,0.0775,3.875,100.0,3.875
MGCRO,ON,2025-11-14,2029-05-14,0,0.0775,3.875,100.0,3.875
MGCRO,ON,2025-11-14,2029-11-14,0,0.0775,3.875,100.0,3.875
MGCRO,ON,2025-11-14,2030-05-14,0,0.0775,3.875,100.0,3.875
MGCRO,ON,2025-11-14,2030-11-14,0,0.0775,3.875,100.0,3.875
MGCRO,ON,2025-11-14,2031-05-14,0,0.0775,3.875,100.0,3.875
MGCRO,ON,2025-11-14,2031-11-14,0,0.0775,3.875,100.0,3.875
MGCRO,ON,2025-11-14,2032-05-14,0,0.0775,3.875,100.0,3.875
MGCRO,ON,2025-11-14,2032-11-15,0,0.0775,3.875,100.0,3.875
MGCRO,ON,2025-11-14,2033-05-16,0,0.0775,3.875,100.0,3.875
MGCRO,ON,2025-11-14,2033-11-14,0,0.0775,3.875,100.0,3.875
MGCRO,ON,2025-11-14,2034-05-15,0,0.0775,3.875,100.0,3.875
MGCRO,ON,2025-11-14,2034-11-14,0,0.0775,3.875,100.0,3.875
MGCRO,ON,2025-11-14,2035-05-14,0,0.0775,3.875,100.0,3.875
MGCRO,ON,2025-11-14,2035-11-14,0,0.0775,3.875,100.0,3.875
MGCRO,ON,2025-11-14,2036-05-14,0,0.0775,3.875,100.0,3.875
MGCRO,ON,2025-11-14,2036-11-14,0,0.0775,3.875,100.0,3.875
MGCRO,ON,2025-11-14,2037-05-14,0,0.0775,3.875,100.0,3.875
MGCRO,ON,2025-11-14,2037-11-16,100,0.0775,3.875,0.0,103.875
MGCTO,ON,2026-04-01,2026-10-01,0,0.0549,2.752521,100.0,2.752521
MGCTO,ON,2026-04-01,2027-04-01,0,0.0549,2.737479,100.0,2.737479
MGCTO,ON,2026-04-01,2027-10-01,0,0.0549,2.752521,100.0,2.752521
MGCTO,ON,2026-04-01,2028-04-03,0,0.0549,2.752521,100.0,2.752521
MGCTO,ON,2026-04-01,2028-10-02,0,0.0549,2.752521,100.0,2.752521
MGCTO,ON,2026-04-01,2029-04-03,100,0.0549,2.7676,0.0,102.7676
MIC3O,ON,2025-11-11,2026-02-11,0,0.085,2.142466,100.0,2.142466
MIC3O,ON,2025-11-11,2026-05-11,0,0.085,2.072603,100.0,2.072603
MIC3O,ON,2025-11-11,2026-08-11,0,0.085,2.142466,100.0,2.142466
MIC3O,ON,2025-11-11,2026-11-11,100,0.085,2.142466,0.0,102.142466
MIC4O,ON,2026-01-29,2026-04-29,0,0.0825,2.034247,100.0,2.034247
MIC4O,ON,2026-01-29,2026-07-29,0,0.0825,2.056849,100.0,2.056849
MIC4O,ON,2026-01-29,2026-10-29,0,0.0825,2.079452,100.0,2.079452
MIC4O,ON,2026-01-29,2027-01-29,0,0.0825,2.079452,100.0,2.079452
MIC4O,ON,2026-01-29,2027-04-29,0,0.0825,2.034247,100.0,2.034247
MIC4O,ON,2026-01-29,2027-07-29,100,0.0825,2.056849,0.0,102.056849
MIC6O,ON,2026-05-28,2026-08-28,0,0.08,2.016438,100.0,2.016438
MIC6O,ON,2026-05-28,2026-11-30,0,0.08,2.016438,100.0,2.016438
MIC6O,ON,2026-05-28,2027-03-01,0,0.08,2.016438,100.0,2.016438
MIC6O,ON,2026-05-28,2027-05-28,0,0.08,1.950685,100.0,1.950685
MIC6O,ON,2026-05-28,2027-08-30,0,0.08,2.016438,100.0,2.016438
MIC6O,ON,2026-05-28,2027-11-29,0,0.08,2.016438,100.0,2.016438
MIC6O,ON,2026-05-28,2028-02-28,0,0.08,2.016438,100.0,2.016438
MIC6O,ON,2026-05-28,2028-05-29,100,0.08,1.99,0.0,101.99
MJC1O,ON,2026-02-19,2026-08-19,0,0.08,3.967123,100.0,3.967123
MJC1O,ON,2026-02-19,2027-02-19,100,0.08,4.032877,0.0,104.032877
MKS1L,ON_TAMAR,2025-12-22,2026-03-25,0,0.0144,0.0,100.0,0.0
MKS1L,ON_TAMAR,2025-12-22,2026-06-22,0,0.0144,0.0,100.0,0.0
MKS1L,ON_TAMAR,2025-12-22,2026-09-22,0,0.0144,0.0,100.0,0.0
MKS1L,ON_TAMAR,2025-12-22,2026-12-22,0,0.0144,0.0,100.0,0.0
MKS1L,ON_TAMAR,2025-12-22,2027-03-22,0,0.0144,0.0,100.0,0.0
MKS1L,ON_TAMAR,2025-12-22,2027-06-22,33,0.0144,0.0,67.0,33.0
MKS1L,ON_TAMAR,2025-12-22,2027-09-22,33,0.0144,0.0,34.0,33.0
MKS1L,ON_TAMAR,2025-12-22,2027-12-22,34,0.0144,0.0,0.0,34.0
MR34P,ON_TAMAR,2025-05-19,2025-08-19,0,0.07,0.0,100.0,0.0
MR34P,ON_TAMAR,2025-05-19,2025-11-19,0,0.07,0.0,100.0,0.0
MR34P,ON_TAMAR,2025-05-19,2026-02-19,0,0.07,0.0,100.0,0.0
MR34P,ON_TAMAR,2025-05-19,2026-05-19,100,0.07,0.0,0.0,100.0
MR35O,ON,2024-08-28,2025-02-28,0.0,0.0975,0.0491506849315068,100.0,4.915068493150685
MR35O,ON,2024-08-28,2025-08-28,0.0,0.0975,0.0483493150684931,100.0,4.8349315068493155
MR35O,ON,2024-08-28,2026-03-02,0.0,0.0975,0.0491506849315068,100.0,4.915068493150685
MR35O,ON,2024-08-28,2026-08-28,0.0,0.0975,0.0483493150684931,100.0,4.8349315068493155
MR35O,ON,2024-08-28,2027-03-01,0.0,0.0975,0.0491506849315068,100.0,4.915068493150685
MR35O,ON,2024-08-28,2027-08-30,100,0.0975,0.0488835616438356,0.0,104.88835616438357
MR36O,ON_DOLLAR_LINKED,2024-08-28,2024-11-28,0,0.0675,1.7013698630136989,100.0,1.7688698630136988
MR36O,ON_DOLLAR_LINKED,2024-08-28,2025-02-28,0,0.0675,1.7013698630136989,100.0,1.7688698630136988
MR36O,ON_DOLLAR_LINKED,2024-08-28,2025-05-28,0,0.0675,1.6458904109589043,100.0,1.7133904109589042
MR36O,ON_DOLLAR_LINKED,2024-08-28,2025-08-28,0,0.0675,1.7013698630136989,100.0,1.7688698630136988
MR36O,ON_DOLLAR_LINKED,2024-08-28,2025-11-28,0,0.0875,2.2054794520547945,100.0,2.2929794520547944
MR36O,ON_DOLLAR_LINKED,2024-08-28,2026-03-02,0,0.0875,2.2054794520547945,100.0,2.2929794520547944
MR36O,ON_DOLLAR_LINKED,2024-08-28,2026-05-28,0,0.0875,2.133561643835616,100.0,2.221061643835616
MR36O,ON_DOLLAR_LINKED,2024-08-28,2026-08-28,0,0.0875,2.2054794520547945,100.0,2.2929794520547944
MR36O,ON_DOLLAR_LINKED,2024-08-28,2026-11-30,0,0.0875,2.2054794520547945,100.0,2.2929794520547944
MR36O,ON_DOLLAR_LINKED,2024-08-28,2027-03-01,0,0.0875,2.2054794520547945,100.0,2.2929794520547944
MR36O,ON_DOLLAR_LINKED,2024-08-28,2027-05-28,0,0.0875,2.133561643835616,100.0,2.221061643835616
MR36O,ON_DOLLAR_LINKED,2024-08-28,2027-08-30,100,0.0875,2.25,0.0,102.25
MR37O,ON_DOLLAR_LINKED,2024-08-28,2024-11-28,0.00,0.0675,1.7,1.0,1.7
MR37O,ON_DOLLAR_LINKED,2024-08-28,2025-02-28,0.00,0.0675,1.7,1.0,1.7
MR37O,ON_DOLLAR_LINKED,2024-08-28,2025-05-28,0.00,0.0675,1.65,1.0,1.65
MR37O,ON_DOLLAR_LINKED,2024-08-28,2025-08-28,2.50,0.0675,1.7,0.97,4.2
MR37O,ON_DOLLAR_LINKED,2024-08-28,2025-11-28,2.50,0.0875,2.15,0.95,4.65
MR37O,ON_DOLLAR_LINKED,2024-08-28,2026-03-02,2.50,0.0875,2.1,0.93,4.6
MR37O,ON_DOLLAR_LINKED,2024-08-28,2026-05-28,2.50,0.0875,1.97,0.9,4.47
MR37O,ON_DOLLAR_LINKED,2024-08-28,2026-08-28,2.50,0.0875,1.98,0.88,4.48
MR37O,ON_DOLLAR_LINKED,2024-08-28,2026-11-30,2.50,0.0875,1.93,0.85,4.43
MR37O,ON_DOLLAR_LINKED,2024-08-28,2027-03-01,12.00,0.0875,1.87,0.73,13.87
MR37O,ON_DOLLAR_LINKED,2024-08-28,2027-05-28,12.00,0.0875,1.56,0.61,13.56
MR37O,ON_DOLLAR_LINKED,2024-08-28,2027-08-30,12.00,0.0875,1.35,0.49,13.35
MR37O,ON_DOLLAR_LINKED,2024-08-28,2027-11-29,12.00,0.0875,1.08,0.37,13.08
MR37O,ON_DOLLAR_LINKED,2024-08-28,2028-02-28,12.00,0.0875,0.82,0.25,12.82
MR37O,ON_DOLLAR_LINKED,2024-08-28,2028-05-29,12.00,0.0875,0.54,0.13,12.54
MR37O,ON_DOLLAR_LINKED,2024-08-28,2028-08-28,13.00,0.0875,0.29,0.0,13.29
MR38O,ON_CER,2024-08-30,2024-12-02,0,0.04,1.008219,100.0,1.008219
MR38O,ON_CER,2024-08-30,2025-02-28,0,0.04,0.986301,100.0,0.986301
MR38O,ON_CER,2024-08-30,2025-05-30,0,0.04,0.99726,100.0,0.99726
MR38O,ON_CER,2024-08-30,2025-09-01,0,0.04,1.008219,100.0,1.008219
MR38O,ON_CER,2024-08-30,2025-12-01,0,0.04,1.008219,100.0,1.008219
MR38O,ON_CER,2024-08-30,2026-03-02,0,0.04,0.986301,100.0,0.986301
MR38O,ON_CER,2024-08-30,2026-06-01,0,0.04,0.99726,100.0,0.99726
MR38O,ON_CER,2024-08-30,2026-08-31,0,0.04,1.008219,100.0,1.008219
MR38O,ON_CER,2024-08-30,2026-11-30,0,0.04,1.008219,100.0,1.008219
MR38O,ON_CER,2024-08-30,2027-03-01,0,0.04,0.986301,100.0,0.986301
MR38O,ON_CER,2024-08-30,2027-05-31,0,0.04,0.99726,100.0,0.99726
MR38O,ON_CER,2024-08-30,2027-08-30,100,0.04,1.008219,0.0,101.008219
MR38P,ON,2026-03-17,2026-09-17,0,0.095,4.789041,100.0,4.789041
MR38P,ON,2026-03-17,2027-03-17,0,0.095,4.710959,100.0,4.710959
MR38P,ON,2026-03-17,2027-06-18,100,0.095,2.4205,0.0,102.4205
MR39O,ON,2024-10-30,2025-05-05,0.0,0.11,0.055306,100.0,5.530556
MR39O,ON,2024-10-30,2025-11-03,0.0,0.11,0.055,100.0,5.5
MR39O,ON,2024-10-30,2026-05-04,1.5,0.11,0.055,98.5,7.0
MR39O,ON,2024-10-30,2026-11-02,1.5,0.11,0.054175,97.0,6.9175
MR39O,ON,2024-10-30,2027-05-03,2.5,0.11,0.05335,94.5,7.835
MR39O,ON,2024-10-30,2027-11-01,2.5,0.11,0.051975,92.0,7.6975
MR39O,ON,2024-10-30,2028-05-02,7.5,0.11,0.0506,84.5,12.56
MR39O,ON,2024-10-30,2028-11-01,7.5,0.11,0.046475,77.0,12.1475
MR39O,ON,2024-10-30,2029-05-02,11.0,0.11,0.04235,66.0,15.235
MR39O,ON,2024-10-30,2029-11-01,11.0,0.11,0.0363,55.0,14.63
MR39O,ON,2024-10-30,2030-05-02,11.0,0.11,0.03025,44.0,14.025
MR39O,ON,2024-10-30,2030-11-01,11.0,0.11,0.0242,33.0,13.42
MR39O,ON,2024-10-30,2031-05-01,11.0,0.11,0.01815,22.0,12.815
MR39O,ON,2024-10-30,2031-11-03,22.0,0.11,0.0121,0.0,23.21
MR39P,ON_TAMAR,2026-03-17,2026-06-17,0,0.065,0.0,100.0,0.0
MR39P,ON_TAMAR,2026-03-17,2026-09-17,0,0.065,0.0,100.0,0.0
MR39P,ON_TAMAR,2026-03-17,2026-12-17,0,0.065,0.0,100.0,0.0
MR39P,ON_TAMAR,2026-03-17,2027-03-17,100,0.065,0.0,0.0,100.0
MR43O,ON_DOLLAR_LINKED,2026-07-15,2026-12-30,0,0.0225,1.689,100.0,1.689
MR43O,ON_DOLLAR_LINKED,2026-07-15,2027-06-30,0,0.0225,1.121918,100.0,1.121918
MR43O,ON_DOLLAR_LINKED,2026-07-15,2027-12-30,0,0.0225,1.128082,100.0,1.128082
MR43O,ON_DOLLAR_LINKED,2026-07-15,2028-06-30,0,0.0225,1.128082,100.0,1.128082
MR43O,ON_DOLLAR_LINKED,2026-07-15,2029-01-01,0,0.0225,1.128082,100.0,1.128082
MR43O,ON_DOLLAR_LINKED,2026-07-15,2029-07-02,0,0.0225,1.121918,100.0,1.121918
MR43O,ON_DOLLAR_LINKED,2026-07-15,2029-12-31,0,0.0225,1.128082,100.0,1.128082
MR43O,ON_DOLLAR_LINKED,2026-07-15,2030-07-01,0,0.0225,1.121918,100.0,1.121918
MR43O,ON_DOLLAR_LINKED,2026-07-15,2030-12-30,0,0.03,1.50411,100.0,1.50411
MR43O,ON_DOLLAR_LINKED,2026-07-15,2031-06-30,0,0.03,1.49589,100.0,1.49589
MR43O,ON_DOLLAR_LINKED,2026-07-15,2031-12-30,0,0.03,1.50411,100.0,1.50411
MR43O,ON_DOLLAR_LINKED,2026-07-15,2032-06-30,0,0.03,1.50411,100.0,1.50411
MR43O,ON_DOLLAR_LINKED,2026-07-15,2032-12-30,0,0.03,1.50411,100.0,1.50411
MR43O,ON_DOLLAR_LINKED,2026-07-15,2033-06-30,0,0.03,1.49589,100.0,1.49589
MR43O,ON_DOLLAR_LINKED,2026-07-15,2033-12-30,5,0.03,1.50411,95.0,6.50411
MR43O,ON_DOLLAR_LINKED,2026-07-15,2034-06-30,10,0.03,1.421096,85.0,11.421096
MR43O,ON_DOLLAR_LINKED,2026-07-15,2035-01-01,10,0.04,1.704658,75.0,11.704658
MR43O,ON_DOLLAR_LINKED,2026-07-15,2035-07-02,10,0.04,1.49589,65.0,11.49589
MR43O,ON_DOLLAR_LINKED,2026-07-15,2035-12-31,10,0.04,1.303562,55.0,11.303562
MR43O,ON_DOLLAR_LINKED,2026-07-15,2036-06-30,55,0.04,1.103014,0.0,56.103014
MR44O,ON,2026-07-15,2026-12-30,0,0.0225,1.689,100.0,1.689
MR44O,ON,2026-07-15,2027-06-30,0,0.0225,1.121918,100.0,1.121918
MR44O,ON,2026-07-15,2027-12-30,0,0.0225,1.128082,100.0,1.128082
MR44O,ON,2026-07-15,2028-06-30,0,0.0225,1.128082,100.0,1.128082
MR44O,ON,2026-07-15,2029-01-01,0,0.0225,1.128082,100.0,1.128082
MR44O,ON,2026-07-15,2029-07-02,0,0.0225,1.121918,100.0,1.121918
MR44O,ON,2026-07-15,2029-12-31,0,0.0225,1.128082,100.0,1.128082
MR44O,ON,2026-07-15,2030-07-01,0,0.0225,1.121918,100.0,1.121918
MR44O,ON,2026-07-15,2030-12-30,0,0.03,1.50411,100.0,1.50411
MR44O,ON,2026-07-15,2031-06-30,0,0.03,1.49589,100.0,1.49589
MR44O,ON,2026-07-15,2031-12-30,0,0.03,1.50411,100.0,1.50411
MR44O,ON,2026-07-15,2032-06-30,0,0.03,1.50411,100.0,1.50411
MR44O,ON,2026-07-15,2032-12-30,0,0.03,1.50411,100.0,1.50411
MR44O,ON,2026-07-15,2033-06-30,0,0.03,1.49589,100.0,1.49589
MR44O,ON,2026-07-15,2033-12-30,5,0.03,1.50411,95.0,6.50411
MR44O,ON,2026-07-15,2034-06-30,10,0.03,1.421096,85.0,11.421096
MR44O,ON,2026-07-15,2035-01-01,10,0.04,1.704658,75.0,11.704658
MR44O,ON,2026-07-15,2035-07-02,10,0.04,1.49589,65.0,11.49589
MR44O,ON,2026-07-15,2035-12-31,10,0.04,1.303562,55.0,11.303562
MR44O,ON,2026-07-15,2036-06-30,55,0.04,1.103014,0.0,56.103014
MR46O,ON,2026-06-05,2027-01-04,3,0.075,4.2708,97.0,7.2708
MR46O,ON,2026-06-05,2027-07-05,3,0.075,3.6375,94.0,6.6375
MR46O,ON,2026-06-05,2028-01-04,5,0.075,3.525,89.0,8.525
MR46O,ON,2026-06-05,2028-07-04,6,0.075,3.3375,83.0,9.3375
MR46O,ON,2026-06-05,2029-01-04,6,0.08,3.32,77.0,9.32
MR46O,ON,2026-06-05,2029-07-04,6,0.08,3.08,71.0,9.08
MR46O,ON,2026-06-05,2030-01-04,6,0.08,2.84,65.0,8.84
MR46O,ON,2026-06-05,2030-07-04,6,0.08,2.6,59.0,8.6
MR46O,ON,2026-06-05,2031-01-06,6,0.09,2.655,53.0,8.655
MR46O,ON,2026-06-05,2031-07-04,6,0.09,2.385,47.0,8.385
MR46O,ON,2026-06-05,2032-01-05,6,0.09,2.115,41.0,8.115
MR46O,ON,2026-06-05,2032-07-05,6,0.09,1.845,35.0,7.845
MR46O,ON,2026-06-05,2033-01-04,6,0.09,1.575,29.0,7.575
MR46O,ON,2026-06-05,2033-07-04,7,0.09,1.305,22.0,8.305
MR46O,ON,2026-06-05,2034-01-04,7,0.09,0.99,15.0,7.99
MR46O,ON,2026-06-05,2034-07-04,7.5,0.09,0.675,7.5,8.175
MR46O,ON,2026-06-05,2035-01-01,7.5,0.09,0.33,0.0,7.83
MR47O,ON,2026-06-05,2035-07-02,22.5,0.04,4.8062,78.0,58.8763
MR47O,ON,2026-06-05,2035-12-31,22.5,0.04,1.56,56.0,57.7949
MR47O,ON,2026-06-05,2036-06-30,55,0.04,1.107556,0.0,134.8146
MR48O,ON,2026-06-05,2027-01-04,3,0.075,4.270833,97.0,7.270833
MR48O,ON,2026-06-05,2027-06-30,3,0.075,3.6375,94.0,6.6375
MR48O,ON,2026-06-05,2027-12-30,5,0.075,3.525,89.0,8.525
MR48O,ON,2026-06-05,2028-06-30,6,0.075,3.3375,83.0,9.3375
MR48O,ON,2026-06-05,2029-01-01,6,0.08,3.32,77.0,9.32
MR48O,ON,2026-06-05,2029-07-02,6,0.08,3.08,71.0,9.08
MR48O,ON,2026-06-05,2029-12-31,6,0.08,2.84,65.0,8.84
MR48O,ON,2026-06-05,2030-07-01,6,0.08,2.6,59.0,8.6
MR48O,ON,2026-06-05,2030-12-30,6,0.09,2.655,53.0,8.655
MR48O,ON,2026-06-05,2031-06-30,6,0.09,2.385,47.0,8.385
MR48O,ON,2026-06-05,2031-12-30,6,0.09,2.115,41.0,8.115
MR48O,ON,2026-06-05,2032-06-30,6,0.09,1.845,35.0,7.845
MR48O,ON,2026-06-05,2032-12-30,6,0.09,1.575,29.0,7.575
MR48O,ON,2026-06-05,2033-06-30,7,0.09,1.305,22.0,8.305
MR48O,ON,2026-06-05,2033-12-30,7,0.09,0.99,15.0,7.99
MR48O,ON,2026-06-05,2034-06-30,7.5,0.09,0.675,7.5,8.175
MR48O,ON,2026-06-05,2035-01-01,7.5,0.09,0.3375,0.0,7.8375
MR49O,ON,2026-06-05,2027-01-04,3,0.075,4.270833,97.0,7.270833
MR49O,ON,2026-06-05,2027-06-30,3,0.075,3.6375,94.0,6.6375
MR49O,ON,2026-06-05,2027-12-30,5,0.075,3.525,89.0,8.525
MR49O,ON,2026-06-05,2028-06-30,6,0.075,3.3375,83.0,9.3375
MR49O,ON,2026-06-05,2029-01-01,6,0.08,3.32,77.0,9.32
MR49O,ON,2026-06-05,2029-07-02,6,0.08,3.08,71.0,9.08
MR49O,ON,2026-06-05,2029-12-31,6,0.08,2.84,65.0,8.84
MR49O,ON,2026-06-05,2030-07-01,6,0.08,2.6,59.0,8.6
MR49O,ON,2026-06-05,2030-12-30,6,0.09,2.655,53.0,8.655
MR49O,ON,2026-06-05,2031-06-30,6,0.09,2.385,47.0,8.385
MR49O,ON,2026-06-05,2031-12-30,6,0.09,2.115,41.0,8.115
MR49O,ON,2026-06-05,2032-06-30,6,0.09,1.845,35.0,7.845
MR49O,ON,2026-06-05,2032-12-30,6,0.09,1.575,29.0,7.575
MR49O,ON,2026-06-05,2033-06-30,7,0.09,1.305,22.0,8.305
MR49O,ON,2026-06-05,2033-12-30,7,0.09,0.99,15.0,7.99
MR49O,ON,2026-06-05,2034-06-30,7.5,0.09,0.675,7.5,8.175
MR49O,ON,2026-06-05,2035-01-01,7.5,0.09,0.3375,0.0,7.8375
MR50O,ON_DOLLAR_LINKED,2026-06-05,2027-01-04,0,0.105,5.9792,100.0,5.9792
MR50O,ON_DOLLAR_LINKED,2026-06-05,2027-06-30,0,0.105,5.25,100.0,5.25
MR50O,ON_DOLLAR_LINKED,2026-06-05,2027-12-31,0,0.105,5.25,100.0,5.25
MR50O,ON_DOLLAR_LINKED,2026-06-05,2028-06-30,0,0.105,5.25,100.0,5.25
MR50O,ON_DOLLAR_LINKED,2026-06-05,2029-01-02,0,0.105,5.25,100.0,5.25
MR50O,ON_DOLLAR_LINKED,2026-06-05,2029-07-02,0,0.105,5.25,100.0,5.25
MR50O,ON_DOLLAR_LINKED,2026-06-05,2029-12-31,0,0.105,5.25,100.0,5.25
MR50O,ON_DOLLAR_LINKED,2026-06-05,2030-07-01,0,0.105,5.25,100.0,5.25
MR50O,ON_DOLLAR_LINKED,2026-06-05,2030-12-31,0,0.105,5.25,100.0,5.25
MR50O,ON_DOLLAR_LINKED,2026-06-05,2031-05-30,0,0.105,5.25,100.0,5.25
MR50O,ON_DOLLAR_LINKED,2026-06-05,2031-12-31,0,0.105,5.25,100.0,5.25
MR50O,ON_DOLLAR_LINKED,2026-06-05,2032-06-30,0,0.105,5.25,100.0,5.25
MR50O,ON_DOLLAR_LINKED,2026-06-05,2032-12-31,0,0.105,5.25,100.0,5.25
MR50O,ON_DOLLAR_LINKED,2026-06-05,2033-06-30,0,0.105,5.25,100.0,5.25
MR50O,ON_DOLLAR_LINKED,2026-06-05,2034-01-02,0,0.105,5.25,100.0,5.25
MR50O,ON_DOLLAR_LINKED,2026-06-05,2034-06-30,0,0.105,5.25,100.0,5.25
MR50O,ON_DOLLAR_LINKED,2026-06-05,2035-01-02,0,0.105,5.25,100.0,5.25
MR50O,ON_DOLLAR_LINKED,2026-06-05,2035-07-02,22.5,0.04,2.0,77.5,24.5
MR50O,ON_DOLLAR_LINKED,2026-06-05,2035-12-31,22.5,0.04,1.55,55.0,24.05
MR50O,ON_DOLLAR_LINKED,2026-06-05,2036-06-30,55,0.04,1.075556,0.0,56.075556
MRCAO,ON,2021-12-01,2022-02-01,2.0000,0.0963,1.6042,98.0,3.6042
MRCAO,ON,2021-12-01,2022-06-01,0.0000,0.0963,3.1442,98.0,3.1442
MRCAO,ON,2021-12-01,2022-12-01,3.5000,0.0988,4.8388,94.5,8.3388
MRCAO,ON,2021-12-01,2023-06-01,3.5000,0.0988,4.6659,91.0,8.1659
MRCAO,ON,2021-12-01,2023-12-01,7.0000,0.0988,4.4931,84.0,11.4931
MRCAO,ON,2021-12-01,2024-06-03,10.0000,0.0988,4.1475,74.0,14.1475
MRCAO,ON,2021-12-01,2024-12-02,10.0000,0.0988,3.6538,64.0,13.6538
MRCAO,ON,2021-12-01,2025-06-02,10.0000,0.0988,3.16,54.0,13.16
MRCAO,ON,2021-12-01,2025-12-01,10.0000,0.0988,2.6663,44.0,12.6663
MRCAO,ON,2021-12-01,2026-06-01,10.0000,0.0988,2.1725,34.0,12.1725
MRCAO,ON,2021-12-01,2026-12-01,10.0000,0.0988,1.6788,24.0,11.6788
MRCAO,ON,2021-12-01,2027-06-01,10.0000,0.0988,1.185,14.0,11.185
MRCAO,ON,2021-12-01,2027-12-01,14.0000,0.0988,0.6913,0.0,14.6913
MRCGO,ON_DOLLAR_LINKED,2022-07-18,2022-10-18,0,0.035,0.882192,100.0,0.882192
MRCGO,ON_DOLLAR_LINKED,2022-07-18,2023-01-18,0,0.035,0.882192,100.0,0.882192
MRCGO,ON_DOLLAR_LINKED,2022-07-18,2023-04-18,0,0.035,0.863014,100.0,0.863014
MRCGO,ON_DOLLAR_LINKED,2022-07-18,2023-07-18,5,0.035,0.872603,95.0,5.872603
MRCGO,ON_DOLLAR_LINKED,2022-07-18,2023-10-18,0,0.035,0.838082,95.0,0.838082
MRCGO,ON_DOLLAR_LINKED,2022-07-18,2024-01-18,5,0.035,0.838082,90.0,5.838082
MRCGO,ON_DOLLAR_LINKED,2022-07-18,2024-04-18,0,0.035,0.7853,90.0,0.7853
MRCGO,ON_DOLLAR_LINKED,2022-07-18,2024-07-18,10,0.035,0.785342,80.0,10.785342
MRCGO,ON_DOLLAR_LINKED,2022-07-18,2024-11-28,0,0.057481,1.6756,80.0,1.6756
MRCGO,ON_DOLLAR_LINKED,2022-07-18,2025-02-28,0,0.0675,1.3611,80.0,1.3611
MRCGO,ON_DOLLAR_LINKED,2022-07-18,2025-05-28,0,0.0675,1.3167,80.0,1.3167
MRCGO,ON_DOLLAR_LINKED,2022-07-18,2025-08-28,0,0.0675,1.3611,80.0,1.3611
MRCGO,ON_DOLLAR_LINKED,2022-07-18,2025-11-28,0,0.0875,1.7644,80.0,1.7644
MRCGO,ON_DOLLAR_LINKED,2022-07-18,2026-02-27,0,0.0875,1.7644,80.0,1.7644
MRCGO,ON_DOLLAR_LINKED,2022-07-18,2026-05-28,0,0.0875,1.7644,80.0,1.7644
MRCGO,ON_DOLLAR_LINKED,2022-07-18,2026-08-28,0,0.0875,1.7644,80.0,1.7644
MRCGO,ON_DOLLAR_LINKED,2022-07-18,2026-11-30,0,0.0875,1.7644,80.0,1.7644
MRCGO,ON_DOLLAR_LINKED,2022-07-18,2027-03-01,0,0.0875,1.7644,80.0,1.7644
MRCGO,ON_DOLLAR_LINKED,2022-07-18,2027-05-28,0,0.0875,1.7068,80.0,1.7068
MRCGO,ON_DOLLAR_LINKED,2022-07-18,2027-08-30,80,0.0875,1.8027,0.0,81.8027
MRCLO,ON,2023-04-17,2023-07-27,0,0.095,2.63,100.0,2.63
MRCLO,ON,2023-04-17,2024-01-29,0,0.095,4.79,100.0,4.79
MRCLO,ON,2023-04-17,2024-07-29,0,0.095,4.74,100.0,4.74
MRCLO,ON,2023-04-17,2025-01-27,0,0.095,4.79,100.0,4.79
MRCLO,ON,2023-04-17,2025-07-28,100,0.095,4.74,0.0,104.74
MRCOO,ON,2023-07-20,2024-01-22,0,0.095,0.04789,100.0,4.789041
MRCOO,ON,2023-07-20,2024-07-22,0,0.095,0.04737,100.0,4.736986
MRCOO,ON,2023-07-20,2025-01-20,0,0.095,0.04789,100.0,4.789041
MRCOO,ON,2023-07-20,2025-07-21,0,0.095,0.04711,100.0,4.710959
MRCOO,ON,2023-07-20,2026-01-20,100,0.095,0.04789,0.0,104.789041
MRCPO,ON_DOLLAR_LINKED,2023-07-20,2023-10-20,0.00,0.05,1.260274,100.0,1.260274
MRCPO,ON_DOLLAR_LINKED,2023-07-20,2024-01-22,0.00,0.05,1.260274,100.0,1.260274
MRCPO,ON_DOLLAR_LINKED,2023-07-20,2024-04-22,0.00,0.05,1.246575,100.0,1.246575
MRCPO,ON_DOLLAR_LINKED,2023-07-20,2024-07-22,0.00,0.05,1.246575,100.0,1.246575
MRCPO,ON_DOLLAR_LINKED,2023-07-20,2024-10-21,0.00,0.05,1.260274,100.0,1.260274
MRCPO,ON_DOLLAR_LINKED,2023-07-20,2025-01-20,0.00,0.05,1.260274,100.0,1.260274
MRCPO,ON_DOLLAR_LINKED,2023-07-20,2025-04-21,0.00,0.05,1.232877,100.0,1.232877
MRCPO,ON_DOLLAR_LINKED,2023-07-20,2025-07-21,100.00,0.05,1.260274,0.0,101.260274
MRCQO,ON,2023-10-18,2024-04-18,0,0.095,0.04763,100.0,4.763014
MRCQO,ON,2023-10-18,2024-10-18,0,0.095,0.04763,100.0,4.763014
MRCQO,ON,2023-10-18,2025-04-21,0,0.095,0.04737,100.0,4.736986
MRCQO,ON,2023-10-18,2025-10-20,0,0.095,0.04763,100.0,4.763014
MRCQO,ON,2023-10-18,2026-04-20,100,0.095,0.04789,0.0,104.789041
MRCRO,ON_DOLLAR_LINKED,2023-10-12,2024-01-12,0.00,0.065,1.638356,100.0,1.638356
MRCRO,ON_DOLLAR_LINKED,2023-10-12,2024-04-12,0.00,0.065,1.620548,100.0,1.620548
MRCRO,ON_DOLLAR_LINKED,2023-10-12,2024-07-12,0.00,0.065,1.620548,100.0,1.620548
MRCRO,ON_DOLLAR_LINKED,2023-10-12,2024-11-28,0.00,0.066655,2.538356,100.0,2.538356
MRCRO,ON_DOLLAR_LINKED,2023-10-12,2025-02-28,0.00,0.0675,1.70137,100.0,1.70137
MRCRO,ON_DOLLAR_LINKED,2023-10-12,2025-05-28,0.00,0.0675,1.64589,100.0,1.64589
MRCRO,ON_DOLLAR_LINKED,2023-10-12,2025-08-28,0.00,0.0675,1.70137,100.0,1.70137
MRCRO,ON_DOLLAR_LINKED,2023-10-12,2025-11-28,0.00,0.0875,2.205479,100.0,2.205479
MRCRO,ON_DOLLAR_LINKED,2023-10-12,2026-03-02,0.00,0.0875,2.205479,100.0,2.205479
MRCRO,ON_DOLLAR_LINKED,2023-10-12,2026-05-28,0.00,0.0875,2.133562,100.0,2.133562
MRCRO,ON_DOLLAR_LINKED,2023-10-12,2026-08-28,0.00,0.0875,2.205479,100.0,2.205479
MRCRO,ON_DOLLAR_LINKED,2023-10-12,2026-11-30,0.00,0.0875,2.205479,100.0,2.205479
MRCRO,ON_DOLLAR_LINKED,2023-10-12,2027-03-01,0.00,0.0875,2.205479,100.0,2.205479
MRCRO,ON_DOLLAR_LINKED,2023-10-12,2027-05-28,0.00,0.0875,2.133562,100.0,2.133562
MRCRO,ON_DOLLAR_LINKED,2023-10-12,2027-08-30,100.00,0.0875,2.253425,0.0,102.253425
MRCUO,ON,2024-03-08,2024-09-09,0,0.095,4.79,100.0,4.79
MRCUO,ON,2024-03-08,2025-03-10,0,0.095,4.71,100.0,4.71
MRCUO,ON,2024-03-08,2025-09-08,0,0.095,4.79,100.0,4.79
MRCUO,ON,2024-03-08,2026-03-09,100,0.095,4.74,0.0,104.74
MRCYO,ON,2024-05-30,2024-12-02,0,0.095,0.04789,100.0,4.789041
MRCYO,ON,2024-05-30,2025-05-30,0,0.095,0.04711,100.0,4.710959
MRCYO,ON,2024-05-30,2025-12-01,0,0.095,0.04789,100.0,4.789041
MRCYO,ON,2024-05-30,2026-06-01,100,0.095,0.04763,0.0,104.763014
MRCZO,ON_BADLAR,2024-05-30,2024-08-30,0,0.1,0.1,100.0,0.0
MRCZO,ON_BADLAR,2024-05-30,2024-12-02,0,0.1,0.1,100.0,0.0
MRCZO,ON_BADLAR,2024-05-30,2025-02-28,0,0.1,0.1,100.0,0.0
MRCZO,ON_BADLAR,2024-05-30,2025-05-30,100,0.1,0.1,0.0,100.0
MSSAO,ON,2022-09-12,2023-09-12,0.0000,0.075,7.5,100.0,7.5
MSSAO,ON,2022-09-12,2024-09-12,100.0000,0.075,7.52,0.0,107.52
MSSEO,ON,2023-07-17,2024-07-17,0.0,0.065,0.0651780821917808,100.0,6.517808219178082
MSSEO,ON,2023-07-17,2025-07-17,0.0,0.065,0.065,100.0,6.5
MSSEO,ON,2023-07-17,2026-07-17,100,0.065,0.065,0.0,106.5
MSSFO,ON,2024-07-23,2025-01-23,0.0,0.075,0.0378082191780821,100.0,3.780821917808219
MSSFO,ON,2024-07-23,2025-07-23,0.0,0.075,0.0371917808219178,100.0,3.719178082191781
MSSFO,ON,2024-07-23,2026-01-23,0.0,0.075,0.0378082191780821,100.0,3.780821917808219
MSSFO,ON,2024-07-23,2026-07-23,0.0,0.075,0.0371917808219178,100.0,3.719178082191781
MSSFO,ON,2024-07-23,2027-01-25,0.0,0.075,0.0378082191780821,100.0,3.780821917808219
MSSFO,ON,2024-07-23,2027-07-23,100,0.075,0.0371917808219178,0.0,103.71917808219176
MSSGO,ON,2025-04-16,2025-10-16,0.0,8.5,4.261643835616439,100.0,4.2616438356
MSSGO,ON,2025-04-16,2026-04-16,0.0,8.5,4.238356164383561,100.0,4.2383561644
MSSGO,ON,2025-04-16,2026-10-16,0.0,8.5,4.261643835616439,100.0,4.2616438356
MSSGO,ON,2025-04-16,2027-04-16,0.0,8.5,4.238356164383561,100.0,4.2383561644
MSSGO,ON,2025-04-16,2027-10-18,0.0,8.5,4.261643835616439,100.0,4.2616438356
MSSGO,ON,2025-04-16,2028-04-17,0.0,8.5,4.261643835616439,100.0,4.2616438356
MSSGO,ON,2025-04-16,2028-10-16,0.0,8.5,4.261643835616439,100.0,4.2616438356
MSSGO,ON,2025-04-16,2029-04-16,100.0,8.5,4.238356164383561,0.0,104.2383561644
MTC2O,ON,2026-06-22,2026-09-22,0,0.065,1.638356,100.0,1.638356
MTC2O,ON,2026-06-22,2026-12-22,0,0.065,1.620548,100.0,1.620548
MTC2O,ON,2026-06-22,2027-03-22,0,0.065,1.60274,100.0,1.60274
MTC2O,ON,2026-06-22,2027-06-22,0,0.065,1.638356,100.0,1.638356
MTC2O,ON,2026-06-22,2027-09-22,0,0.065,1.638356,100.0,1.638356
MTC2O,ON,2026-06-22,2027-12-22,0,0.065,1.620548,100.0,1.620548
MTC2O,ON,2026-06-22,2028-03-22,0,0.065,1.620548,100.0,1.620548
MTC2O,ON,2026-06-22,2028-06-22,100,0.065,1.638356,0.0,101.638356
MTC3O,ON_TAMAR,2026-06-22,2026-09-22,0,0.0399,0.0,100.0,0.0
MTC3O,ON_TAMAR,2026-06-22,2026-12-22,0,0.0399,0.0,100.0,0.0
MTC3O,ON_TAMAR,2026-06-22,2027-03-22,0,0.0399,0.0,100.0,0.0
MTC3O,ON_TAMAR,2026-06-22,2027-06-22,100,0.0399,0.0,0.0,100.0
MTCGO,ON,2021-06-30,2021-09-30,0.0000,0.1095,2.7375,100.0,2.7375
MTCGO,ON,2021-06-30,2021-12-30,0.0000,0.1095,2.7375,100.0,2.7375
MTCGO,ON,2021-06-30,2022-03-30,0.0000,0.1095,2.7375,100.0,2.7375
MTCGO,ON,2021-06-30,2022-06-30,0.0000,0.1095,2.7375,100.0,2.7375
MTCGO,ON,2021-06-30,2022-09-30,0.0000,0.1095,2.7375,100.0,2.7375
MTCGO,ON,2021-06-30,2022-12-30,0.0000,0.1095,2.7375,100.0,2.7375
MTCGO,ON,2021-06-30,2023-03-30,0.0000,0.1095,2.7375,100.0,2.7375
MTCGO,ON,2021-06-30,2023-06-30,0.0000,0.1095,2.7375,100.0,2.7375
MTCGO,ON,2021-06-30,2023-10-02,0.0000,0.1095,2.7375,100.0,2.7375
MTCGO,ON,2021-06-30,2024-01-02,0.0000,0.1095,2.7375,100.0,2.7375
MTCGO,ON,2021-06-30,2024-04-03,0.0000,0.1095,2.7375,100.0,2.7375
MTCGO,ON,2021-06-30,2024-07-01,0.0000,0.1095,2.7375,100.0,2.7375
MTCGO,ON,2021-06-30,2024-09-30,0.0000,0.1095,2.7375,100.0,2.7375
MTCGO,ON,2021-06-30,2024-12-30,0.0000,0.1095,2.7375,100.0,2.7375
MTCGO,ON,2021-06-30,2025-03-31,0.0000,0.1095,2.7375,100.0,2.7375
MTCGO,ON,2021-06-30,2025-06-30,0.0000,0.1095,2.7375,100.0,2.7375
MTCGO,ON,2021-06-30,2025-09-30,0.0000,0.1095,2.7375,100.0,2.7375
MTCGO,ON,2021-06-30,2025-12-30,0.0000,0.1095,2.7375,100.0,2.7375
MTCGO,ON,2021-06-30,2026-03-30,0.0000,0.1095,2.7375,100.0,2.7375
MTCGO,ON,2021-06-30,2026-06-30,100.0000,0.1095,2.7375,0.0,102.7375
MUC4O,ON,2026-04-27,2026-10-27,0,0.077,3.860548,100.0,3.860548
MUC4O,ON,2026-04-27,2027-04-27,0,0.077,3.839452,100.0,3.839452
MUC4O,ON,2026-04-27,2027-10-27,100,0.077,3.860548,0.0,103.860548
NBS1O,ON,2024-06-06,2024-10-07,0.0000,0.05,1.671233,100.0,1.671233
NBS1O,ON,2024-06-06,2025-02-06,0.0000,0.05,1.684932,100.0,1.684932
NBS1O,ON,2024-06-06,2025-06-06,0.0000,0.05,1.643836,100.0,1.643836
NBS1O,ON,2024-06-06,2025-10-06,0.0000,0.05,1.671233,100.0,1.671233
NBS1O,ON,2024-06-06,2026-02-06,0.0000,0.05,1.684932,100.0,1.684932
NBS1O,ON,2024-06-06,2026-06-05,100.0000,0.05,1.630137,0.0,101.630137
NDT25,SUB_SOBERANO,2017-04-27,2017-10-27,0.0,0.075,0.0375,100.0,3.75
NDT25,SUB_SOBERANO,2017-04-27,2018-04-27,0.0,0.075,0.0375,100.0,3.75
NDT25,SUB_SOBERANO,2017-04-27,2018-10-29,0.0,0.075,0.0375,100.0,3.75
NDT25,SUB_SOBERANO,2017-04-27,2019-04-29,0.0,0.075,0.0375,100.0,3.75
NDT25,SUB_SOBERANO,2017-04-27,2019-10-28,0.0,0.075,0.0375,100.0,3.75
NDT25,SUB_SOBERANO,2017-04-27,2020-04-27,0.0,0.075,0.0375,100.0,3.75
NDT25,SUB_SOBERANO,2017-04-27,2020-11-27,0.0,0.025,0.014583,100.0,1.458333
NDT25,SUB_SOBERANO,2017-04-27,2021-04-27,0.0,0.025,0.010417,100.0,1.041667
NDT25,SUB_SOBERANO,2017-04-27,2021-10-27,0.0,0.025,0.0125,100.0,1.25
NDT25,SUB_SOBERANO,2017-04-27,2022-04-27,0.0,0.04625,0.023125,100.0,2.3125
NDT25,SUB_SOBERANO,2017-04-27,2022-10-27,0.0,0.04625,0.023125,100.0,2.3125
NDT25,SUB_SOBERANO,2017-04-27,2023-04-27,0.0,0.06625,0.033125,100.0,3.3125
NDT25,SUB_SOBERANO,2017-04-27,2023-10-27,0.0,0.06625,0.033125,100.0,3.3125
NDT25,SUB_SOBERANO,2017-04-27,2024-04-29,7.692308,0.0675,0.03375,92.307692,11.067308
NDT25,SUB_SOBERANO,2017-04-27,2024-10-28,7.692308,0.0675,0.031154,84.615384,10.807692
NDT25,SUB_SOBERANO,2017-04-27,2025-04-28,7.692308,0.06875,0.029087,76.923076,10.600962
NDT25,SUB_SOBERANO,2017-04-27,2025-10-27,7.692308,0.06875,0.026442,69.230768,10.336538
NDT25,SUB_SOBERANO,2017-04-27,2026-04-27,7.692308,0.06875,0.023798,61.53846,10.072115
NDT25,SUB_SOBERANO,2017-04-27,2026-10-27,7.692308,0.06875,0.021154,53.846152,9.807692
NDT25,SUB_SOBERANO,2017-04-27,2027-04-27,7.692308,0.06875,0.01851,46.153844,9.543269
NDT25,SUB_SOBERANO,2017-04-27,2027-10-27,7.692308,0.06875,0.015865,38.461536,9.278846
NDT25,SUB_SOBERANO,2017-04-27,2028-04-27,7.692308,0.06875,0.013221,30.769228,9.014423
NDT25,SUB_SOBERANO,2017-04-27,2028-10-27,7.692308,0.06875,0.010577,23.07692,8.75
NDT25,SUB_SOBERANO,2017-04-27,2029-04-27,7.692308,0.06875,0.007933,15.384612,8.485577
NDT25,SUB_SOBERANO,2017-04-27,2029-10-29,7.692308,0.06875,0.005288,7.692304,8.221154
NDT25,SUB_SOBERANO,2017-04-27,2030-04-29,7.692304,0.06875,0.002644,0.0,7.956727
NHC1O,ON_TAMAR,2025-12-09,2026-03-09,0,0.364823,0.364823,100.0,0.0
NHC1O,ON_TAMAR,2025-12-09,2026-06-09,0,0.36375,0.36375,100.0,0.0
NHC1O,ON_TAMAR,2025-12-09,2026-09-09,0,0.36375,0.36375,100.0,0.0
NHC1O,ON_TAMAR,2025-12-09,2026-12-09,100,0.36375,0.36375,0.0,100.0
NLCJO,ON_TAMAR,2026-05-29,2026-08-31,0,0.065,0.0,100.0,0.0
NLCJO,ON_TAMAR,2026-05-29,2026-11-30,0,0.065,0.0,100.0,0.0
NLCJO,ON_TAMAR,2026-05-29,2027-03-01,25,0.065,0.0,75.0,25.0
NLCJO,ON_TAMAR,2026-05-29,2027-05-31,75,0.065,0.0,0.0,75.0
NPCAO,ON,2023-09-14,2024-03-14,0,0.07,0.034904,100.0,3.490411
NPCAO,ON,2023-09-14,2024-09-16,0,0.07,0.035288,100.0,3.528767
NPCAO,ON,2023-09-14,2025-03-14,0,0.07,0.034712,100.0,3.471233
NPCAO,ON,2023-09-14,2025-09-15,0,0.07,0.035288,100.0,3.528767
NPCAO,ON,2023-09-14,2026-03-16,100,0.07,0.035096,0.0,103.509589
NPCBO,ON,2023-10-17,2024-04-17,0,0.1,0.05,100.0,5.0
NPCBO,ON,2023-10-17,2024-10-17,0,0.1,0.05,100.0,5.0
NPCBO,ON,2023-10-17,2025-04-21,0,0.1,0.05,100.0,5.0
NPCBO,ON,2023-10-17,2025-10-17,100,0.1,0.05,0.0,105.0
NPCCO,ON,2025-08-25,2026-02-25,0,0.08,4.032876712328767,100.0,4.032876712328767
NPCCO,ON,2025-08-25,2026-08-25,0,0.08,3.967123287671233,100.0,3.967123287671233
NPCCO,ON,2025-08-25,2027-02-25,0,0.08,4.032876712328767,100.0,4.032876712328767
NPCCO,ON,2025-08-25,2027-08-25,0,0.08,3.967123287671233,100.0,3.967123287671233
NPCCO,ON,2025-08-25,2028-02-25,0,0.08,4.032876712328767,100.0,4.032876712328767
NPCCO,ON,2025-08-25,2028-08-25,0,0.08,3.989041095890411,100.0,3.989041095890411
NPCCO,ON,2025-08-25,2029-02-26,0,0.08,4.032876712328767,100.0,4.032876712328767
NPCCO,ON,2025-08-25,2029-08-27,100,0.08,4.010958904109589,0.0,104.0109589041096
NPCDO,ON,2026-04-30,2026-10-30,0,0.06,3.008219,100.0,3.008219
NPCDO,ON,2026-04-30,2027-04-30,0,0.06,2.991781,100.0,2.991781
NPCDO,ON,2026-04-30,2027-11-01,0,0.06,3.008219,100.0,3.008219
NPCDO,ON,2026-04-30,2028-05-01,0,0.06,3.008219,100.0,3.008219
NPCDO,ON,2026-04-30,2028-10-30,0,0.06,3.008219,100.0,3.008219
NPCDO,ON,2026-04-30,2029-04-30,0,0.06,2.991781,100.0,2.991781
NPCDO,ON,2026-04-30,2029-10-30,0,0.06,3.008219,100.0,3.008219
NPCDO,ON,2026-04-30,2030-04-30,100,0.06,2.991781,0.0,102.991781
NPCEO,ON,2026-07-27,2027-01-27,0,0.055,2.772603,100.0,2.772603
NPCEO,ON,2026-07-27,2027-07-27,0,0.055,2.727397,100.0,2.727397
NPCEO,ON,2026-07-27,2028-01-27,0,0.055,2.772603,100.0,2.772603
NPCEO,ON,2026-07-27,2028-07-27,0,0.055,2.742466,100.0,2.742466
NPCEO,ON,2026-07-27,2029-01-29,0,0.055,2.772603,100.0,2.772603
NPCEO,ON,2026-07-27,2029-07-27,100,0.055,2.727397,0.0,102.727397
NZC5O,ON,2026-07-14,2027-01-14,0,0.06,3.024658,100.0,3.024658
NZC5O,ON,2026-07-14,2027-07-14,0,0.06,2.975342,100.0,2.975342
NZC5O,ON,2026-07-14,2028-01-14,0,0.06,3.024658,100.0,3.024658
NZC5O,ON,2026-07-14,2028-07-14,0,0.06,2.991781,100.0,2.991781
NZC5O,ON,2026-07-14,2029-01-15,0,0.06,3.024658,100.0,3.024658
NZC5O,ON,2026-07-14,2029-07-16,100,0.06,3.0082,0.0,103.0082
OLC5O,ON,2025-06-12,2025-12-12,0.0,0.0789,3.955808219178082,100.0,3.955808219178082
OLC5O,ON,2025-06-12,2026-06-12,0.0,0.0789,3.9341917808219176,100.0,3.9341917808219176
OLC5O,ON,2025-06-12,2026-12-14,0.0,0.0789,3.955808219178082,100.0,3.955808219178082
OLC5O,ON,2025-06-12,2027-06-14,0.0,0.0789,3.9341917808219176,100.0,3.9341917808219176
OLC5O,ON,2025-06-12,2027-12-13,0.0,0.0789,3.955808219178082,100.0,3.955808219178082
OLC5O,ON,2025-06-12,2028-06-12,100.0,0.0789,3.955808219178082,0.0,103.95580821917808
OLC6O,ON,2025-12-05,2026-06-05,0,0.075,3.739726,100.0,3.739726
OLC6O,ON,2025-12-05,2026-12-07,0,0.075,3.760274,100.0,3.760274
OLC6O,ON,2025-12-05,2027-06-07,0,0.075,3.739726,100.0,3.739726
OLC6O,ON,2025-12-05,2027-12-06,0,0.075,3.760274,100.0,3.760274
OLC6O,ON,2025-12-05,2028-06-05,0,0.075,3.760274,100.0,3.760274
OLC6O,ON,2025-12-05,2028-12-05,0,0.075,3.760274,100.0,3.760274
OLC6O,ON,2025-12-05,2029-06-05,100,0.075,3.739726,0.0,103.739726
OLC7O,ON,2026-02-23,2026-08-24,0,0.069,3.421644,100.0,3.421644
OLC7O,ON,2026-02-23,2027-02-23,0,0.069,3.478356,100.0,3.478356
OLC7O,ON,2026-02-23,2027-08-23,0,0.069,3.421644,100.0,3.421644
OLC7O,ON,2026-02-23,2028-02-23,0,0.069,3.478356,100.0,3.478356
OLC7O,ON,2026-02-23,2028-08-23,0,0.069,3.440548,100.0,3.440548
OLC7O,ON,2026-02-23,2029-02-23,0,0.069,3.478356,100.0,3.478356
OLC7O,ON,2026-02-23,2029-08-23,0,0.069,3.421644,100.0,3.421644
OLC7O,ON,2026-02-23,2030-02-25,100,0.069,3.478356,0.0,103.478356
ONS1P,ON_TAMAR,2025-06-12,2025-09-15,0,0.08,0.08,100.0,0.0
ONS1P,ON_TAMAR,2025-06-12,2025-12-15,0,0.08,0.08,100.0,0.0
ONS1P,ON_TAMAR,2025-06-12,2026-03-16,10,0.08,0.08,90.0,10.0
ONS1P,ON_TAMAR,2025-06-12,2026-06-15,10,0.08,0.08,80.0,10.0
ONS1P,ON_TAMAR,2025-06-12,2026-09-15,15,0.08,0.08,65.0,15.0
ONS1P,ON_TAMAR,2025-06-12,2026-12-15,15,0.08,0.08,50.0,15.0
ONS1P,ON_TAMAR,2025-06-12,2027-03-15,25,0.08,0.08,25.0,25.0
ONS1P,ON_TAMAR,2025-06-12,2027-06-14,25,0.08,0.08,0.0,25.0
OR3AP,ON_TAMAR,2025-05-29,2025-08-29,0,0.0325,0.0,100.0,0.0
OR3AP,ON_TAMAR,2025-05-29,2025-12-01,25,0.0325,0.0,75.0,25.0
OR3AP,ON_TAMAR,2025-05-29,2026-03-02,0,0.0325,0.0,75.0,0.0
OR3AP,ON_TAMAR,2025-05-29,2026-05-28,25,0.0325,0.0,50.0,25.0
OR3AP,ON_TAMAR,2025-05-29,2026-08-28,0,0.0325,0.0,50.0,0.0
OR3AP,ON_TAMAR,2025-05-29,2026-11-30,25,0.0325,0.0,25.0,25.0
OR3AP,ON_TAMAR,2025-05-29,2027-03-01,0,0.0325,0.0,25.0,0.0
OR3AP,ON_TAMAR,2025-05-29,2027-05-31,25,0.0325,0.0,0.0,25.0
OR3BP,ON,2025-05-29,2025-12-01,25.000000,0.09,4.586301,75.0,29.586301
OR3BP,ON,2025-05-29,2026-05-29,25.000000,0.09,3.310274,50.0,28.310274
OR3BP,ON,2025-05-29,2026-11-30,25.000000,0.09,2.280822,25.0,27.280822
OR3BP,ON,2025-05-29,2027-05-28,25.000000,0.09,1.103425,0.0,26.103425
ORS1L,ON,2026-05-13,2026-08-13,0,0.0595,1.499726,100.0,1.499726
ORS1L,ON,2026-05-13,2026-11-13,0,0.0595,1.499726,100.0,1.499726
ORS1L,ON,2026-05-13,2027-02-15,0,0.0595,1.532329,100.0,1.532329
ORS1L,ON,2026-05-13,2027-05-13,20,0.0595,1.418219,80.0,21.418219
ORS1L,ON,2026-05-13,2027-08-13,0,0.0595,1.199781,80.0,1.199781
ORS1L,ON,2026-05-13,2027-11-15,20,0.0595,1.225863,60.0,21.225863
ORS1L,ON,2026-05-13,2028-02-14,0,0.0595,0.890055,60.0,0.890055
ORS1L,ON,2026-05-13,2028-05-15,20,0.0595,0.890055,40.0,20.890055
ORS1L,ON,2026-05-13,2028-08-14,0,0.0595,0.59337,40.0,0.59337
ORS1L,ON,2026-05-13,2028-11-13,20,0.0595,0.59337,20.0,20.59337
ORS1L,ON,2026-05-13,2029-02-13,0,0.0595,0.299945,20.0,0.299945
ORS1L,ON,2026-05-13,2029-05-14,20,0.0595,0.293425,0.0,20.293425
OT41O,ON,2025-01-17,2025-10-17,0.0,0.07,0.052356,100.0,5.235616
OT41O,ON,2025-01-17,2026-01-19,0.0,0.07,0.017644,100.0,1.764384
OT41O,ON,2025-01-17,2026-04-17,0.0,0.07,0.01726,100.0,1.726027
OT41O,ON,2025-01-17,2026-07-17,0.0,0.07,0.017452,100.0,1.745205
OT41O,ON,2025-01-17,2026-10-19,0.0,0.07,0.017644,100.0,1.764384
OT41O,ON,2025-01-17,2027-01-18,0.0,0.07,0.017644,100.0,1.764384
OT41O,ON,2025-01-17,2027-04-19,0.0,0.07,0.01726,100.0,1.726027
OT41O,ON,2025-01-17,2027-07-19,0.0,0.07,0.017452,100.0,1.745205
OT41O,ON,2025-01-17,2027-10-18,0.0,0.07,0.017644,100.0,1.764384
OT41O,ON,2025-01-17,2028-01-17,100.0,0.07,0.017644,0.0,101.764384
OT42O,ON,2025-01-17,2025-10-17,0.0,0.08,0.059836,100.0,5.983562
OT42O,ON,2025-01-17,2026-01-19,0.0,0.08,0.020164,100.0,2.016438
OT42O,ON,2025-01-17,2026-04-17,0.0,0.08,0.019726,100.0,1.972603
OT42O,ON,2025-01-17,2026-07-17,0.0,0.08,0.019945,100.0,1.994521
OT42O,ON,2025-01-17,2026-10-19,0.0,0.08,0.020164,100.0,2.016438
OT42O,ON,2025-01-17,2027-01-18,0.0,0.08,0.020164,100.0,2.016438
OT42O,ON,2025-01-17,2027-04-19,0.0,0.08,0.019726,100.0,1.972603
OT42O,ON,2025-01-17,2027-07-19,0.0,0.08,0.019945,100.0,1.994521
OT42O,ON,2025-01-17,2027-10-18,0.0,0.08,0.020164,100.0,2.016438
OT42O,ON,2025-01-17,2028-01-17,0.0,0.08,0.020164,100.0,2.016438
OT42O,ON,2025-01-17,2028-04-17,0.0,0.08,0.019945,100.0,1.994521
OT42O,ON,2025-01-17,2028-07-17,0.0,0.08,0.019945,100.0,1.994521
OT42O,ON,2025-01-17,2028-10-17,0.0,0.08,0.020164,100.0,2.016438
OT42O,ON,2025-01-17,2029-01-17,0.0,0.08,0.020164,100.0,2.016438
OT42O,ON,2025-01-17,2029-04-17,0.0,0.08,0.019726,100.0,1.972603
OT42O,ON,2025-01-17,2029-07-17,0.0,0.08,0.019945,100.0,1.994521
OT42O,ON,2025-01-17,2029-10-17,0.0,0.08,0.020164,100.0,2.016438
OT42O,ON,2025-01-17,2030-01-17,100.0,0.08,0.020164,0.0,102.016438
OTS2O,ON,2024-04-24,2025-01-24,0,0.07,5.27,100.0,5.27
OTS2O,ON,2024-04-24,2025-04-24,0,0.07,1.73,100.0,1.73
OTS2O,ON,2024-04-24,2025-07-24,0,0.07,1.75,100.0,1.75
OTS2O,ON,2024-04-24,2025-10-24,0,0.07,1.76,100.0,1.76
OTS2O,ON,2024-04-24,2026-01-26,0,0.07,1.76,100.0,1.76
OTS2O,ON,2024-04-24,2026-04-24,0,0.07,1.73,100.0,1.73
OTS2O,ON,2024-04-24,2026-07-24,0,0.07,1.75,100.0,1.75
OTS2O,ON,2024-04-24,2026-10-26,0,0.07,1.76,100.0,1.76
OTS2O,ON,2024-04-24,2027-01-25,0,0.07,1.76,100.0,1.76
OTS2O,ON,2024-04-24,2027-04-23,100,0.07,1.71,0.0,101.71
OTS3O,ON,2024-11-01,2025-08-01,0,0.07,5.235616,100.0,5.235616
OTS3O,ON,2024-11-01,2025-11-03,0,0.07,1.764384,100.0,1.764384
OTS3O,ON,2024-11-01,2026-02-02,0,0.07,1.764384,100.0,1.764384
OTS3O,ON,2024-11-01,2026-05-04,0,0.07,1.706849,100.0,1.706849
OTS3O,ON,2024-11-01,2026-08-03,0,0.07,1.764384,100.0,1.764384
OTS3O,ON,2024-11-01,2026-11-02,0,0.07,1.764384,100.0,1.764384
OTS3O,ON,2024-11-01,2027-02-01,0,0.07,1.764384,100.0,1.764384
OTS3O,ON,2024-11-01,2027-05-03,0,0.07,1.706849,100.0,1.706849
OTS3O,ON,2024-11-01,2027-08-02,0,0.07,1.764384,100.0,1.764384
OTS3O,ON,2024-11-01,2027-11-01,0,0.07,1.764384,100.0,1.764384
OTS3O,ON,2024-11-01,2028-02-01,0,0.07,1.764384,100.0,1.764384
OTS3O,ON,2024-11-01,2028-05-02,0,0.07,1.726027,100.0,1.726027
OTS3O,ON,2024-11-01,2028-08-01,0,0.07,1.764384,100.0,1.764384
OTS3O,ON,2024-11-01,2028-11-01,100,0.07,1.764384,0.0,101.764384
OTS5O,ON,2025-10-23,2026-04-23,0,0.0669,3.335836,100.0,3.335836
OTS5O,ON,2025-10-23,2026-10-23,100,0.0669,3.354164,0.0,103.354164
OTS6O,ON,2026-01-29,2026-10-29,0,0.0674,5.041151,100.0,5.041151
OTS6O,ON,2026-01-29,2027-01-29,0,0.0674,1.698849,100.0,1.698849
OTS6O,ON,2026-01-29,2027-04-29,0,0.0674,1.661918,100.0,1.661918
OTS6O,ON,2026-01-29,2027-07-29,0,0.0674,1.680384,100.0,1.680384
OTS6O,ON,2026-01-29,2027-10-29,0,0.0674,1.698849,100.0,1.698849
OTS6O,ON,2026-01-29,2028-01-31,0,0.0674,1.698849,100.0,1.698849
OTS6O,ON,2026-01-29,2028-05-01,0,0.0674,1.680384,100.0,1.680384
OTS6O,ON,2026-01-29,2028-07-31,0,0.0674,1.680384,100.0,1.680384
OTS6O,ON,2026-01-29,2028-10-30,0,0.0674,1.698849,100.0,1.698849
OTS6O,ON,2026-01-29,2029-01-29,0,0.0674,1.698849,100.0,1.698849
OTS6O,ON,2026-01-29,2029-04-30,0,0.0674,1.661918,100.0,1.661918
OTS6O,ON,2026-01-29,2029-07-30,100,0.0674,1.680384,0.0,101.680384
OZC3O,ON,2024-11-29,2025-05-29,0.0000,0.08,3.9671,100.0,3.9671
OZC3O,ON,2024-11-29,2025-12-01,0.0000,0.08,4.0329,100.0,4.0329
OZC3O,ON,2024-11-29,2026-05-29,0.0000,0.08,3.9671,100.0,3.9671
OZC3O,ON,2024-11-29,2026-11-30,0.0000,0.08,4.0329,100.0,4.0329
OZC3O,ON,2024-11-29,2027-05-31,0.0000,0.08,3.9671,100.0,3.9671
OZC3O,ON,2024-11-29,2027-11-29,100.0000,0.08,4.0329,0.0,104.0329
OZC4O,ON_BADLAR,2024-11-29,2025-03-05,0,0.07,0.0,100.0,0.0
OZC4O,ON_BADLAR,2024-11-29,2025-05-29,0,0.07,0.0,100.0,0.0
OZC4O,ON_BADLAR,2024-11-29,2025-08-29,0,0.07,0.0,100.0,0.0
OZC4O,ON_BADLAR,2024-11-29,2025-12-01,100,0.07,7.0,0.0,100.0
OZC5O,ON_TAMAR,2025-05-12,2025-08-12,0,0.07,0.07,100.0,0.0
OZC5O,ON_TAMAR,2025-05-12,2025-11-12,0,0.07,0.07,100.0,0.0
OZC5O,ON_TAMAR,2025-05-12,2026-02-12,0,0.07,0.07,100.0,0.0
OZC5O,ON_TAMAR,2025-05-12,2026-05-12,100,0.07,0.07,0.0,100.0
OZC6O,ON,2025-07-28,2026-01-28,0,0.09753,4.8765,100.0,4.8765
OZC6O,ON,2025-07-28,2026-07-28,0,0.09753,4.8765,100.0,4.8765
OZC6O,ON,2025-07-28,2027-01-28,0,0.09753,4.8765,100.0,4.8765
OZC6O,ON,2025-07-28,2027-07-28,0,0.09753,4.8765,100.0,4.8765
OZC6O,ON,2025-07-28,2028-01-28,0,0.09753,4.8765,100.0,4.8765
OZC6O,ON,2025-07-28,2028-07-28,0,0.09753,4.8765,100.0,4.8765
OZC6O,ON,2025-07-28,2029-01-29,0,0.09753,4.8765,100.0,4.8765
OZC6O,ON,2025-07-28,2029-07-30,33.33,0.1075,5.375,66.67,38.705
OZC6O,ON,2025-07-28,2030-01-28,0,0.1075,3.583512,66.67,3.583512
OZC6O,ON,2025-07-28,2030-07-29,33.33,0.11751,3.917196,33.34,37.247196
OZC6O,ON,2025-07-28,2031-01-28,0,0.11751,1.958892,33.34,1.958892
OZC6O,ON,2025-07-28,2031-07-28,33.34,0.11751,1.958892,0.0,35.298892
OZC7O,ON_TAMAR,2025-12-18,2026-03-18,0,0.065,0.0,100.0,0.0
OZC7O,ON_TAMAR,2025-12-18,2026-06-18,0,0.065,0.0,100.0,0.0
OZC7O,ON_TAMAR,2025-12-18,2026-09-18,0,0.065,0.0,100.0,0.0
OZC7O,ON_TAMAR,2025-12-18,2026-12-18,100,0.065,0.0,0.0,100.0
PAP0,CER,2003-12-31,2010-09-30,0.0000,0.0118,0.59,100.0,0.59
PAP0,CER,2003-12-31,2011-03-31,0.0000,0.0118,0.59,100.0,0.59
PAP0,CER,2003-12-31,2011-09-30,0.0000,0.0118,0.59,100.0,0.59
PAP0,CER,2003-12-31,2012-03-31,0.0000,0.0118,0.59,100.0,0.59
PAP0,CER,2003-12-31,2012-09-30,0.0000,0.0118,0.59,100.0,0.59
PAP0,CER,2003-12-31,2013-03-31,0.0000,0.0118,0.59,100.0,0.59
PAP0,CER,2003-12-31,2013-09-30,0.0000,0.0118,0.59,100.0,0.59
PAP0,CER,2003-12-31,2014-03-31,0.0000,0.0118,0.59,100.0,0.59
PAP0,CER,2003-12-31,2014-09-30,0.0000,0.0118,0.59,100.0,0.59
PAP0,CER,2003-12-31,2015-03-31,0.0000,0.0118,0.59,100.0,0.59
PAP0,CER,2003-12-31,2015-09-30,0.0000,0.0118,0.59,100.0,0.59
PAP0,CER,2003-12-31,2016-03-31,0.0000,0.0118,0.59,100.0,0.59
PAP0,CER,2003-12-31,2016-09-30,0.0000,0.0118,0.59,100.0,0.59
PAP0,CER,2003-12-31,2017-03-31,0.0000,0.0118,0.59,100.0,0.59
PAP0,CER,2003-12-31,2017-09-30,0.0000,0.0118,0.59,100.0,0.59
PAP0,CER,2003-12-31,2018-03-31,0.0000,0.0118,0.59,100.0,0.59
PAP0,CER,2003-12-31,2018-09-30,0.0000,0.0118,0.59,100.0,0.59
PAP0,CER,2003-12-31,2019-03-31,0.0000,0.0118,0.59,100.0,0.59
PAP0,CER,2003-12-31,2019-09-30,0.0000,0.0177,0.885,100.0,0.885
PAP0,CER,2003-12-31,2020-03-31,0.0000,0.0177,0.885,100.0,0.885
PAP0,CER,2003-12-31,2020-09-30,0.0000,0.0177,0.885,100.0,0.885
PAP0,CER,2003-12-31,2021-03-31,0.0000,0.0177,0.885,100.0,0.885
PAP0,CER,2003-12-31,2021-09-30,0.0000,0.0177,0.885,100.0,0.885
PAP0,CER,2003-12-31,2022-03-31,0.0000,0.0177,0.885,100.0,0.885
PAP0,CER,2003-12-31,2022-09-30,0.0000,0.0177,0.885,100.0,0.885
PAP0,CER,2003-12-31,2023-03-31,0.0000,0.0177,0.885,100.0,0.885
PAP0,CER,2003-12-31,2023-09-30,0.0000,0.0177,0.885,100.0,0.885
PAP0,CER,2003-12-31,2024-03-31,0.0000,0.0177,0.885,100.0,0.885
PAP0,CER,2003-12-31,2024-09-30,0.0000,0.0177,0.885,100.0,0.885
PAP0,CER,2003-12-31,2025-03-31,0.0000,0.0177,0.885,100.0,0.885
PAP0,CER,2003-12-31,2025-09-30,0.0000,0.0177,0.885,100.0,0.885
PAP0,CER,2003-12-31,2026-03-31,0.0000,0.0177,0.885,100.0,0.885
PAP0,CER,2003-12-31,2026-09-30,0.0000,0.0177,0.885,100.0,0.885
PAP0,CER,2003-12-31,2027-03-31,0.0000,0.0177,0.885,100.0,0.885
PAP0,CER,2003-12-31,2027-09-30,0.0000,0.0177,0.885,100.0,0.885
PAP0,CER,2003-12-31,2028-03-31,0.0000,0.0177,0.885,100.0,0.885
PAP0,CER,2003-12-31,2028-09-30,0.0000,0.0177,0.885,100.0,0.885
PAP0,CER,2003-12-31,2029-03-31,0.0000,0.0248,0.885,100.0,0.885
PAP0,CER,2003-12-31,2029-09-30,5.0000,0.0248,1.24,95.0,6.24
PAP0,CER,2003-12-31,2030-03-31,5.0000,0.0248,1.78,90.0,6.78
PAP0,CER,2003-12-31,2030-09-30,5.0000,0.0248,1.16,85.0,6.16
PAP0,CER,2003-12-31,2031-03-31,5.0000,0.0248,1.054,80.0,6.054
PAP0,CER,2003-12-31,2031-09-30,5.0000,0.0248,0.992,75.0,5.992
PAP0,CER,2003-12-31,2032-03-31,5.0000,0.0248,0.93,70.0,5.93
PAP0,CER,2003-12-31,2032-09-30,5.0000,0.0248,0.868,65.0,5.868
PAP0,CER,2003-12-31,2033-03-31,5.0000,0.0248,0.806,60.0,5.806
PAP0,CER,2003-12-31,2033-09-30,5.0000,0.0248,0.744,55.0,5.744
PAP0,CER,2003-12-31,2034-03-31,5.0000,0.0248,0.682,50.0,5.682
PAP0,CER,2003-12-31,2034-09-30,5.0000,0.0248,0.62,45.0,5.62
PAP0,CER,2003-12-31,2035-03-31,5.0000,0.0248,0.558,40.0,5.558
PAP0,CER,2003-12-31,2035-09-30,5.0000,0.0248,0.496,35.0,5.496
PAP0,CER,2003-12-31,2036-03-31,5.0000,0.0248,0.434,30.0,5.434
PAP0,CER,2003-12-31,2036-09-30,5.0000,0.0248,0.372,25.0,5.372
PAP0,CER,2003-12-31,2037-03-31,5.0000,0.0248,0.31,20.0,5.31
PAP0,CER,2003-12-31,2037-09-30,5.0000,0.0248,0.248,15.0,5.248
PAP0,CER,2003-12-31,2038-03-31,5.0000,0.0248,0.186,10.0,5.186
PAP0,CER,2003-12-31,2038-09-30,5.0000,0.0248,0.124,5.0,5.124
PAP0,CER,2003-12-31,2038-12-31,5.0000,0.0248,0.031,0.0,5.031
PARP,CER,2003-12-31,2004-03-31,0.0000,0.0063,0.1575,100.0,0.1575
PARP,CER,2003-12-31,2004-09-30,0.0000,0.0063,0.315,100.0,0.315
PARP,CER,2003-12-31,2005-03-31,0.0000,0.0063,0.315,100.0,0.315
PARP,CER,2003-12-31,2005-09-30,0.0000,0.0063,0.315,100.0,0.315
PARP,CER,2003-12-31,2006-03-31,0.0000,0.0063,0.315,100.0,0.315
PARP,CER,2003-12-31,2006-09-30,0.0000,0.0063,0.315,100.0,0.315
PARP,CER,2003-12-31,2007-03-31,0.0000,0.0063,0.315,100.0,0.315
PARP,CER,2003-12-31,2007-09-30,0.0000,0.0063,0.315,100.0,0.315
PARP,CER,2003-12-31,2008-03-31,0.0000,0.0063,0.315,100.0,0.315
PARP,CER,2003-12-31,2008-09-30,0.0000,0.0063,0.315,100.0,0.315
PARP,CER,2003-12-31,2009-03-31,0.0000,0.0118,0.59,100.0,0.59
PARP,CER,2003-12-31,2009-09-30,0.0000,0.0118,0.59,100.0,0.59
PARP,CER,2003-12-31,2010-03-31,0.0000,0.0118,0.59,100.0,0.59
PARP,CER,2003-12-31,2010-09-30,0.0000,0.0118,0.59,100.0,0.59
PARP,CER,2003-12-31,2011-03-31,0.0000,0.0118,0.59,100.0,0.59
PARP,CER,2003-12-31,2011-09-30,0.0000,0.0118,0.59,100.0,0.59
PARP,CER,2003-12-31,2012-03-31,0.0000,0.0118,0.59,100.0,0.59
PARP,CER,2003-12-31,2012-09-30,0.0000,0.0118,0.59,100.0,0.59
PARP,CER,2003-12-31,2013-03-31,0.0000,0.0118,0.59,100.0,0.59
PARP,CER,2003-12-31,2013-09-30,0.0000,0.0118,0.59,100.0,0.59
PARP,CER,2003-12-31,2014-03-31,0.0000,0.0118,0.59,100.0,0.59
PARP,CER,2003-12-31,2014-09-30,0.0000,0.0118,0.59,100.0,0.59
PARP,CER,2003-12-31,2015-03-31,0.0000,0.0118,0.59,100.0,0.59
PARP,CER,2003-12-31,2015-09-30,0.0000,0.0118,0.59,100.0,0.59
PARP,CER,2003-12-31,2016-03-31,0.0000,0.0118,0.59,100.0,0.59
PARP,CER,2003-12-31,2016-09-30,0.0000,0.0118,0.59,100.0,0.59
PARP,CER,2003-12-31,2017-03-31,0.0000,0.0118,0.59,100.0,0.59
PARP,CER,2003-12-31,2017-09-30,0.0000,0.0118,0.59,100.0,0.59
PARP,CER,2003-12-31,2018-03-31,0.0000,0.0118,0.59,100.0,0.59
PARP,CER,2003-12-31,2018-09-30,0.0000,0.0118,0.59,100.0,0.59
PARP,CER,2003-12-31,2019-03-31,0.0000,0.0118,0.59,100.0,0.59
PARP,CER,2003-12-31,2019-09-30,0.0000,0.0177,0.885,100.0,0.885
PARP,CER,2003-12-31,2020-03-31,0.0000,0.0177,0.885,100.0,0.885
PARP,CER,2003-12-31,2020-09-30,0.0000,0.0177,0.885,100.0,0.885
PARP,CER,2003-12-31,2021-03-31,0.0000,0.0177,0.885,100.0,0.885
PARP,CER,2003-12-31,2021-09-30,0.0000,0.0177,0.885,100.0,0.885
PARP,CER,2003-12-31,2022-03-31,0.0000,0.0177,0.885,100.0,0.885
PARP,CER,2003-12-31,2022-09-30,0.0000,0.0177,0.885,100.0,0.885
PARP,CER,2003-12-31,2023-03-31,0.0000,0.0177,0.885,100.0,0.885
PARP,CER,2003-12-31,2023-09-30,0.0000,0.0177,0.885,100.0,0.885
PARP,CER,2003-12-31,2024-03-31,0.0000,0.0177,0.885,100.0,0.885
PARP,CER,2003-12-31,2024-09-30,0.0000,0.0177,0.885,100.0,0.885
PARP,CER,2003-12-31,2025-03-31,0.0000,0.0177,0.885,100.0,0.885
PARP,CER,2003-12-31,2025-09-30,0.0000,0.0177,0.885,100.0,0.885
PARP,CER,2003-12-31,2026-03-31,0.0000,0.0177,0.885,100.0,0.885
PARP,CER,2003-12-31,2026-09-30,0.0000,0.0177,0.885,100.0,0.885
PARP,CER,2003-12-31,2027-03-31,0.0000,0.0177,0.885,100.0,0.885
PARP,CER,2003-12-31,2027-09-30,0.0000,0.0177,0.885,100.0,0.885
PARP,CER,2003-12-31,2028-03-31,0.0000,0.0177,0.885,100.0,0.885
PARP,CER,2003-12-31,2028-09-30,0.0000,0.0177,0.85,100.0,0.85
PARP,CER,2003-12-31,2029-03-31,0.0000,0.0248,0.85,100.0,0.85
PARP,CER,2003-12-31,2029-09-30,5.0000,0.0248,1.24,95.0,6.24
PARP,CER,2003-12-31,2030-03-31,5.0000,0.0248,1.78,90.0,6.78
PARP,CER,2003-12-31,2030-09-30,5.0000,0.0248,1.16,85.0,6.16
PARP,CER,2003-12-31,2031-03-31,5.0000,0.0248,1.054,80.0,6.054
PARP,CER,2003-12-31,2031-09-30,5.0000,0.0248,0.992,75.0,5.992
PARP,CER,2003-12-31,2032-03-31,5.0000,0.0248,0.93,70.0,5.93
PARP,CER,2003-12-31,2032-09-30,5.0000,0.0248,0.868,65.0,5.868
PARP,CER,2003-12-31,2033-03-31,5.0000,0.0248,0.806,60.0,5.806
PARP,CER,2003-12-31,2033-09-30,5.0000,0.0248,0.744,55.0,5.744
PARP,CER,2003-12-31,2034-03-31,5.0000,0.0248,0.682,50.0,5.682
PARP,CER,2003-12-31,2034-09-30,5.0000,0.0248,0.62,45.0,5.62
PARP,CER,2003-12-31,2035-03-31,5.0000,0.0248,0.558,40.0,5.558
PARP,CER,2003-12-31,2035-09-30,5.0000,0.0248,0.496,35.0,5.496
PARP,CER,2003-12-31,2036-03-31,5.0000,0.0248,0.434,30.0,5.434
PARP,CER,2003-12-31,2036-09-30,5.0000,0.0248,0.372,25.0,5.372
PARP,CER,2003-12-31,2037-03-31,5.0000,0.0248,0.31,20.0,5.31
PARP,CER,2003-12-31,2037-09-30,5.0000,0.0248,0.248,15.0,5.248
PARP,CER,2003-12-31,2038-03-31,5.0000,0.0248,0.186,10.0,5.186
PARP,CER,2003-12-31,2038-09-30,5.0000,0.0248,0.124,5.0,5.124
PARP,CER,2003-12-31,2038-12-31,5.0000,0.0248,0.031,0.0,5.031
PBA27,SUB_SOBERANO_TAMAR,2026-04-30,2026-07-30,0,0.07,0.0,100.0,0.0
PBA27,SUB_SOBERANO_TAMAR,2026-04-30,2026-10-30,0,0.07,0.0,100.0,0.0
PBA27,SUB_SOBERANO_TAMAR,2026-04-30,2027-02-01,0,0.07,0.0,100.0,0.0
PBA27,SUB_SOBERANO_TAMAR,2026-04-30,2027-04-30,100,0.07,0.0,0.0,100.0
PBG26,SUB_SOBERANO_CER,2025-02-20,2025-08-20,0,0.085,4.27,100.0,4.27
PBG26,SUB_SOBERANO_CER,2025-02-20,2026-02-20,0,0.085,4.226,100.0,4.226
PBG26,SUB_SOBERANO_CER,2025-02-20,2026-08-21,100,0.085,4.2736,0.0,104.2736
PBJ26,SUB_SOBERANO_TAMAR,2025-06-26,2025-09-25,0.0,0.0525,0.0525,100.0,0.0
PBJ26,SUB_SOBERANO_TAMAR,2025-06-26,2025-12-26,0.0,0.0525,0.0525,100.0,0.0
PBJ26,SUB_SOBERANO_TAMAR,2025-06-26,2026-03-25,0.0,0.0525,0.0525,100.0,0.0
PBJ26,SUB_SOBERANO_TAMAR,2025-06-26,2026-06-25,100.0,0.0525,0.0525,0.0,100.0
PBM27,SUB_SOBERANO_TAMAR,2025-12-15,2026-03-18,0,0.055,0.0,100.0,0.0
PBM27,SUB_SOBERANO_TAMAR,2025-12-15,2026-06-18,0,0.055,0.0,100.0,0.0
PBM27,SUB_SOBERANO_TAMAR,2025-12-15,2026-09-18,0,0.055,0.0,100.0,0.0
PBM27,SUB_SOBERANO_TAMAR,2025-12-15,2026-12-18,0,0.055,0.0,100.0,0.0
PBM27,SUB_SOBERANO_TAMAR,2025-12-15,2027-03-18,100,0.055,0.0,0.0,100.0
PBS1M,ON,2025-12-23,2026-06-23,0,0.094,4.687123,100.0,4.687123
PBS1M,ON,2025-12-23,2026-12-23,20,0.094,4.712877,80.0,24.712877
PBS1M,ON,2025-12-23,2027-06-23,20,0.094,3.749699,60.0,23.749699
PBS1M,ON,2025-12-23,2027-12-23,20,0.094,2.827726,40.0,22.827726
PBS1M,ON,2025-12-23,2028-06-23,20,0.094,1.885151,20.0,21.885151
PBS1M,ON,2025-12-23,2028-12-25,20,0.094,0.942575,0.0,20.942575
PBY26,SUB_SOBERANO_BADLAR,2024-11-05,2025-02-05,0,0.07,0.07,100.0,0.0
PBY26,SUB_SOBERANO_BADLAR,2024-11-05,2025-05-05,0,0.07,0.07,100.0,0.0
PBY26,SUB_SOBERANO_BADLAR,2024-11-05,2025-08-05,0,0.07,0.07,100.0,0.0
PBY26,SUB_SOBERANO_BADLAR,2024-11-05,2025-11-05,0,0.07,0.07,100.0,0.0
PBY26,SUB_SOBERANO_BADLAR,2024-11-05,2026-02-05,0,0.07,0.07,100.0,0.0
PBY26,SUB_SOBERANO_BADLAR,2024-11-05,2026-05-05,100,0.07,0.07,0.0,100.0
PEC2O,ON_DOLLAR_LINKED,2023-01-23,2023-04-24,0,0.055,1.3562,100.0,1.3562
PEC2O,ON_DOLLAR_LINKED,2023-01-23,2023-07-24,0,0.055,1.3712,100.0,1.3712
PEC2O,ON_DOLLAR_LINKED,2023-01-23,2023-10-23,0,0.055,1.3863,100.0,1.3863
PEC2O,ON_DOLLAR_LINKED,2023-01-23,2024-01-23,0,0.055,1.3863,100.0,1.3863
PEC2O,ON_DOLLAR_LINKED,2023-01-23,2024-04-23,0,0.055,1.3712,100.0,1.3712
PEC2O,ON_DOLLAR_LINKED,2023-01-23,2024-07-23,14.0,0.055,1.3712,86.0,15.3712
PEC2O,ON_DOLLAR_LINKED,2023-01-23,2024-10-23,14.0,0.055,1.1922,72.0,15.1922
PEC2O,ON_DOLLAR_LINKED,2023-01-23,2025-01-23,14.0,0.055,0.9981,58.0,14.9981
PEC2O,ON_DOLLAR_LINKED,2023-01-23,2025-04-23,14.0,0.055,0.7866,44.0,14.7866
PEC2O,ON_DOLLAR_LINKED,2023-01-23,2025-07-23,14.0,0.055,0.6033,30.0,14.6033
PEC2O,ON_DOLLAR_LINKED,2023-01-23,2025-10-23,14.0,0.055,0.4159,16.0,14.4159
PEC2O,ON_DOLLAR_LINKED,2023-01-23,2026-01-23,16.0,0.055,0.2218,0.0,16.2218
PEC7O,ON_DOLLAR_LINKED,2024-09-14,2023-12-14,0,0.034,0.8477,100.0,0.8477
PEC7O,ON_DOLLAR_LINKED,2024-09-14,2024-03-14,0,0.034,0.8477,100.0,0.8477
PEC7O,ON_DOLLAR_LINKED,2024-09-14,2024-06-14,0,0.034,0.857,100.0,0.857
PEC7O,ON_DOLLAR_LINKED,2024-09-14,2024-09-16,0,0.034,0.857,100.0,0.857
PEC7O,ON_DOLLAR_LINKED,2024-09-14,2024-12-16,0,0.034,0.8477,100.0,0.8477
PEC7O,ON_DOLLAR_LINKED,2024-09-14,2025-03-14,0,0.034,0.8384,100.0,0.8384
PEC7O,ON_DOLLAR_LINKED,2024-09-14,2025-06-17,0,0.034,0.857,100.0,0.857
PEC7O,ON_DOLLAR_LINKED,2024-09-14,2025-09-15,0,0.034,0.857,100.0,0.857
PEC7O,ON_DOLLAR_LINKED,2024-09-14,2025-12-15,0,0.034,0.8477,100.0,0.8477
PEC7O,ON_DOLLAR_LINKED,2024-09-14,2026-03-16,14,0.034,0.8384,86.0,14.8384
PEC7O,ON_DOLLAR_LINKED,2024-09-14,2026-06-15,14,0.034,0.737,72.0,14.737
PEC7O,ON_DOLLAR_LINKED,2024-09-14,2026-09-14,14,0.034,0.617,58.0,14.617
PEC7O,ON_DOLLAR_LINKED,2024-09-14,2026-12-14,14,0.034,0.4916,44.0,14.4916
PEC7O,ON_DOLLAR_LINKED,2024-09-14,2027-03-15,14,0.034,0.3689,30.0,14.3689
PEC7O,ON_DOLLAR_LINKED,2024-09-14,2027-06-14,14,0.034,0.2571,16.0,14.2571
PEC7O,ON_DOLLAR_LINKED,2024-09-14,2027-09-14,16,0.034,0.1371,0.0,16.1371
PECAO,ON,2024-02-29,2024-08-29,0.000000,0.085,4.238356,100.0,4.238356
PECAO,ON,2024-02-29,2025-03-05,0.000000,0.085,4.284932,100.0,4.284932
PECAO,ON,2024-02-29,2025-08-29,0.000000,0.085,4.215068,100.0,4.215068
PECAO,ON,2024-02-29,2026-03-02,0.000000,0.085,4.284932,100.0,4.284932
PECAO,ON,2024-02-29,2026-08-31,0.000000,0.085,4.215068,100.0,4.215068
PECAO,ON,2024-02-29,2027-03-01,100.000000,0.085,4.284932,0.0,104.284932
PECBO,ON,2024-02-29,2024-08-29,0,0.095,4.736986,100.0,4.736986
PECBO,ON,2024-02-29,2025-03-05,0,0.095,4.789041,100.0,4.789041
PECBO,ON,2024-02-29,2025-08-29,0,0.095,4.710959,100.0,4.710959
PECBO,ON,2024-02-29,2026-03-02,0,0.095,4.789041,100.0,4.789041
PECBO,ON,2024-02-29,2026-08-31,0,0.095,4.710959,100.0,4.710959
PECBO,ON,2024-02-29,2027-03-01,33.33,0.095,4.789041,66.67,38.119041
PECBO,ON,2024-02-29,2027-08-30,33.33,0.095,3.140796,33.34,36.470796
PECBO,ON,2024-02-29,2028-02-29,33.34,0.095,1.596666,0.0,34.936666
PECGO,ON,2024-10-28,2025-04-28,0,0.09,0.044877,100.0,4.487671
PECGO,ON,2024-10-28,2025-10-28,0,0.09,0.045123,100.0,4.512329
PECGO,ON,2024-10-28,2026-04-28,0,0.09,0.044877,100.0,4.487671
PECGO,ON,2024-10-28,2026-10-28,0,0.09,0.045123,100.0,4.512329
PECGO,ON,2024-10-28,2027-04-28,0,0.09,0.044877,100.0,4.487671
PECGO,ON,2024-10-28,2027-10-28,0,0.09,0.045123,100.0,4.512329
PECGO,ON,2024-10-28,2028-04-28,0,0.09,0.045123,100.0,4.512329
PECGO,ON,2024-10-28,2028-10-30,100,0.09,0.045616,0.0,104.561644
PECIO,ON,2025-01-30,2025-07-30,0.0000,0.09,4.463014,100.0,4.463014
PECIO,ON,2025-01-30,2026-01-30,0.0000,0.09,4.536986,100.0,4.536986
PECIO,ON,2025-01-30,2026-07-30,0.0000,0.09,4.463014,100.0,4.463014
PECIO,ON,2025-01-30,2027-02-01,0.0000,0.09,4.536986,100.0,4.536986
PECIO,ON,2025-01-30,2027-07-30,0.0000,0.09,4.463014,100.0,4.463014
PECIO,ON,2025-01-30,2028-01-31,100.0000,0.09,4.561644,0.0,104.561644
PECJO,ON_TAMAR,2025-08-25,2026-08-25,0,0.0,0.0,100.0,0.0
PECJO,ON_TAMAR,2025-08-25,2027-08-25,0,0.0,0.0,100.0,0.0
PECJO,ON_TAMAR,2025-08-25,2028-08-25,0,0.0,0.0,100.0,0.0
PECJO,ON_TAMAR,2025-08-25,2029-08-27,20,0.0,0.0,80.0,20.0
PECJO,ON_TAMAR,2025-08-25,2030-08-26,80,0.0,0.0,0.0,80.0
PECKO,ON_DOLLAR_LINKED,2025-08-25,2026-08-25,0,0.02,2.0,100.0,2.0
PECKO,ON_DOLLAR_LINKED,2025-08-25,2027-08-25,0,0.03,3.0,100.0,3.0
PECKO,ON_DOLLAR_LINKED,2025-08-25,2028-08-25,0,0.045,4.512329,100.0,4.512329
PECKO,ON_DOLLAR_LINKED,2025-08-25,2029-08-27,20,0.0675,6.75,80.0,26.75
PECKO,ON_DOLLAR_LINKED,2025-08-25,2030-08-26,80,0.0675,5.4,0.0,85.4
PECLO,ON_TAMAR,2025-08-25,2026-08-25,0,0.0,0.0,100.0,0.0
PECLO,ON_TAMAR,2025-08-25,2027-08-25,0,0.0,0.0,100.0,0.0
PECLO,ON_TAMAR,2025-08-25,2028-08-25,0,0.0,0.0,100.0,0.0
PECLO,ON_TAMAR,2025-08-25,2029-08-27,0,0.0,0.0,100.0,0.0
PECLO,ON_TAMAR,2025-08-25,2030-08-26,20,0.0,0.0,80.0,20.0
PECLO,ON_TAMAR,2025-08-25,2031-08-25,20,0.0,0.0,60.0,20.0
PECLO,ON_TAMAR,2025-08-25,2032-08-25,60,0.0,0.0,0.0,60.0
PECMO,ON_DOLLAR_LINKED,2025-08-25,2026-08-25,0,0.03,3.0,100.0,3.0
PECMO,ON_DOLLAR_LINKED,2025-08-25,2027-08-25,0,0.03,3.0,100.0,3.0
PECMO,ON_DOLLAR_LINKED,2025-08-25,2028-08-25,0,0.03,3.008219,100.0,3.008219
PECMO,ON_DOLLAR_LINKED,2025-08-25,2029-08-27,0,0.05,5.0,100.0,5.0
PECMO,ON_DOLLAR_LINKED,2025-08-25,2030-08-26,20,0.06,6.0,80.0,26.0
PECMO,ON_DOLLAR_LINKED,2025-08-25,2031-08-25,20,0.07,5.6,60.0,25.6
PECMO,ON_DOLLAR_LINKED,2025-08-25,2032-08-25,60,0.07,4.211507,0.0,64.211507
PECNO,ON,2025-08-25,2026-08-25,0.0,0.03,3.0,100.0,3.0
PECNO,ON,2025-08-25,2027-08-25,0.0,0.03,3.0,100.0,3.0
PECNO,ON,2025-08-25,2028-08-25,0.0,0.03,3.0,100.0,3.0
PECNO,ON,2025-08-25,2029-08-27,0.0,0.05,5.0,100.0,5.0
PECNO,ON,2025-08-25,2030-08-26,20.0,0.06,6.0,80.0,26.0
PECNO,ON,2025-08-25,2031-08-25,20.0,0.07,5.6,60.0,25.6
PECNO,ON,2025-08-25,2032-08-25,60.0,0.07,4.21,0.0,64.21
PECOO,ON,2025-08-25,2026-08-25,0,0.02,2.0,100.0,2.0
PECOO,ON,2025-08-25,2027-08-25,0,0.03,3.0,100.0,3.0
PECOO,ON,2025-08-25,2028-08-25,0,0.045,4.512329,100.0,4.512329
PECOO,ON,2025-08-25,2029-08-27,20,0.0674,6.74,80.0,26.74
PECOO,ON,2025-08-25,2030-08-26,80,0.0674,5.392,0.0,85.392
PFC2O,ON,2025-07-14,2026-01-14,0,0.0725,3.654794520547945,1.0,3.654794520547945
PFC2O,ON,2025-07-14,2026-07-14,0,0.0725,3.5952054794520545,1.0,3.5952054794520545
PFC2O,ON,2025-07-14,2027-01-14,0,0.0725,3.654794520547945,1.0,3.654794520547945
PFC2O,ON,2025-07-14,2027-07-14,100,0.0725,3.5952054794520545,100.0,103.59520547945203
PFC3O,ON,2026-05-08,2026-11-09,0,0.0575,2.89863,100.0,2.89863
PFC3O,ON,2026-05-08,2027-05-10,0,0.0575,2.85137,100.0,2.85137
PFC3O,ON,2026-05-08,2027-11-08,0,0.0575,2.89863,100.0,2.89863
PFC3O,ON,2026-05-08,2028-05-08,0,0.0575,2.867123,100.0,2.867123
PFC3O,ON,2026-05-08,2028-11-08,0,0.0575,2.89863,100.0,2.89863
PFC3O,ON,2026-05-08,2029-05-08,0,0.0575,2.85137,100.0,2.85137
PFC3O,ON,2026-05-08,2029-11-08,100,0.0575,2.89863,0.0,102.89863
PG11L,ON_TAMAR,2025-06-24,2025-09-24,0,0.06,0.06,100.0,0.0
PG11L,ON_TAMAR,2025-06-24,2025-12-24,0,0.06,0.06,100.0,0.0
PG11L,ON_TAMAR,2025-06-24,2026-03-25,0,0.06,0.06,100.0,0.0
PG11L,ON_TAMAR,2025-06-24,2026-06-24,25,0.06,0.06,75.0,25.0
PG11L,ON_TAMAR,2025-06-24,2026-09-24,0,0.06,0.06,75.0,0.0
PG11L,ON_TAMAR,2025-06-24,2026-12-24,25,0.06,0.06,50.0,25.0
PG11L,ON_TAMAR,2025-06-24,2027-03-25,0,0.06,0.06,50.0,0.0
PG11L,ON_TAMAR,2025-06-24,2027-06-24,50,0.06,0.06,0.0,50.0
PHC4O,ON,2026-05-12,2026-11-12,0,0.065,3.276712,100.0,3.276712
PHC4O,ON,2026-05-12,2027-05-12,33,0.065,3.223288,67.0,36.223288
PHC4O,ON,2026-05-12,2027-11-12,0,0.065,2.195397,67.0,2.195397
PHC4O,ON,2026-05-12,2028-05-12,33,0.065,2.171534,34.0,35.171534
PHC4O,ON,2026-05-12,2028-11-13,0,0.065,1.114082,34.0,1.114082
PHC4O,ON,2026-05-12,2029-05-14,34,0.065,1.095918,0.0,35.095918
PJS1L,ON_TAMAR,2026-02-06,2026-05-06,0,0.0099,0.0,100.0,0.0
PJS1L,ON_TAMAR,2026-02-06,2026-08-06,0,0.0099,0.0,100.0,0.0
PJS1L,ON_TAMAR,2026-02-06,2026-11-06,0,0.0099,0.0,100.0,0.0
PJS1L,ON_TAMAR,2026-02-06,2027-02-10,33,0.0099,0.0,67.0,33.0
PJS1L,ON_TAMAR,2026-02-06,2027-05-06,0,0.0099,0.0,67.0,0.0
PJS1L,ON_TAMAR,2026-02-06,2027-08-06,33,0.0099,0.0,34.0,33.0
PJS1L,ON_TAMAR,2026-02-06,2027-11-08,0,0.0099,0.0,34.0,0.0
PJS1L,ON_TAMAR,2026-02-06,2028-02-07,34,0.0099,0.0,0.0,34.0
PLC1O,ON,2025-01-27,2025-10-27,0.0000,0.06,4.4877,100.0,4.4877
PLC1O,ON,2025-01-27,2026-04-27,0.0000,0.06,2.9918,100.0,2.9918
PLC1O,ON,2025-01-27,2026-10-27,0.0000,0.06,3.0082,100.0,3.0082
PLC1O,ON,2025-01-27,2027-04-27,0.0000,0.06,2.9918,100.0,2.9918
PLC1O,ON,2025-01-27,2027-10-27,0.0000,0.06,3.0082,100.0,3.0082
PLC1O,ON,2025-01-27,2028-01-27,100.0000,0.06,1.5123,0.0,101.5123
PLC2O,ON,2025-01-27,2025-10-27,0.0,0.075,5.6096,100.0,5.6096
PLC2O,ON,2025-01-27,2026-04-27,0.0,0.075,3.7397,100.0,3.7397
PLC2O,ON,2025-01-27,2026-10-27,0.0,0.075,3.7603,100.0,3.7603
PLC2O,ON,2025-01-27,2027-04-27,0.0,0.075,3.7397,100.0,3.7397
PLC2O,ON,2025-01-27,2027-10-27,0.0,0.075,3.7603,100.0,3.7603
PLC2O,ON,2025-01-27,2028-04-27,0.0,0.075,3.7603,100.0,3.7603
PLC2O,ON,2025-01-27,2028-10-27,0.0,0.075,3.7603,100.0,3.7603
PLC2O,ON,2025-01-27,2029-04-27,0.0,0.075,3.7397,100.0,3.7397
PLC2O,ON,2025-01-27,2029-10-29,0.0,0.075,3.7603,100.0,3.7603
PLC2O,ON,2025-01-27,2030-01-28,100.0,0.075,1.911,100.0,101.911
PLC3O,ON,2025-04-30,2026-01-30,0.0,0.0725,5.4623,100.0,5.4623
PLC3O,ON,2025-04-30,2026-07-30,0.0,0.0725,3.5952,100.0,3.5952
PLC3O,ON,2025-04-30,2027-02-01,0.0,0.0725,3.6548,100.0,3.6548
PLC3O,ON,2025-04-30,2027-07-30,0.0,0.0725,3.5952,100.0,3.5952
PLC3O,ON,2025-04-30,2028-01-31,0.0,0.0725,3.6548,100.0,3.6548
PLC3O,ON,2025-04-30,2028-05-02,100,0.0725,1.8473,0.0,101.8473
PLC4O,ON,2025-05-30,2025-12-01,0.0000,0.085,4.25,100.0,4.25
PLC4O,ON,2025-05-30,2026-06-01,0.0000,0.085,4.25,100.0,4.25
PLC4O,ON,2025-05-30,2026-11-30,0.0000,0.085,4.25,100.0,4.25
PLC4O,ON,2025-05-30,2027-05-31,0.0000,0.085,4.25,100.0,4.25
PLC4O,ON,2025-05-30,2027-11-30,0.0000,0.085,4.25,100.0,4.25
PLC4O,ON,2025-05-30,2028-05-30,0.0000,0.085,4.25,100.0,4.25
PLC4O,ON,2025-05-30,2028-11-30,0.0000,0.085,4.25,100.0,4.25
PLC4O,ON,2025-05-30,2029-05-30,0.0000,0.085,4.25,100.0,4.25
PLC4O,ON,2025-05-30,2029-11-30,0.0000,0.085,4.25,100.0,4.25
PLC4O,ON,2025-05-30,2030-05-30,0.0000,0.085,4.25,100.0,4.25
PLC4O,ON,2025-05-30,2030-12-02,0.0000,0.085,4.25,100.0,4.25
PLC4O,ON,2025-05-30,2031-05-30,0.0000,0.085,4.25,100.0,4.25
PLC4O,ON,2025-05-30,2031-12-01,0.0000,0.085,4.25,100.0,4.25
PLC4O,ON,2025-05-30,2032-05-31,100.0000,0.085,4.25,0.0,104.25
PLC5O,ON,2025-11-18,2026-05-18,0,0.08125,4.0625,100.0,4.0625
PLC5O,ON,2025-11-18,2026-11-18,0,0.08125,4.0625,100.0,4.0625
PLC5O,ON,2025-11-18,2027-05-18,0,0.08125,4.0625,100.0,4.0625
PLC5O,ON,2025-11-18,2027-11-18,0,0.08125,4.0625,100.0,4.0625
PLC5O,ON,2025-11-18,2028-05-18,0,0.08125,4.0625,100.0,4.0625
PLC5O,ON,2025-11-18,2028-11-21,0,0.08125,4.0625,100.0,4.0625
PLC5O,ON,2025-11-18,2029-05-18,0,0.08125,4.0625,100.0,4.0625
PLC5O,ON,2025-11-18,2029-11-19,0,0.08125,4.0625,100.0,4.0625
PLC5O,ON,2025-11-18,2030-05-20,0,0.08125,4.0625,100.0,4.0625
PLC5O,ON,2025-11-18,2030-11-18,0,0.08125,4.0625,100.0,4.0625
PLC5O,ON,2025-11-18,2031-05-19,100,0.08125,4.0625,0.0,104.0625
PLC6O,ON,2026-02-27,2026-11-27,0,0.065,4.861644,100.0,4.861644
PLC6O,ON,2026-02-27,2027-05-27,0,0.065,3.223288,100.0,3.223288
PLC6O,ON,2026-02-27,2027-11-29,0,0.065,3.276712,100.0,3.276712
PLC6O,ON,2026-02-27,2028-05-29,0,0.065,3.241096,100.0,3.241096
PLC6O,ON,2026-02-27,2028-11-27,0,0.065,3.276712,100.0,3.276712
PLC6O,ON,2026-02-27,2029-02-27,100,0.065,1.638356,0.0,101.638356
PLC7O,ON,2026-06-30,2027-03-30,0,0.0755,5.6625,100.0,5.6625
PLC7O,ON,2026-06-30,2027-09-30,0,0.0755,3.775,100.0,3.775
PLC7O,ON,2026-06-30,2028-03-30,0,0.0755,3.775,100.0,3.775
PLC7O,ON,2026-06-30,2028-10-02,0,0.0755,3.775,100.0,3.775
PLC7O,ON,2026-06-30,2029-03-30,0,0.0755,3.775,100.0,3.775
PLC7O,ON,2026-06-30,2029-10-01,0,0.0755,3.775,100.0,3.775
PLC7O,ON,2026-06-30,2030-04-01,0,0.0755,3.775,100.0,3.775
PLC7O,ON,2026-06-30,2030-09-30,0,0.0755,3.775,100.0,3.775
PLC7O,ON,2026-06-30,2031-03-31,0,0.0755,3.775,100.0,3.775
PLC7O,ON,2026-06-30,2031-09-30,0,0.0755,3.775,100.0,3.775
PLC7O,ON,2026-06-30,2032-03-30,0,0.0755,3.775,100.0,3.775
PLC7O,ON,2026-06-30,2032-09-30,0,0.0755,3.775,100.0,3.775
PLC7O,ON,2026-06-30,2033-03-30,0,0.0755,3.775,100.0,3.775
PLC7O,ON,2026-06-30,2033-09-30,0,0.0755,3.775,100.0,3.775
PLC7O,ON,2026-06-30,2034-03-30,0,0.0755,3.775,100.0,3.775
PLC7O,ON,2026-06-30,2034-10-02,0,0.0755,3.775,100.0,3.775
PLC7O,ON,2026-06-30,2035-03-30,0,0.0755,3.775,100.0,3.775
PLC7O,ON,2026-06-30,2035-10-01,33,0.0755,3.775,67.0,36.775
PLC7O,ON,2026-06-30,2036-03-31,0,0.0755,2.52925,67.0,2.52925
PLC7O,ON,2026-06-30,2036-09-30,33,0.0755,2.52925,34.0,35.52925
PLC7O,ON,2026-06-30,2037-03-30,0,0.0755,1.2835,34.0,1.2835
PLC7O,ON,2026-06-30,2037-09-30,34,0.0755,1.2835,0.0,35.2835
PMA28,SUB_SOBERANO_CER,2026-04-10,2026-07-13,0,0.0799,1.9975,100.0,1.9975
PMA28,SUB_SOBERANO_CER,2026-04-10,2026-10-13,0,0.0799,1.9975,100.0,1.9975
PMA28,SUB_SOBERANO_CER,2026-04-10,2027-01-11,0,0.0799,1.9975,100.0,1.9975
PMA28,SUB_SOBERANO_CER,2026-04-10,2027-04-12,0,0.0799,1.9975,100.0,1.9975
PMA28,SUB_SOBERANO_CER,2026-04-10,2027-07-12,0,0.0799,1.9975,100.0,1.9975
PMA28,SUB_SOBERANO_CER,2026-04-10,2027-10-11,0,0.0799,1.9975,100.0,1.9975
PMA28,SUB_SOBERANO_CER,2026-04-10,2028-01-10,0,0.0799,1.9975,100.0,1.9975
PMA28,SUB_SOBERANO_CER,2026-04-10,2028-04-10,100,0.0799,1.9975,0.0,101.9975
PMD25,SUB_SOBERANO_CER,2024-03-14,2025-12-15,100,0.0,0.0,100.0,100.0
PMD26,SUB_SOBERANO_TAMAR,2025-03-20,2025-06-23,0,0.055,0.055,1.0,0.0
PMD26,SUB_SOBERANO_TAMAR,2025-03-20,2025-09-22,0,0.055,0.055,1.0,0.0
PMD26,SUB_SOBERANO_TAMAR,2025-03-20,2025-12-22,0,0.055,0.055,1.0,0.0
PMD26,SUB_SOBERANO_TAMAR,2025-03-20,2026-03-20,0,0.055,0.055,1.0,0.0
PMD26,SUB_SOBERANO_TAMAR,2025-03-20,2026-06-22,0,0.055,0.055,1.0,0.0
PMD26,SUB_SOBERANO_TAMAR,2025-03-20,2026-09-21,0,0.055,0.055,1.0,0.0
PMD26,SUB_SOBERANO_TAMAR,2025-03-20,2026-12-21,100,0.055,0.055,0.0,100.0
PMJ26,SUB_SOBERANO_TAMAR,2025-03-20,2025-06-23,0,0.0475,0.0,100.0,0.0
PMJ26,SUB_SOBERANO_TAMAR,2025-03-20,2025-09-22,0,0.0475,0.0,100.0,0.0
PMJ26,SUB_SOBERANO_TAMAR,2025-03-20,2025-12-22,0,0.0475,0.0,100.0,0.0
PMJ26,SUB_SOBERANO_TAMAR,2025-03-20,2026-03-20,0,0.0475,0.0,100.0,0.0
PMJ26,SUB_SOBERANO_TAMAR,2025-03-20,2026-06-22,100,0.0475,0.0,0.0,100.0
PMM27,SUB_SOBERANO_CER,2024-03-14,2026-09-14,33.33,0.0,0.0,66.67,33.33
PMM27,SUB_SOBERANO_CER,2024-03-14,2026-12-14,33.33,0.0,0.0,33.34,33.33
PMM27,SUB_SOBERANO_CER,2024-03-14,2027-03-15,33.34,0.0,0.0,0.0,33.34
PMM29,SUB_SOBERANO,2020-05-19,2021-09-20,0.0,0.0275,0.036667,100.0,3.666667
PMM29,SUB_SOBERANO,2020-05-19,2022-03-21,0.0,0.0425,0.02125,100.0,2.125
PMM29,SUB_SOBERANO,2020-05-19,2022-09-19,0.0,0.0425,0.02125,100.0,2.125
PMM29,SUB_SOBERANO,2020-05-19,2023-03-20,7.692308,0.0425,0.02125,92.307692,9.817308
PMM29,SUB_SOBERANO,2020-05-19,2023-09-19,7.692308,0.0575,0.026538,84.615384,10.346154
PMM29,SUB_SOBERANO,2020-05-19,2024-03-19,7.692308,0.0575,0.024327,76.923076,10.125
PMM29,SUB_SOBERANO,2020-05-19,2024-09-19,7.692308,0.0575,0.022115,69.230768,9.903846
PMM29,SUB_SOBERANO,2020-05-19,2025-03-19,7.692308,0.0575,0.019904,61.53846,9.682692
PMM29,SUB_SOBERANO,2020-05-19,2025-09-19,7.692308,0.0575,0.017692,53.846152,9.461538
PMM29,SUB_SOBERANO,2020-05-19,2026-03-19,7.692308,0.0575,0.015481,46.153844,9.240385
PMM29,SUB_SOBERANO,2020-05-19,2026-09-21,7.692308,0.0575,0.013269,38.461536,9.019231
PMM29,SUB_SOBERANO,2020-05-19,2027-03-19,7.692308,0.0575,0.011058,30.769228,8.798077
PMM29,SUB_SOBERANO,2020-05-19,2027-09-20,7.692308,0.0575,0.008846,23.07692,8.576923
PMM29,SUB_SOBERANO,2020-05-19,2028-03-20,7.692308,0.0575,0.006635,15.384612,8.355769
PMM29,SUB_SOBERANO,2020-05-19,2028-09-19,7.692308,0.0575,0.004423,7.692304,8.134615
PMM29,SUB_SOBERANO,2020-05-19,2029-03-19,7.692304,0.0575,0.002212,0.0,7.913457
PN34O,ON,2024-09-27,2025-03-27,0.0,0.0497,2.4645753424657535,100.0,2.4645753424657535
PN34O,ON,2024-09-27,2025-09-29,0.0,0.0497,2.5054246575342467,100.0,2.5054246575342467
PN34O,ON,2024-09-27,2026-03-27,0.0,0.0497,2.4645753424657535,100.0,2.4645753424657535
PN34O,ON,2024-09-27,2026-09-28,0.0,0.0497,2.5054246575342467,100.0,2.5054246575342467
PN34O,ON,2024-09-27,2027-03-29,0.0,0.0497,2.4645753424657535,100.0,2.4645753424657535
PN34O,ON,2024-09-27,2027-09-27,100.0,0.0497,2.5054246575342467,0.0,102.50542465753423
PN35O,ON,2024-09-27,2025-03-27,0,0.07,0.034712,100.0,3.471233
PN35O,ON,2024-09-27,2025-09-29,0,0.07,0.035288,100.0,3.528767
PN35O,ON,2024-09-27,2026-03-27,0,0.07,0.034712,100.0,3.471233
PN35O,ON,2024-09-27,2026-09-28,0,0.07,0.035288,100.0,3.528767
PN35O,ON,2024-09-27,2027-03-29,0,0.07,0.034712,100.0,3.471233
PN35O,ON,2024-09-27,2027-09-27,0,0.07,0.035288,100.0,3.528767
PN35O,ON,2024-09-27,2028-03-27,0,0.07,0.034904,100.0,3.490411
PN35O,ON,2024-09-27,2028-09-27,0,0.07,0.035288,100.0,3.528767
PN35O,ON,2024-09-27,2029-03-27,0,0.07,0.034712,100.0,3.471233
PN35O,ON,2024-09-27,2029-09-27,100,0.07,0.035288,0.0,103.528767
PN36O,ON,2024-11-13,2025-05-13,0,0.0725,0.035952,100.0,3.595205
PN36O,ON,2024-11-13,2025-11-13,0,0.0725,0.036548,100.0,3.654795
PN36O,ON,2024-11-13,2026-05-13,0,0.0725,0.035952,100.0,3.595205
PN36O,ON,2024-11-13,2026-11-13,0,0.0725,0.036548,100.0,3.654795
PN36O,ON,2024-11-13,2027-05-13,0,0.0725,0.035952,100.0,3.595205
PN36O,ON,2024-11-13,2027-11-15,0,0.0725,0.036548,100.0,3.654795
PN36O,ON,2024-11-13,2028-05-15,0,0.0725,0.036151,100.0,3.615068
PN36O,ON,2024-11-13,2028-11-13,0,0.0725,0.036548,100.0,3.654795
PN36O,ON,2024-11-13,2029-05-14,0,0.0725,0.035952,100.0,3.595205
PN36O,ON,2024-11-13,2029-11-13,0,0.0725,0.036548,100.0,3.654795
PN36O,ON,2024-11-13,2030-05-13,0,0.0725,0.035952,100.0,3.595205
PN36O,ON,2024-11-13,2030-11-13,0,0.0725,0.036548,100.0,3.654795
PN36O,ON,2024-11-13,2031-05-13,0,0.0725,0.035952,100.0,3.595205
PN36O,ON,2024-11-13,2031-11-13,100,0.0725,0.036548,0.0,103.654795
PN37O,ON,2024-11-13,2025-05-13,0,0.0625,3.099315,100.0,3.099315
PN37O,ON,2024-11-13,2025-11-13,0,0.0625,3.150685,100.0,3.150685
PN37O,ON,2024-11-13,2026-05-13,0,0.0625,3.099315,100.0,3.099315
PN37O,ON,2024-11-13,2026-11-13,0,0.0625,3.150685,100.0,3.150685
PN37O,ON,2024-11-13,2027-05-13,0,0.0625,3.099315,100.0,3.099315
PN37O,ON,2024-11-13,2027-11-15,0,0.0625,3.150685,100.0,3.150685
PN37O,ON,2024-11-13,2028-05-15,0,0.0625,3.1164,100.0,3.1164
PN37O,ON,2024-11-13,2028-11-13,100,0.0625,3.150685,0.0,103.150685
PN38O,ON,2025-02-11,2025-08-11,0.0,0.065,3.223288,100.0,3.223288
PN38O,ON,2025-02-11,2026-02-11,0.0,0.065,3.276712,100.0,3.276712
PN38O,ON,2025-02-11,2026-08-11,0.0,0.065,3.223288,100.0,3.223288
PN38O,ON,2025-02-11,2027-02-11,0.0,0.065,3.276712,100.0,3.276712
PN38O,ON,2025-02-11,2027-08-11,100.0,0.065,3.223288,0.0,103.223288
PN40O,ON_DOLLAR_LINKED,2025-04-11,2025-07-11,0.0000,0.02,0.4986,100.0,0.4986
PN40O,ON_DOLLAR_LINKED,2025-04-11,2025-10-13,0.0000,0.02,0.5041,100.0,0.5041
PN40O,ON_DOLLAR_LINKED,2025-04-11,2026-01-12,0.0000,0.02,0.5041,100.0,0.5041
PN40O,ON_DOLLAR_LINKED,2025-04-11,2026-04-13,0.0000,0.02,0.4932,100.0,0.4932
PN40O,ON_DOLLAR_LINKED,2025-04-11,2026-07-13,0.0000,0.02,0.4986,100.0,0.4986
PN40O,ON_DOLLAR_LINKED,2025-04-11,2026-10-13,100.0000,0.02,0.5041,0.0,100.5041
PN41O,ON,2025-08-27,2026-02-27,0.000000,0.075,3.780822,100.0,3.780822
PN41O,ON,2025-08-27,2026-08-27,0.000000,0.075,3.719178,100.0,3.719178
PN41O,ON,2025-08-27,2027-03-01,0.000000,0.075,3.780822,100.0,3.780822
PN41O,ON,2025-08-27,2027-08-27,0.000000,0.075,3.719178,100.0,3.719178
PN41O,ON,2025-08-27,2028-02-28,0.000000,0.075,3.780822,100.0,3.780822
PN41O,ON,2025-08-27,2028-08-28,0.000000,0.075,3.739726,100.0,3.739726
PN41O,ON,2025-08-27,2029-02-27,0.000000,0.075,3.780822,100.0,3.780822
PN41O,ON,2025-08-27,2029-08-27,100.000000,0.075,3.719178,0.0,103.719178
PN42O,ON,2025-10-17,2026-04-17,0,0.06,2.991781,1.0,2.991781
PN42O,ON,2025-10-17,2026-10-19,0,0.06,3.008219,1.0,3.008219
PN42O,ON,2025-10-17,2027-04-19,100,0.06,2.991781,0.0,102.991781
PN43O,ON,2026-01-15,2026-07-15,0.0,0.0775,3.875,100.0,3.875
PN43O,ON,2026-01-15,2027-01-15,0.0,0.0775,3.875,100.0,3.875
PN43O,ON,2026-01-15,2027-07-15,0.0,0.0775,3.875,100.0,3.875
PN43O,ON,2026-01-15,2028-01-17,0.0,0.0775,3.875,100.0,3.875
PN43O,ON,2026-01-15,2028-07-17,0.0,0.0775,3.875,100.0,3.875
PN43O,ON,2026-01-15,2029-01-15,0.0,0.0775,3.875,100.0,3.875
PN43O,ON,2026-01-15,2029-07-16,0.0,0.0775,3.875,100.0,3.875
PN43O,ON,2026-01-15,2030-01-15,0.0,0.0775,3.875,100.0,3.875
PN43O,ON,2026-01-15,2030-07-15,0.0,0.0775,3.875,100.0,3.875
PN43O,ON,2026-01-15,2031-01-15,0.0,0.0775,3.875,100.0,3.875
PN43O,ON,2026-01-15,2031-07-15,0.0,0.0775,3.875,100.0,3.875
PN43O,ON,2026-01-15,2032-01-15,0.0,0.0775,3.875,100.0,3.875
PN43O,ON,2026-01-15,2032-07-15,0.0,0.0775,3.875,100.0,3.875
PN43O,ON,2026-01-15,2033-01-17,0.0,0.0775,3.875,100.0,3.875
PN43O,ON,2026-01-15,2033-07-15,0.0,0.0775,3.875,100.0,3.875
PN43O,ON,2026-01-15,2034-01-16,0.0,0.0775,3.875,100.0,3.875
PN43O,ON,2026-01-15,2034-07-17,0.0,0.0775,3.875,100.0,3.875
PN43O,ON,2026-01-15,2035-01-15,33.0,0.0775,3.875,67.0,36.875
PN43O,ON,2026-01-15,2035-07-16,0.0,0.0775,2.59625,67.0,2.59625
PN43O,ON,2026-01-15,2036-01-15,33.0,0.0775,2.59625,34.0,35.59625
PN43O,ON,2026-01-15,2036-07-15,0.0,0.0775,1.3175,34.0,1.3175
PN43O,ON,2026-01-15,2037-01-15,34.0,0.0775,1.3175,0.0,35.3175
PNDCO,ON,2021-04-30,2021-11-01,0.0,0.09125,4.5625,100.0,4.5625
PNDCO,ON,2021-04-30,2022-05-02,0.0,0.09125,4.5625,100.0,4.5625
PNDCO,ON,2021-04-30,2022-10-31,0.0,0.09125,4.5625,100.0,4.5625
PNDCO,ON,2021-04-30,2023-05-02,0.0,0.09125,4.5625,100.0,4.5625
PNDCO,ON,2021-04-30,2023-10-30,0.0,0.09125,4.5625,100.0,4.5625
PNDCO,ON,2021-04-30,2024-04-30,0.0,0.09125,4.5625,100.0,4.5625
PNDCO,ON,2021-04-30,2024-10-30,0.0,0.09125,4.5625,100.0,4.5625
PNDCO,ON,2021-04-30,2025-04-30,20.0,0.09125,4.5625,80.0,24.5625
PNDCO,ON,2021-04-30,2025-10-30,20.0,0.09125,3.65,60.0,23.65
PNDCO,ON,2021-04-30,2026-04-30,20.0,0.09125,2.7375,40.0,22.7375
PNDCO,ON,2021-04-30,2026-10-30,20.0,0.09125,1.825,20.0,21.825
PNDCO,ON,2021-04-30,2027-04-30,20.0,0.09125,0.9125,0.0,20.9125
PNICO,ON_DOLLAR_LINKED,2022-02-07,2022-05-09,0,0.0425,1.036301,100.0,1.036301
PNICO,ON_DOLLAR_LINKED,2022-02-07,2022-08-08,0,0.0425,1.071233,100.0,1.071233
PNICO,ON_DOLLAR_LINKED,2022-02-07,2022-11-07,0,0.0425,1.071233,100.0,1.071233
PNICO,ON_DOLLAR_LINKED,2022-02-07,2023-02-07,0,0.0425,1.071233,100.0,1.071233
PNICO,ON_DOLLAR_LINKED,2022-02-07,2023-05-08,0,0.0425,1.036301,100.0,1.036301
PNICO,ON_DOLLAR_LINKED,2022-02-07,2023-08-07,0,0.0425,1.071233,100.0,1.071233
PNICO,ON_DOLLAR_LINKED,2022-02-07,2023-11-07,0,0.0425,1.071233,100.0,1.071233
PNICO,ON_DOLLAR_LINKED,2022-02-07,2024-02-07,0,0.0425,1.071233,100.0,1.071233
PNICO,ON_DOLLAR_LINKED,2022-02-07,2024-05-07,0,0.0425,1.047945,100.0,1.047945
PNICO,ON_DOLLAR_LINKED,2022-02-07,2024-08-07,0,0.0425,1.071233,100.0,1.071233
PNICO,ON_DOLLAR_LINKED,2022-02-07,2024-11-07,0,0.0425,1.071233,100.0,1.071233
PNICO,ON_DOLLAR_LINKED,2022-02-07,2025-02-07,0,0.0425,1.071233,100.0,1.071233
PNICO,ON_DOLLAR_LINKED,2022-02-07,2025-05-07,0,0.0425,1.036301,100.0,1.036301
PNICO,ON_DOLLAR_LINKED,2022-02-07,2025-08-07,5,0.0425,1.071233,95.0,6.071233
PNICO,ON_DOLLAR_LINKED,2022-02-07,2025-11-07,0,0.0425,1.017671,95.0,1.017671
PNICO,ON_DOLLAR_LINKED,2022-02-07,2026-02-09,5,0.0425,1.017671,90.0,6.017671
PNICO,ON_DOLLAR_LINKED,2022-02-07,2026-05-07,0,0.0425,0.932671,90.0,0.932671
PNICO,ON_DOLLAR_LINKED,2022-02-07,2026-08-07,5,0.0425,0.96411,85.0,5.96411
PNICO,ON_DOLLAR_LINKED,2022-02-07,2026-11-09,0,0.0425,0.910548,85.0,0.910548
PNICO,ON_DOLLAR_LINKED,2022-02-07,2027-02-10,5,0.0425,0.910548,80.0,5.910548
PNICO,ON_DOLLAR_LINKED,2022-02-07,2027-05-07,0,0.0425,0.829041,80.0,0.829041
PNICO,ON_DOLLAR_LINKED,2022-02-07,2027-08-09,5,0.0425,0.856986,75.0,5.856986
PNICO,ON_DOLLAR_LINKED,2022-02-07,2027-11-08,0,0.0425,0.803425,75.0,0.803425
PNICO,ON_DOLLAR_LINKED,2022-02-07,2028-02-07,5,0.0425,0.803425,70.0,5.803425
PNICO,ON_DOLLAR_LINKED,2022-02-07,2028-05-08,0,0.0425,0.733562,70.0,0.733562
PNICO,ON_DOLLAR_LINKED,2022-02-07,2028-08-07,5,0.0425,0.749863,65.0,5.749863
PNICO,ON_DOLLAR_LINKED,2022-02-07,2028-11-07,0,0.0425,0.696301,65.0,0.696301
PNICO,ON_DOLLAR_LINKED,2022-02-07,2029-02-07,5,0.0425,0.696301,60.0,5.696301
PNICO,ON_DOLLAR_LINKED,2022-02-07,2029-05-07,0,0.0425,0.621781,60.0,0.621781
PNICO,ON_DOLLAR_LINKED,2022-02-07,2029-08-07,10,0.0425,0.64274,50.0,10.64274
PNICO,ON_DOLLAR_LINKED,2022-02-07,2029-11-07,0,0.0425,0.535616,50.0,0.535616
PNICO,ON_DOLLAR_LINKED,2022-02-07,2030-02-07,10,0.0425,0.535616,40.0,10.535616
PNICO,ON_DOLLAR_LINKED,2022-02-07,2030-05-07,0,0.0425,0.414521,40.0,0.414521
PNICO,ON_DOLLAR_LINKED,2022-02-07,2030-08-07,10,0.0425,0.428493,30.0,10.428493
PNICO,ON_DOLLAR_LINKED,2022-02-07,2030-11-07,0,0.0425,0.32137,30.0,0.32137
PNICO,ON_DOLLAR_LINKED,2022-02-07,2031-02-07,10,0.0425,0.32137,20.0,10.32137
PNICO,ON_DOLLAR_LINKED,2022-02-07,2031-05-07,0,0.0425,0.20726,20.0,0.20726
PNICO,ON_DOLLAR_LINKED,2022-02-07,2031-08-07,10,0.0425,0.214247,10.0,10.214247
PNICO,ON_DOLLAR_LINKED,2022-02-07,2031-11-07,0,0.0425,0.107123,10.0,0.107123
PNICO,ON_DOLLAR_LINKED,2022-02-07,2032-02-09,10,0.0425,0.107123,0.0,10.107123
PNRCO,ON_DOLLAR_LINKED,2023-08-07,2023-11-07,0.00,0.01,0.25,1.0,0.25
PNRCO,ON_DOLLAR_LINKED,2023-08-07,2024-02-07,0.00,0.01,0.25,1.0,0.25
PNRCO,ON_DOLLAR_LINKED,2023-08-07,2024-05-07,0.00,0.01,0.25,1.0,0.25
PNRCO,ON_DOLLAR_LINKED,2023-08-07,2024-08-07,0.00,0.01,0.25,1.0,0.25
PNRCO,ON_DOLLAR_LINKED,2023-08-07,2024-11-07,0.00,0.01,0.25,1.0,0.25
PNRCO,ON_DOLLAR_LINKED,2023-08-07,2025-02-07,0.00,0.01,0.25,1.0,0.25
PNRCO,ON_DOLLAR_LINKED,2023-08-07,2025-05-07,0.00,0.01,0.24,1.0,0.24
PNRCO,ON_DOLLAR_LINKED,2023-08-07,2025-08-07,0.00,0.01,0.25,1.0,0.25
PNRCO,ON_DOLLAR_LINKED,2023-08-07,2025-11-07,0.00,0.01,0.25,1.0,0.25
PNRCO,ON_DOLLAR_LINKED,2023-08-07,2026-02-09,0.00,0.01,0.25,1.0,0.25
PNRCO,ON_DOLLAR_LINKED,2023-08-07,2026-05-07,0.00,0.01,0.24,1.0,0.24
PNRCO,ON_DOLLAR_LINKED,2023-08-07,2026-08-07,0.00,0.01,0.25,1.0,0.25
PNRCO,ON_DOLLAR_LINKED,2023-08-07,2026-11-09,0.00,0.01,0.25,1.0,0.25
PNRCO,ON_DOLLAR_LINKED,2023-08-07,2027-02-08,0.00,0.01,0.25,1.0,0.25
PNRCO,ON_DOLLAR_LINKED,2023-08-07,2027-05-07,0.00,0.01,0.24,1.0,0.24
PNRCO,ON_DOLLAR_LINKED,2023-08-07,2027-08-09,0.00,0.01,0.25,1.0,0.25
PNRCO,ON_DOLLAR_LINKED,2023-08-07,2027-11-08,0.00,0.01,0.25,1.0,0.25
PNRCO,ON_DOLLAR_LINKED,2023-08-07,2028-02-07,0.00,0.01,0.25,1.0,0.25
PNRCO,ON_DOLLAR_LINKED,2023-08-07,2028-05-08,0.00,0.01,0.25,1.0,0.25
PNRCO,ON_DOLLAR_LINKED,2023-08-07,2028-08-07,100.00,0.01,0.25,0.0,100.25
PNUCO,ON,2023-10-17,2024-04-17,0,0.0495,2.481781,100.0,2.481781
PNUCO,ON,2023-10-17,2024-10-17,0,0.0495,2.481781,100.0,2.481781
PNUCO,ON,2023-10-17,2025-04-21,0,0.0495,2.468219,100.0,2.468219
PNUCO,ON,2023-10-17,2025-10-20,100,0.0495,2.495342,0.0,102.495342
PNVCO,ON,2023-11-10,2024-05-10,0.0000,0.0299,1.490904,100.0,1.490904
PNVCO,ON,2023-11-10,2024-11-11,0.0000,0.0299,1.507288,100.0,1.507288
PNVCO,ON,2023-11-10,2025-05-12,0.0000,0.0299,1.482712,100.0,1.482712
PNVCO,ON,2023-11-10,2025-11-10,0.0000,0.0299,1.507288,100.0,1.507288
PNVCO,ON,2023-11-10,2026-02-10,100.0000,0.0299,0.753644,0.0,100.753644
PNWCO,ON,2024-02-29,2024-08-28,0.0000,0.057,2.826575,100.0,2.826575
PNWCO,ON,2024-02-29,2025-02-28,0.0000,0.057,2.873425,100.0,2.873425
PNWCO,ON,2024-02-29,2025-08-28,0.0000,0.057,2.826575,100.0,2.826575
PNWCO,ON,2024-02-29,2026-03-02,100.0000,0.057,2.904658,0.0,102.904658
PNXCO,ON,2024-04-30,2024-10-30,0.0,0.085,0.0425,100.0,4.25
PNXCO,ON,2024-04-30,2025-04-30,0.0,0.085,0.0425,100.0,4.25
PNXCO,ON,2024-04-30,2025-10-30,0.0,0.085,0.0425,100.0,4.25
PNXCO,ON,2024-04-30,2026-04-30,0.0,0.085,0.0425,100.0,4.25
PNXCO,ON,2024-04-30,2026-10-30,0.0,0.085,0.0425,100.0,4.25
PNXCO,ON,2024-04-30,2027-04-30,0.0,0.085,0.0425,100.0,4.25
PNXCO,ON,2024-04-30,2027-11-01,0.0,0.085,0.0425,100.0,4.25
PNXCO,ON,2024-04-30,2028-05-02,0.0,0.085,0.0425,100.0,4.25
PNXCO,ON,2024-04-30,2028-10-30,0.0,0.085,0.0425,100.0,4.25
PNXCO,ON,2024-04-30,2029-04-30,0.0,0.085,0.0425,100.0,4.25
PNXCO,ON,2024-04-30,2029-10-30,0.0,0.085,0.0425,100.0,4.25
PNXCO,ON,2024-04-30,2030-04-30,33.33325,0.085,0.0425,66.66675,37.58325
PNXCO,ON,2024-04-30,2030-10-30,0.0,0.085,0.028333,66.66675,2.833337
PNXCO,ON,2024-04-30,2031-04-30,33.33325,0.085,0.028333,33.3335,36.166587
PNXCO,ON,2024-04-30,2031-10-30,0.0,0.085,0.014167,33.3335,1.416674
PNXCO,ON,2024-04-30,2032-04-30,33.3335,0.085,0.014167,0.0,34.750174
PQCOO,ON_DOLLAR_LINKED,2023-09-22,2027-09-22,100,0.0,0.0,0.0,100.0
PQCRO,ON,2024-10-22,2025-04-22,0.0000,0.0675,3.365753,100.0,3.365753
PQCRO,ON,2024-10-22,2025-10-22,0.0000,0.0675,3.384247,100.0,3.384247
PQCRO,ON,2024-10-22,2026-04-22,0.0000,0.0675,3.365753,100.0,3.365753
PQCRO,ON,2024-10-22,2026-10-22,0.0000,0.0675,3.384247,100.0,3.384247
PQCRO,ON,2024-10-22,2027-04-22,0.0000,0.0675,3.365753,100.0,3.365753
PQCRO,ON,2024-10-22,2027-10-22,0.0000,0.0675,3.384247,100.0,3.384247
PQCRO,ON,2024-10-22,2028-04-24,0.0000,0.0675,3.421233,100.0,3.421233
PQCRO,ON,2024-10-22,2028-10-23,100.0000,0.0675,3.365753,0.0,103.365753
PQCSO,ON,2025-02-17,2025-08-18,0,0.08,0.03989,100.0,3.989041
PQCSO,ON,2025-02-17,2026-02-17,0,0.08,0.04011,100.0,4.010959
PQCSO,ON,2025-02-17,2026-08-18,0,0.08,0.03989,100.0,3.989041
PQCSO,ON,2025-02-17,2027-02-17,0,0.08,0.04011,100.0,4.010959
PQCSO,ON,2025-02-17,2027-08-18,0,0.08,0.03989,100.0,3.989041
PQCSO,ON,2025-02-17,2028-02-17,0,0.08,0.04011,100.0,4.010959
PQCSO,ON,2025-02-17,2028-08-18,0,0.08,0.04011,100.0,4.010959
PQCSO,ON,2025-02-17,2029-02-19,0,0.08,0.040548,100.0,4.054795
PQCSO,ON,2025-02-17,2029-08-20,0,0.08,0.03989,100.0,3.989041
PQCSO,ON,2025-02-17,2030-02-18,0,0.08,0.03989,100.0,3.989041
PQCSO,ON,2025-02-17,2030-08-19,0,0.08,0.03989,100.0,3.989041
PQCSO,ON,2025-02-17,2031-02-17,100,0.08,0.03989,0.0,103.989041
PQCTO,ON,2025-07-21,2026-01-21,0,0.085,4.284932,100.0,4.284932
PQCTO,ON,2025-07-21,2026-07-21,0,0.085,4.215068,100.0,4.215068
PQCTO,ON,2025-07-21,2027-01-21,0,0.085,4.284932,100.0,4.284932
PQCTO,ON,2025-07-21,2027-07-21,0,0.085,4.215068,100.0,4.215068
PQCTO,ON,2025-07-21,2028-01-21,0,0.085,4.284932,100.0,4.284932
PQCTO,ON,2025-07-21,2028-07-21,100,0.085,4.238356,0.0,104.238356
PR17,BADLAR,2022-05-02,2022-08-02,0,0.0,0.0,100.0,0.0
PR17,BADLAR,2022-05-02,2022-11-02,0,0.0,0.0,100.0,0.0
PR17,BADLAR,2022-05-02,2023-02-02,0,0.0,0.0,100.0,0.0
PR17,BADLAR,2022-05-02,2023-05-02,0,0.0,0.0,100.0,0.0
PR17,BADLAR,2022-05-02,2023-08-02,0,0.0,0.0,100.0,0.0
PR17,BADLAR,2022-05-02,2023-11-02,0,0.0,0.0,100.0,0.0
PR17,BADLAR,2022-05-02,2024-02-02,0,0.0,0.0,100.0,0.0
PR17,BADLAR,2022-05-02,2024-05-02,0,0.0,0.0,100.0,0.0
PR17,BADLAR,2022-05-02,2024-08-02,0,0.0,0.0,100.0,0.0
PR17,BADLAR,2022-05-02,2024-11-04,0,0.0,0.0,100.0,0.0
PR17,BADLAR,2022-05-02,2025-02-03,0,0.0,0.0,100.0,0.0
PR17,BADLAR,2022-05-02,2025-05-05,0,0.0,0.0,100.0,0.0
PR17,BADLAR,2022-05-02,2025-08-04,0,0.0,0.0,100.0,0.0
PR17,BADLAR,2022-05-02,2025-11-03,0,0.0,0.0,100.0,0.0
PR17,BADLAR,2022-05-02,2026-02-02,0,0.0,0.0,100.0,0.0
PR17,BADLAR,2022-05-02,2026-05-04,7,0.0,0.0,93.0,7.0
PR17,BADLAR,2022-05-02,2026-08-03,7,0.0,0.0,86.0,7.0
PR17,BADLAR,2022-05-02,2026-11-02,7,0.0,0.0,79.0,7.0
PR17,BADLAR,2022-05-02,2027-02-02,7,0.0,0.0,72.0,7.0
PR17,BADLAR,2022-05-02,2027-05-03,7,0.0,0.0,65.0,7.0
PR17,BADLAR,2022-05-02,2027-08-02,7,0.0,0.0,58.0,7.0
PR17,BADLAR,2022-05-02,2027-11-02,7,0.0,0.0,51.0,7.0
PR17,BADLAR,2022-05-02,2028-02-02,7,0.0,0.0,44.0,7.0
PR17,BADLAR,2022-05-02,2028-05-02,7,0.0,0.0,37.0,7.0
PR17,BADLAR,2022-05-02,2028-08-02,7,0.0,0.0,30.0,7.0
PR17,BADLAR,2022-05-02,2028-11-02,9,0.0,0.0,21.0,9.0
PR17,BADLAR,2022-05-02,2029-02-02,9,0.0,0.0,12.0,9.0
PR17,BADLAR,2022-05-02,2029-05-02,12,0.0,0.0,0.0,12.0
PS35O,ON_TAMAR,2025-12-19,2026-03-19,0,0.0424,0.0,100.0,0.0
PS35O,ON_TAMAR,2025-12-19,2026-06-19,0,0.0424,0.0,100.0,0.0
PS35O,ON_TAMAR,2025-12-19,2026-09-21,0,0.0424,0.0,100.0,0.0
PS35O,ON_TAMAR,2025-12-19,2026-12-21,100,0.0424,0.0,0.0,100.0
PS36O,ON_FIXED_RATE,2025-12-19,2026-09-21,100,0.0265,26.7616,0.0,126.7616
PS37O,ON_TAMAR,2026-02-26,2026-05-26,0,0.0475,0.0,100.0,0.0
PS37O,ON_TAMAR,2026-02-26,2026-08-26,0,0.0475,0.0,100.0,0.0
PS37O,ON_TAMAR,2026-02-26,2026-11-26,0,0.0475,0.0,100.0,0.0
PS37O,ON_TAMAR,2026-02-26,2027-02-26,50,0.0475,0.0,50.0,50.0
PS37O,ON_TAMAR,2026-02-26,2027-05-26,50,0.0475,0.0,0.0,50.0
PS38O,ON_FIXED_RATE,2026-02-26,2027-03-29,100,0.027,41.389,0.0,141.389
PSSWO,ON_TAMAR,2024-12-23,2025-03-25,0,0.0325,0.0,100.0,0.0
PSSWO,ON_TAMAR,2024-12-23,2025-06-23,0,0.0325,0.0,100.0,0.0
PSSWO,ON_TAMAR,2024-12-23,2025-09-23,0,0.0325,0.0,100.0,0.0
PSSWO,ON_TAMAR,2024-12-23,2025-12-23,0,0.0325,0.0,100.0,0.0
PSSWO,ON_TAMAR,2024-12-23,2026-03-25,0,0.0325,0.0,100.0,0.0
PSSWO,ON_TAMAR,2024-12-23,2026-06-23,100,0.0325,0.0,0.0,100.0
PSSYO,ON_TAMAR,2025-02-28,2025-05-28,0,0.032,0.0,100.0,0.0
PSSYO,ON_TAMAR,2025-02-28,2025-08-28,0,0.032,0.0,100.0,0.0
PSSYO,ON_TAMAR,2025-02-28,2025-11-28,0,0.032,0.0,100.0,0.0
PSSYO,ON_TAMAR,2025-02-28,2026-02-27,100,0.032,0.0,0.0,100.0
PUA36,SUB_SOBERANO,2026-04-29,2026-07-29,0,0.0945,2.3625,100.0,2.3625
PUA36,SUB_SOBERANO,2026-04-29,2026-10-29,0,0.0945,2.3625,100.0,2.3625
PUA36,SUB_SOBERANO,2026-04-29,2027-01-29,0,0.0945,2.3625,100.0,2.3625
PUA36,SUB_SOBERANO,2026-04-29,2027-04-29,0,0.0945,2.3625,100.0,2.3625
PUA36,SUB_SOBERANO,2026-04-29,2027-07-29,0,0.0945,2.3625,100.0,2.3625
PUA36,SUB_SOBERANO,2026-04-29,2027-10-29,0,0.0945,2.3625,100.0,2.3625
PUA36,SUB_SOBERANO,2026-04-29,2028-01-31,0,0.0945,2.3625,100.0,2.3625
PUA36,SUB_SOBERANO,2026-04-29,2028-05-01,0,0.0945,2.3625,100.0,2.3625
PUA36,SUB_SOBERANO,2026-04-29,2028-07-31,0,0.0945,2.3625,100.0,2.3625
PUA36,SUB_SOBERANO,2026-04-29,2028-10-30,0,0.0945,2.3625,100.0,2.3625
PUA36,SUB_SOBERANO,2026-04-29,2029-01-29,0,0.0945,2.3625,100.0,2.3625
PUA36,SUB_SOBERANO,2026-04-29,2029-04-30,0,0.0945,2.3625,100.0,2.3625
PUA36,SUB_SOBERANO,2026-04-29,2029-07-30,3.5714,0.0945,2.3625,96.4286,5.9339
PUA36,SUB_SOBERANO,2026-04-29,2029-10-29,3.5714,0.0945,2.278126,92.8572,5.849526
PUA36,SUB_SOBERANO,2026-04-29,2030-01-29,3.5714,0.0945,2.193751,89.2858,5.765151
PUA36,SUB_SOBERANO,2026-04-29,2030-04-29,3.5714,0.0945,2.109377,85.7144,5.680777
PUA36,SUB_SOBERANO,2026-04-29,2030-07-29,3.5714,0.0945,2.025003,82.143,5.596403
PUA36,SUB_SOBERANO,2026-04-29,2030-10-29,3.5714,0.0945,1.940628,78.5716,5.512028
PUA36,SUB_SOBERANO,2026-04-29,2031-01-29,3.5714,0.0945,1.856254,75.0002,5.427654
PUA36,SUB_SOBERANO,2026-04-29,2031-04-29,3.5714,0.0945,1.77188,71.4288,5.34328
PUA36,SUB_SOBERANO,2026-04-29,2031-07-29,3.5714,0.0945,1.687505,67.8574,5.258905
PUA36,SUB_SOBERANO,2026-04-29,2031-10-29,3.5714,0.0945,1.603131,64.286,5.174531
PUA36,SUB_SOBERANO,2026-04-29,2032-01-29,3.5714,0.0945,1.518757,60.7146,5.090157
PUA36,SUB_SOBERANO,2026-04-29,2032-04-29,3.5714,0.0945,1.434382,57.1432,5.005782
PUA36,SUB_SOBERANO,2026-04-29,2032-07-29,3.5714,0.0945,1.350008,53.5718,4.921408
PUA36,SUB_SOBERANO,2026-04-29,2032-10-29,3.5714,0.0945,1.265634,50.0004,4.837034
PUA36,SUB_SOBERANO,2026-04-29,2033-01-31,3.5714,0.0945,1.181259,46.429,4.752659
PUA36,SUB_SOBERANO,2026-04-29,2033-04-29,3.5714,0.0945,1.096885,42.8576,4.668285
PUA36,SUB_SOBERANO,2026-04-29,2033-07-29,3.5714,0.0945,1.012511,39.2862,4.583911
PUA36,SUB_SOBERANO,2026-04-29,2033-10-31,3.5714,0.0945,0.928136,35.7148,4.499536
PUA36,SUB_SOBERANO,2026-04-29,2034-01-30,3.5714,0.0945,0.843762,32.1434,4.415162
PUA36,SUB_SOBERANO,2026-04-29,2034-05-01,3.5714,0.0945,0.759388,28.572,4.330788
PUA36,SUB_SOBERANO,2026-04-29,2034-07-31,3.5714,0.0945,0.675014,25.0006,4.246414
PUA36,SUB_SOBERANO,2026-04-29,2034-10-30,3.5714,0.0945,0.590639,21.4292,4.162039
PUA36,SUB_SOBERANO,2026-04-29,2035-01-29,3.5714,0.0945,0.506265,17.8578,4.077665
PUA36,SUB_SOBERANO,2026-04-29,2035-04-30,3.5714,0.0945,0.421891,14.2864,3.993291
PUA36,SUB_SOBERANO,2026-04-29,2035-07-30,3.5714,0.0945,0.337516,10.715,3.908916
PUA36,SUB_SOBERANO,2026-04-29,2035-10-29,3.5714,0.0945,0.253142,7.1436,3.824542
PUA36,SUB_SOBERANO,2026-04-29,2036-01-29,3.5714,0.0945,0.168768,3.5722,3.740168
PUA36,SUB_SOBERANO,2026-04-29,2036-04-29,3.5714,0.0945,0.084393,0.0008,3.655793
PUL26,SUB_SOBERANO,2016-07-26,2016-10-26,0.0,0.0775,1.9375,100.0,1.9375
PUL26,SUB_SOBERANO,2016-07-26,2017-01-26,0.0,0.0775,1.9375,100.0,1.9375
PUL26,SUB_SOBERANO,2016-07-26,2017-04-26,0.0,0.0775,1.9375,100.0,1.9375
PUL26,SUB_SOBERANO,2016-07-26,2017-07-26,0.0,0.0775,1.9375,100.0,1.9375
PUL26,SUB_SOBERANO,2016-07-26,2017-10-26,0.0,0.0775,1.9375,100.0,1.9375
PUL26,SUB_SOBERANO,2016-07-26,2018-01-26,0.0,0.0775,1.9375,100.0,1.9375
PUL26,SUB_SOBERANO,2016-07-26,2018-04-26,0.0,0.0775,1.9375,100.0,1.9375
PUL26,SUB_SOBERANO,2016-07-26,2018-07-26,0.0,0.0775,1.9375,100.0,1.9375
PUL26,SUB_SOBERANO,2016-07-26,2018-10-26,0.0,0.0775,1.9375,100.0,1.9375
PUL26,SUB_SOBERANO,2016-07-26,2019-01-28,0.0,0.0775,1.9375,100.0,1.9375
PUL26,SUB_SOBERANO,2016-07-26,2019-04-26,0.0,0.0775,1.9375,100.0,1.9375
PUL26,SUB_SOBERANO,2016-07-26,2019-07-26,0.0,0.0775,1.9375,100.0,1.9375
PUL26,SUB_SOBERANO,2016-07-26,2019-10-28,0.0,0.0775,1.9375,100.0,1.9375
PUL26,SUB_SOBERANO,2016-07-26,2020-01-27,0.0,0.0775,1.9375,100.0,1.9375
PUL26,SUB_SOBERANO,2016-07-26,2020-04-27,0.0,0.0775,1.9375,100.0,1.9375
PUL26,SUB_SOBERANO,2016-07-26,2020-07-27,0.0,0.0775,1.9375,100.0,1.9375
PUL26,SUB_SOBERANO,2016-07-26,2020-10-26,4.1667,0.0775,1.9375,95.8333,6.1042
PUL26,SUB_SOBERANO,2016-07-26,2021-01-26,0.5,0.0724,1.7346,95.3333,2.2346
PUL26,SUB_SOBERANO,2016-07-26,2021-04-26,0.5,0.0724,1.7255,94.8333,2.2255
PUL26,SUB_SOBERANO,2016-07-26,2021-07-26,0.5,0.0724,1.7165,94.3333,2.2165
PUL26,SUB_SOBERANO,2016-07-26,2021-10-26,0.5,0.0724,1.7074,93.8333,2.2074
PUL26,SUB_SOBERANO,2016-07-26,2022-01-26,1.525,0.0775,1.818,92.3083,3.343
PUL26,SUB_SOBERANO,2016-07-26,2022-04-26,1.525,0.0775,1.7885,90.7833,3.3135
PUL26,SUB_SOBERANO,2016-07-26,2022-07-26,1.525,0.0775,1.7589,89.2583,3.2839
PUL26,SUB_SOBERANO,2016-07-26,2022-10-26,1.525,0.0775,1.7294,87.7333,3.2544
PUL26,SUB_SOBERANO,2016-07-26,2023-01-26,3.0,0.0775,1.6998,84.7333,4.6998
PUL26,SUB_SOBERANO,2016-07-26,2023-04-26,3.0,0.0775,1.6417,81.7333,4.6417
PUL26,SUB_SOBERANO,2016-07-26,2023-07-26,3.5591,0.0775,1.5836,78.1743,5.1427
PUL26,SUB_SOBERANO,2016-07-26,2023-10-26,3.4298,0.0775,1.5146,74.7445,4.9444
PUL26,SUB_SOBERANO,2016-07-26,2024-01-26,3.85,0.0775,1.4482,70.8945,5.2982
PUL26,SUB_SOBERANO,2016-07-26,2024-04-26,4.1589,0.0775,1.3736,66.7356,5.5325
PUL26,SUB_SOBERANO,2016-07-26,2024-07-26,3.85,0.0775,1.293,62.8856,5.143
PUL26,SUB_SOBERANO,2016-07-26,2024-10-28,4.007,0.0775,1.2184,58.8786,5.2254
PUL26,SUB_SOBERANO,2016-07-26,2025-01-27,3.9435,0.0775,1.1408,54.9351,5.0842
PUL26,SUB_SOBERANO,2016-07-26,2025-04-28,3.85,0.0775,1.0644,51.0851,4.9144
PUL26,SUB_SOBERANO,2016-07-26,2025-07-28,3.85,0.0775,0.9898,47.2351,4.8398
PUL26,SUB_SOBERANO,2016-07-26,2025-10-27,3.85,0.0775,0.9152,43.3851,4.7652
PUL26,SUB_SOBERANO,2016-07-26,2026-01-26,3.85,0.0775,0.8406,39.5351,4.6906
PUL26,SUB_SOBERANO,2016-07-26,2026-04-27,3.85,0.0775,0.766,35.6851,4.616
PUL26,SUB_SOBERANO,2016-07-26,2026-07-27,3.85,0.0775,0.6914,31.8351,4.5414
PUL26,SUB_SOBERANO,2016-07-26,2026-10-26,3.85,0.0775,0.6168,27.9851,4.4668
PUL26,SUB_SOBERANO,2016-07-26,2027-01-26,3.85,0.0775,0.5422,24.1351,4.3922
PUL26,SUB_SOBERANO,2016-07-26,2027-04-26,3.85,0.0775,0.4676,20.2851,4.3176
PUL26,SUB_SOBERANO,2016-07-26,2027-07-26,3.85,0.0775,0.393,16.4351,4.243
PUL26,SUB_SOBERANO,2016-07-26,2027-10-26,3.85,0.0775,0.3184,12.5851,4.1684
PUL26,SUB_SOBERANO,2016-07-26,2028-01-26,3.5,0.0775,0.2438,9.0851,3.7438
PUL26,SUB_SOBERANO,2016-07-26,2028-04-26,2.85,0.0775,0.176,6.2351,3.026
PUL26,SUB_SOBERANO,2016-07-26,2028-07-26,2.85,0.0775,0.1208,3.3851,2.9708
PUL26,SUB_SOBERANO,2016-07-26,2028-10-26,2.85,0.0775,0.0656,0.5351,2.9156
PUL26,SUB_SOBERANO,2016-07-26,2029-01-26,0.3475,0.0775,0.0104,0.1876,0.3579
PUL26,SUB_SOBERANO,2016-07-26,2029-04-26,0.1876,0.0775,0.0036,0.0,0.1913
PUL26,SUB_SOBERANO,2016-07-26,2029-07-26,0.0,0.0775,0.0,0.0,0.0
PVC3O,ON,2025-11-25,2026-05-26,0,0.065,3.223288,100.0,3.223288
PVC3O,ON,2025-11-25,2026-11-25,100,0.065,3.276712,0.0,103.276712
PVC4O,ON_TAMAR,2025-11-25,2026-02-25,0,0.04,0.04,100.0,0.0
PVC4O,ON_TAMAR,2025-11-25,2026-05-26,0,0.04,0.04,100.0,0.0
PVC4O,ON_TAMAR,2025-11-25,2026-08-25,0,0.04,0.04,100.0,0.0
PVC4O,ON_TAMAR,2025-11-25,2026-11-25,100,0.04,0.04,0.0,100.0
PZCGO,ON,2024-12-04,2025-06-04,0.0000,0.07,3.5,100.0,3.5
PZCGO,ON,2024-12-04,2025-09-04,0.0000,0.07,1.75,100.0,1.75
PZCGO,ON,2024-12-04,2025-12-04,0.0000,0.07,1.75,100.0,1.75
PZCGO,ON,2024-12-04,2026-03-04,0.0000,0.07,1.75,100.0,1.75
PZCGO,ON,2024-12-04,2026-06-04,0.0000,0.07,1.75,100.0,1.75
PZCGO,ON,2024-12-04,2026-09-04,0.0000,0.07,1.75,100.0,1.75
PZCGO,ON,2024-12-04,2026-12-04,0.0000,0.07,1.75,100.0,1.75
PZCGO,ON,2024-12-04,2027-03-04,0.0000,0.07,1.75,100.0,1.75
PZCGO,ON,2024-12-04,2027-06-04,0.0000,0.07,1.75,100.0,1.75
PZCGO,ON,2024-12-04,2027-09-06,0.0000,0.07,1.75,100.0,1.75
PZCGO,ON,2024-12-04,2027-12-06,0.0000,0.07,1.75,100.0,1.75
PZCGO,ON,2024-12-04,2028-03-06,0.0000,0.07,1.75,100.0,1.75
PZCGO,ON,2024-12-04,2028-06-05,100.0000,0.07,1.769444,0.0,101.769444
RAC6O,ON,2024-04-11,2024-10-14,0.0000,0.0598,2.998192,100.0,2.998192
RAC6O,ON,2024-04-11,2025-04-11,33.0000,0.0598,2.981808,67.0,35.981808
RAC6O,ON,2024-04-11,2025-10-13,33.0000,0.0598,2.008788,34.0,35.008788
RAC6O,ON,2024-04-11,2026-04-10,34.0000,0.0598,1.013815,0.0,35.013815
RB61O,ON_TAMAR,2025-06-25,2025-09-25,0,0.0424,0.0424,100.0,0.0
RB61O,ON_TAMAR,2025-06-25,2025-12-26,0,0.0424,0.0424,100.0,0.0
RB61O,ON_TAMAR,2025-06-25,2026-03-25,0,0.0424,0.0424,100.0,0.0
RB61O,ON_TAMAR,2025-06-25,2026-06-25,0,0.0424,0.0424,100.0,0.0
RB61O,ON_TAMAR,2025-06-25,2026-09-25,50,0.0424,0.0424,50.0,50.0
RB61O,ON_TAMAR,2025-06-25,2026-12-28,50,0.0424,0.0424,0.0,50.0
RB62O,ON_FIXED_RATE,2025-06-25,2026-03-25,100,0.0275,27.6546,100.0,127.6546
RB64O,ON_TAMAR,2025-12-17,2026-03-17,0,0.0447,0.0,100.0,0.0
RB64O,ON_TAMAR,2025-12-17,2026-06-17,0,0.0447,0.0,100.0,0.0
RB64O,ON_TAMAR,2025-12-17,2026-09-17,0,0.0447,0.0,100.0,0.0
RB64O,ON_TAMAR,2025-12-17,2026-12-17,100,0.0447,0.0,0.0,100.0
RB65O,ON_FIXED_RATE,2025-12-17,2026-12-17,100,0.0269,37.511129,0.0,137.511129
RB67O,ON_TAMAR,2026-07-17,2026-10-19,0,0.045,0.0,100.0,0.0
RB67O,ON_TAMAR,2026-07-17,2027-01-18,0,0.045,0.0,100.0,0.0
RB67O,ON_TAMAR,2026-07-17,2027-04-19,33.33,0.045,0.0,66.67,33.33
RB67O,ON_TAMAR,2026-07-17,2027-07-19,33.33,0.045,0.0,33.34,33.33
RB67O,ON_TAMAR,2026-07-17,2027-10-18,33.34,0.045,0.0,0.0,33.34
RB68O,ON_FIXED_RATE,2026-07-17,2027-04-17,100,0.0215,0.0,0.0,121.27
RC1CO,ON,2025-07-31,2026-02-02,0,0.076,3.8,100.0,3.8
RC1CO,ON,2025-07-31,2026-07-31,0,0.076,3.8,100.0,3.8
RC1CO,ON,2025-07-31,2027-02-01,0,0.076,3.8,100.0,3.8
RC1CO,ON,2025-07-31,2027-08-02,0,0.076,3.8,100.0,3.8
RC1CO,ON,2025-07-31,2028-01-31,0,0.076,3.8,100.0,3.8
RC1CO,ON,2025-07-31,2028-07-31,0,0.076,3.8,100.0,3.8
RC1CO,ON,2025-07-31,2029-01-31,0,0.076,3.8,100.0,3.8
RC1CO,ON,2025-07-31,2029-07-31,0,0.076,3.8,100.0,3.8
RC1CO,ON,2025-07-31,2030-01-31,0,0.076,3.8,100.0,3.8
RC1CO,ON,2025-07-31,2030-07-31,0,0.076,3.8,100.0,3.8
RC1CO,ON,2025-07-31,2031-02-03,0,0.076,3.8,100.0,3.8
RC1CO,ON,2025-07-31,2031-07-31,33,0.076,3.8,67.0,36.8
RC1CO,ON,2025-07-31,2032-02-02,0,0.076,2.546,67.0,2.546
RC1CO,ON,2025-07-31,2032-08-02,33,0.076,2.546,34.0,35.546
RC1CO,ON,2025-07-31,2033-01-31,0,0.076,1.292,34.0,1.292
RC1CO,ON,2025-07-31,2033-08-01,34,0.076,1.292,0.0,35.292
RC2CO,ON,2025-10-06,2026-04-06,0,0.059,2.9419,100.0,2.9419
RC2CO,ON,2025-10-06,2026-10-06,100,0.059,2.9581,0.0,102.9581
RC3CO,ON_TAMAR,2025-12-15,2026-03-16,0,0.0325,0.80137,100.0,0.80137
RC3CO,ON_TAMAR,2025-12-15,2026-06-16,0,0.0325,0.819178,100.0,0.819178
RC3CO,ON_TAMAR,2025-12-15,2026-09-15,0,0.0325,0.819178,100.0,0.819178
RC3CO,ON_TAMAR,2025-12-15,2026-12-15,100,0.0325,0.810274,0.0,100.810274
RC4CO,ON_TAMAR,2026-02-25,2026-05-26,0,0.034,0.0,100.0,0.0
RC4CO,ON_TAMAR,2026-02-25,2026-08-25,0,0.034,0.0,100.0,0.0
RC4CO,ON_TAMAR,2026-02-25,2026-11-25,0,0.034,0.0,100.0,0.0
RC4CO,ON_TAMAR,2026-02-25,2027-02-25,100,0.034,0.0,0.0,100.0
RC5CO,ON,2026-05-21,2026-11-24,0,0.0525,2.689726,100.0,2.689726
RC5CO,ON,2026-05-21,2027-05-21,0,0.0525,2.560274,100.0,2.560274
RC5CO,ON,2026-05-21,2027-11-22,0,0.0525,2.660959,100.0,2.660959
RC5CO,ON,2026-05-21,2028-05-22,0,0.0525,2.617808,100.0,2.617808
RC5CO,ON,2026-05-21,2028-11-21,0,0.0525,2.632192,100.0,2.632192
RC5CO,ON,2026-05-21,2029-05-21,100,0.0525,2.603425,0.0,102.603425
RC6CO,ON_TAMAR,2026-05-21,2026-08-21,0,0.0299,0.0,100.0,0.0
RC6CO,ON_TAMAR,2026-05-21,2026-11-24,0,0.0299,0.0,100.0,0.0
RC6CO,ON_TAMAR,2026-05-21,2027-02-22,0,0.0299,0.0,100.0,0.0
RC6CO,ON_TAMAR,2026-05-21,2027-05-21,0,0.0299,0.0,100.0,0.0
RC6CO,ON_TAMAR,2026-05-21,2027-08-23,100,0.0299,0.0,0.0,100.0
RCCJO,ON,2022-11-09,2023-04-10,0.0000,0.825,3.46,100.0,3.46
RCCJO,ON,2022-11-09,2023-10-09,0.0000,0.825,4.13,100.0,4.13
RCCJO,ON,2022-11-09,2024-04-09,0.0000,0.825,4.13,100.0,4.13
RCCJO,ON,2022-11-09,2024-10-09,14.2850,0.825,4.13,85.72,18.415
RCCJO,ON,2022-11-09,2025-04-09,14.2850,0.825,3.54,71.43,17.825
RCCJO,ON,2022-11-09,2025-10-09,14.2850,0.825,2.95,57.15,17.235
RCCJO,ON,2022-11-09,2026-04-09,14.2850,0.825,2.36,42.86,16.645
RCCJO,ON,2022-11-09,2026-10-09,14.2850,0.825,1.77,28.58,16.055
RCCJO,ON,2022-11-09,2027-04-09,14.2850,0.825,1.18,14.29,15.465
RCCJO,ON,2022-11-09,2027-10-11,14.2900,0.825,0.59,0.0,14.88
RCCMO,ON,2023-05-22,2023-11-22,0,0.035,1.76,100.0,1.76
RCCMO,ON,2023-05-22,2024-05-22,0,0.035,1.75,100.0,1.75
RCCMO,ON,2023-05-22,2024-11-22,0,0.035,1.76,100.0,1.76
RCCMO,ON,2023-05-22,2025-05-22,0,0.035,1.74,100.0,1.74
RCCMO,ON,2023-05-22,2025-11-25,100,0.035,1.76,0.0,101.76
RCCQO,ON_TAMAR,2025-02-25,2025-05-26,0,0.024,0.024,100.0,0.0
RCCQO,ON_TAMAR,2025-02-25,2025-08-25,0,0.024,0.024,100.0,0.0
RCCQO,ON_TAMAR,2025-02-25,2025-11-25,0,0.024,0.024,100.0,0.0
RCCQO,ON_TAMAR,2025-02-25,2026-02-25,100,0.024,0.024,0.0,100.0
RCCRO,ON,2025-05-09,2025-11-10,0,0.0675,3.4212,100.0,3.4212
RCCRO,ON,2025-05-09,2026-05-11,0,0.0675,3.3658,100.0,3.3658
RCCRO,ON,2025-05-09,2026-11-09,0,0.0675,3.3658,100.0,3.3658
RCCRO,ON,2025-05-09,2027-05-10,100,0.0675,3.3658,0.0,103.3658
RCCTO,ON_TAMAR,2025-05-09,2025-08-11,0,0.0274,0.0274,100.0,0.0
RCCTO,ON_TAMAR,2025-05-09,2025-11-10,0,0.0274,0.0274,100.0,0.0
RCCTO,ON_TAMAR,2025-05-09,2026-02-09,0,0.0274,0.0274,100.0,0.0
RCCTO,ON_TAMAR,2025-05-09,2026-05-11,100,0.0274,0.0274,0.0,100.0
RDS1L,ON_TAMAR,2025-06-11,2025-09-11,0,0.06,0.0,100.0,0.0
RDS1L,ON_TAMAR,2025-06-11,2025-12-11,14.25,0.06,0.0,85.75,14.25
RDS1L,ON_TAMAR,2025-06-11,2026-03-11,14.25,0.06,0.0,71.5,14.25
RDS1L,ON_TAMAR,2025-06-11,2026-06-11,14.25,0.06,0.0,57.25,14.25
RDS1L,ON_TAMAR,2025-06-11,2026-09-11,14.25,0.06,0.0,43.0,14.25
RDS1L,ON_TAMAR,2025-06-11,2026-12-11,14.25,0.06,0.0,28.75,14.25
RDS1L,ON_TAMAR,2025-06-11,2027-03-11,14.25,0.06,0.0,14.5,14.25
RDS1L,ON_TAMAR,2025-06-11,2027-06-11,14.5,0.06,0.0,0.0,14.5
RI12P,ON_DOLLAR_LINKED,2023-07-20,2025-07-21,33,0.0,0.0,67.0,33.0
RI12P,ON_DOLLAR_LINKED,2023-07-20,2026-01-20,33,0.0,0.0,34.0,33.0
RI12P,ON_DOLLAR_LINKED,2023-07-20,2026-07-20,34,0.0,0.0,0.0,34.0
RIF25,SUB_SOBERANO,2017-02-24,2017-08-24,0,0.0975,4.875,100.0,4.875
RIF25,SUB_SOBERANO,2017-02-24,2018-02-26,0,0.0975,4.875,100.0,4.875
RIF25,SUB_SOBERANO,2017-02-24,2018-08-24,0,0.0975,4.875,100.0,4.875
RIF25,SUB_SOBERANO,2017-02-24,2019-02-25,0,0.0975,4.875,100.0,4.875
RIF25,SUB_SOBERANO,2017-02-24,2019-08-26,0,0.0975,4.875,100.0,4.875
RIF25,SUB_SOBERANO,2017-02-24,2020-02-24,0,0.0975,4.875,100.0,4.875
RIF25,SUB_SOBERANO,2017-02-24,2020-08-24,0,0.0,0.0,100.0,0.0
RIF25,SUB_SOBERANO,2017-02-24,2021-02-24,0,0.0,0.0,100.0,0.0
RIF25,SUB_SOBERANO,2017-02-24,2021-08-24,0,0.0,0.0,100.0,0.0
RIF25,SUB_SOBERANO,2017-02-24,2022-02-24,0,0.035,1.75,100.0,1.75
RIF25,SUB_SOBERANO,2017-02-24,2022-08-24,0,0.0475,2.375,100.0,2.375
RIF25,SUB_SOBERANO,2017-02-24,2023-02-24,0,0.0475,2.375,100.0,2.375
RIF25,SUB_SOBERANO,2017-02-24,2023-08-24,0,0.065,3.25,100.0,3.25
RIF25,SUB_SOBERANO,2017-02-24,2024-02-26,5,0.065,3.25,95.0,8.25
RIF25,SUB_SOBERANO,2017-02-24,2024-08-26,11.875,0.085,4.0375,83.125,15.9125
RIF25,SUB_SOBERANO,2017-02-24,2025-02-24,11.875,0.085,3.532813,71.25,15.407813
RIF25,SUB_SOBERANO,2017-02-24,2025-08-25,11.875,0.085,3.028125,59.375,14.903125
RIF25,SUB_SOBERANO,2017-02-24,2026-02-24,11.875,0.085,2.523438,47.5,14.398438
RIF25,SUB_SOBERANO,2017-02-24,2026-08-24,11.875,0.085,2.01875,35.625,13.89375
RIF25,SUB_SOBERANO,2017-02-24,2027-02-24,11.875,0.085,1.514063,23.75,13.389062
RIF25,SUB_SOBERANO,2017-02-24,2027-08-24,11.875,0.085,1.009375,11.875,12.884375
RIF25,SUB_SOBERANO,2017-02-24,2028-02-24,11.875,0.085,0.504688,0.0,12.379687
RND25,SUB_SOBERANO,2017-12-07,2018-06-07,0.0,0.0775,3.875,100.0,3.875
RND25,SUB_SOBERANO,2017-12-07,2018-12-07,0.0,0.0775,3.875,100.0,3.875
RND25,SUB_SOBERANO,2017-12-07,2019-06-07,0.0,0.0775,3.875,100.0,3.875
RND25,SUB_SOBERANO,2017-12-07,2019-12-09,0.0,0.0775,3.875,100.0,3.875
RND25,SUB_SOBERANO,2017-12-07,2020-12-23,0.0,0.0,0.0,100.0,0.0
RND25,SUB_SOBERANO,2017-12-07,2021-09-10,0.0,0.0275,1.9631944444444445,100.0,1.963194
RND25,SUB_SOBERANO,2017-12-07,2022-03-10,0.0,0.04875,2.4375,100.0,2.4375
RND25,SUB_SOBERANO,2017-12-07,2022-09-12,0.0,0.04875,2.4375,100.0,2.4375
RND25,SUB_SOBERANO,2017-12-07,2023-03-10,0.0,0.06625,3.3125,100.0,3.3125
RND25,SUB_SOBERANO,2017-12-07,2023-09-11,0.0,0.06625,3.3125,100.0,3.3125
RND25,SUB_SOBERANO,2017-12-07,2024-03-11,11.111111,0.06875,3.4375000000000004,88.888889,14.548611
RND25,SUB_SOBERANO,2017-12-07,2024-09-10,11.111111,0.06875,3.055555559375001,77.777778,14.166667
RND25,SUB_SOBERANO,2017-12-07,2025-03-10,11.111111,0.06875,2.67361111875,66.666667,13.784722
RND25,SUB_SOBERANO,2017-12-07,2025-09-10,11.111111,0.06875,2.291666678125,55.555556,13.402778
RND25,SUB_SOBERANO,2017-12-07,2026-03-10,11.111111,0.06875,1.9097222375,44.444445,13.020833
RND25,SUB_SOBERANO,2017-12-07,2026-09-10,11.111111,0.06875,1.527777796875,33.333334,12.638889
RND25,SUB_SOBERANO,2017-12-07,2027-03-10,11.111111,0.06875,1.14583335625,22.222223,12.256944
RND25,SUB_SOBERANO,2017-12-07,2027-09-10,11.111111,0.06875,0.763888915625,11.111112,11.875
RND25,SUB_SOBERANO,2017-12-07,2028-03-10,11.111111999999999,0.06875,0.381944475,0.0,11.493056
RUC5O,ON,2022-07-22,2023-01-23,0.0000,0.08,4.0329,100.0,4.0329
RUC5O,ON,2022-07-22,2023-07-24,0.0000,0.08,3.9671,100.0,3.9671
RUC5O,ON,2022-07-22,2024-01-22,0.0000,0.08,4.0329,100.0,4.0329
RUC5O,ON,2022-07-22,2024-07-22,100.0000,0.08,3.989,0.0,103.989
RUCAO,ON,2024-03-12,2024-09-12,0,0.0825,0.041589,100.0,4.158904
RUCAO,ON,2024-03-12,2025-03-12,0,0.0825,0.040911,100.0,4.091096
RUCAO,ON,2024-03-12,2025-09-12,0,0.0825,0.041589,100.0,4.158904
RUCAO,ON,2024-03-12,2026-03-12,100,0.0825,0.040911,0.0,104.091096
RUCDO,ON,2024-12-05,2025-06-05,0.0,0.0975,0.04875,100.0,4.875
RUCDO,ON,2024-12-05,2025-12-05,0.0,0.0975,0.04875,100.0,4.875
RUCDO,ON,2024-12-05,2026-06-05,0.0,0.0975,0.04875,100.0,4.875
RUCDO,ON,2024-12-05,2026-12-07,0.0,0.0975,0.04875,100.0,4.875
RUCDO,ON,2024-12-05,2027-06-07,0.0,0.0975,0.04875,100.0,4.875
RUCDO,ON,2024-12-05,2027-12-06,0.0,0.0975,0.04875,100.0,4.875
RUCDO,ON,2024-12-05,2028-06-05,0.0,0.0975,0.04875,100.0,4.875
RUCDO,ON,2024-12-05,2028-12-05,17.5,0.0975,0.04875,82.5,22.375
RUCDO,ON,2024-12-05,2029-06-05,0.0,0.0975,0.04021875,82.5,4.021875
RUCDO,ON,2024-12-05,2029-12-05,17.5,0.0975,0.04021875,65.0,21.521875
RUCDO,ON,2024-12-05,2030-06-05,0.0,0.0975,0.0316875,65.0,3.16875
RUCDO,ON,2024-12-05,2030-12-05,65,0.0975,0.0316875,0.0,68.16875
RUCEO,ON,2026-02-09,2026-04-30,0,0.075,1.643836,100.0,1.643836
RUCEO,ON,2026-02-09,2026-07-30,0,0.075,1.869863,100.0,1.869863
RUCEO,ON,2026-02-09,2026-10-30,0,0.075,1.890411,100.0,1.890411
RUCEO,ON,2026-02-09,2027-02-01,0,0.075,1.890411,100.0,1.890411
RUCEO,ON,2026-02-09,2027-04-30,0,0.075,1.849315,100.0,1.849315
RUCEO,ON,2026-02-09,2027-07-30,50,0.075,1.869863,50.0,51.869863
RUCEO,ON,2026-02-09,2027-11-01,50,0.075,0.945205,0.0,50.945205
RVS1O,ON_TAMAR,2025-02-27,2025-05-27,0,0.0389,0.0389,100.0,0.0
RVS1O,ON_TAMAR,2025-02-27,2025-08-27,25,0.0389,0.0389,75.0,25.0
RVS1O,ON_TAMAR,2025-02-27,2025-11-27,0,0.0389,0.0389,75.0,0.0
RVS1O,ON_TAMAR,2025-02-27,2026-02-27,25,0.0389,0.0389,50.0,25.0
RVS1O,ON_TAMAR,2025-02-27,2026-05-27,0,0.0389,0.0389,50.0,0.0
RVS1O,ON_TAMAR,2025-02-27,2026-08-27,25,0.0389,0.0389,25.0,25.0
RVS1O,ON_TAMAR,2025-02-27,2026-11-27,0,0.0389,0.0389,25.0,0.0
RVS1O,ON_TAMAR,2025-02-27,2027-03-01,25,0.0389,0.0389,0.0,25.0
RWS1L,ON_TAMAR,2026-04-21,2026-07-21,0,0.0399,0.0,100.0,0.0
RWS1L,ON_TAMAR,2026-04-21,2026-10-21,0,0.0399,0.0,100.0,0.0
RWS1L,ON_TAMAR,2026-04-21,2027-01-21,33,0.0399,0.0,67.0,33.0
RWS1L,ON_TAMAR,2026-04-21,2027-04-21,33,0.0399,0.0,34.0,33.0
RWS1L,ON_TAMAR,2026-04-21,2027-07-21,34,0.0399,0.0,0.0,34.0
RZ9AO,ON_DOLLAR_LINKED,2024-06-28,2024-09-30,0,0.05,1.287671,100.0,1.287671
RZ9AO,ON_DOLLAR_LINKED,2024-06-28,2024-12-30,0,0.05,1.246575,100.0,1.246575
RZ9AO,ON_DOLLAR_LINKED,2024-06-28,2025-03-28,0,0.05,1.205479,100.0,1.205479
RZ9AO,ON_DOLLAR_LINKED,2024-06-28,2025-06-30,0,0.05,1.287671,100.0,1.287671
RZ9AO,ON_DOLLAR_LINKED,2024-06-28,2025-09-29,0,0.05,1.246575,100.0,1.246575
RZ9AO,ON_DOLLAR_LINKED,2024-06-28,2025-12-29,25,0.05,1.246575,75.0,26.246575
RZ9AO,ON_DOLLAR_LINKED,2024-06-28,2026-03-30,0,0.05,0.934932,75.0,0.934932
RZ9AO,ON_DOLLAR_LINKED,2024-06-28,2026-06-29,75,0.05,0.934932,0.0,75.934932
RZ9BO,ON,2024-06-28,2024-09-30,0.0000,0.075,1.931507,100.0,1.931507
RZ9BO,ON,2024-06-28,2024-12-30,0.0000,0.075,1.869863,100.0,1.869863
RZ9BO,ON,2024-06-28,2025-03-28,0.0000,0.075,1.808219,100.0,1.808219
RZ9BO,ON,2024-06-28,2025-06-30,0.0000,0.075,1.931507,100.0,1.931507
RZ9BO,ON,2024-06-28,2025-09-29,0.0000,0.075,1.869863,100.0,1.869863
RZ9BO,ON,2024-06-28,2025-12-29,0.0000,0.075,1.869863,100.0,1.869863
RZ9BO,ON,2024-06-28,2026-03-30,0.0000,0.075,1.869863,100.0,1.869863
RZ9BO,ON,2024-06-28,2026-06-29,100.0000,0.075,1.869863,0.0,101.869863
RZABO,ON,2024-11-28,2025-02-28,0.0,0.08,0.020164,100.0,2.016438
RZABO,ON,2024-11-28,2025-05-28,0.0,0.08,0.019507,100.0,1.950685
RZABO,ON,2024-11-28,2025-08-28,0.0,0.08,0.020164,100.0,2.016438
RZABO,ON,2024-11-28,2025-11-28,0.0,0.08,0.020164,100.0,2.016438
RZABO,ON,2024-11-28,2026-02-27,0.0,0.08,0.019945,100.0,1.994521
RZABO,ON,2024-11-28,2026-05-28,0.0,0.08,0.019726,100.0,1.972603
RZABO,ON,2024-11-28,2026-08-28,0.0,0.08,0.020164,100.0,2.016438
RZABO,ON,2024-11-28,2026-11-30,0.0,0.08,0.020603,100.0,2.060274
RZABO,ON,2024-11-28,2027-02-26,0.0,0.08,0.019288,100.0,1.928767
RZABO,ON,2024-11-28,2027-05-28,0.0,0.08,0.019945,100.0,1.994521
RZABO,ON,2024-11-28,2027-08-30,0.0,0.08,0.020603,100.0,2.060274
RZABO,ON,2024-11-28,2027-11-29,100.0,0.08,0.019945,0.0,101.994521
RZBAO,ON_DOLLAR_LINKED,2026-06-05,2026-06-29,20,0.09,0.591781,80.0,20.591781
RZBAO,ON_DOLLAR_LINKED,2026-06-05,2027-03-03,0,0.09,4.8921,80.0,4.8921
RZBAO,ON_DOLLAR_LINKED,2026-06-05,2027-11-29,20,0.09,5.326,60.0,25.326
RZBAO,ON_DOLLAR_LINKED,2026-06-05,2028-03-03,5,0.09,1.4203,55.0,6.4203
RZBAO,ON_DOLLAR_LINKED,2026-06-05,2028-09-04,20,0.09,2.4953,35.0,22.4953
RZBAO,ON_DOLLAR_LINKED,2026-06-05,2029-01-05,5,0.09,1.5621,30.0,6.579315
RZBAO,ON_DOLLAR_LINKED,2026-06-05,2029-09-03,30,0.09,1.3611,0.0,31.3611
RZBBO,ON,2026-06-05,2026-06-29,20,0.09,0.591781,80.0,20.591781
RZBBO,ON,2026-06-05,2026-12-29,0,0.09,3.609863,80.0,3.609863
RZBBO,ON,2026-06-05,2027-06-29,20,0.09,3.590137,60.0,23.590137
RZBBO,ON,2026-06-05,2027-12-29,5,0.09,2.707397,55.0,7.707397
RZBBO,ON,2026-06-05,2028-06-29,20,0.09,2.481781,35.0,22.481781
RZBBO,ON,2026-06-05,2028-12-29,5,0.09,1.579315,30.0,6.579315
RZBBO,ON,2026-06-05,2029-06-29,30,0.09,1.346301,0.0,31.346301
RZBCO,ON,2026-06-05,2026-06-29,0,0.09,0.591781,100.0,0.591781
RZBCO,ON,2026-06-05,2026-12-29,0,0.09,4.512329,100.0,4.512329
RZBCO,ON,2026-06-05,2027-06-29,0,0.09,4.487671,100.0,4.487671
RZBCO,ON,2026-06-05,2027-12-29,0,0.09,4.512329,100.0,4.512329
RZBCO,ON,2026-06-05,2028-06-29,0,0.09,4.512329,100.0,4.512329
RZBCO,ON,2026-06-05,2028-12-29,0,0.09,4.512329,100.0,4.512329
RZBCO,ON,2026-06-05,2029-06-29,0,0.09,4.487671,100.0,4.487671
RZBCO,ON,2026-06-05,2029-09-03,100,0.09,1.627397,0.0,101.627397
RZZBO,ON,2026-06-05,2026-06-29,20,0.09,0.6,80.0,20.6
RZZBO,ON,2026-06-05,2026-12-29,0,0.09,3.6,80.0,3.6
RZZBO,ON,2026-06-05,2027-06-29,20,0.09,3.6,60.0,23.6
RZZBO,ON,2026-06-05,2027-12-29,5,0.09,2.7,55.0,7.7
RZZBO,ON,2026-06-05,2028-06-29,20,0.09,2.475,35.0,22.475
RZZBO,ON,2026-06-05,2028-12-29,5,0.09,1.575,30.0,6.575
RZZBO,ON,2026-06-05,2029-06-29,0,0.09,1.35,30.0,1.35
RZZBO,ON,2026-06-05,2029-09-03,30,0.09,0.48,0.0,30.48
S01L4,FIXED_RATE,2024-05-20,2024-07-01,100.0000,0.4957,0.0,100.0,105.6451
S10L5,FIXED_RATE,2025-06-16,2025-07-10,100,0.0258,1.886,100.0,101.886
S10N5,FIXED_RATE,2025-02-03,2025-11-10,100,0.022,0.0,100.0,122.2540544986
S11N4,FIXED_RATE,2024-08-30,2024-11-11,100.0000,0.036,9.103,100.0,109.103
S12J6,FIXED_RATE,2026-04-30,2026-06-12,100,0.021,0.0,0.0,102.952297
S12L4,FIXED_RATE,2024-05-31,2024-07-12,100.0000,0.4314,0.0,100.0,104.6095
S12S5,FIXED_RATE,2024-09-13,2025-09-12,100.0000,0.0395,58.9766,100.0,158.9766
S13D4,FIXED_RATE,2024-07-01,2024-12-13,100.0000,0.0425,0.0,100.0,125.2018
S13N6,FIXED_RATE,2026-06-30,2026-11-13,100,0.021,0.0,0.0,109.651385
S13S4,FIXED_RATE,2024-06-14,2024-09-13,100.0000,0.5316,0.0,100.0,113.1425
S14F5,FIXED_RATE,2024-09-13,2025-02-14,100.0000,0.039,21.236,100.0,121.236
S14G6,FIXED_RATE,2026-04-17,2026-08-14,100,0.02,0.0,0.0,108.029078
S14J4,FIXED_RATE,2024-05-20,2024-06-14,100.0000,0.5019,0.0,100.0,103.3461
S14M5,FIXED_RATE,2024-09-13,2025-03-14,100.0000,0.039,25.9642,100.0,125.9642
S14O4,FIXED_RATE,2024-04-15,2024-10-14,100.0000,0.6416,0.0,100.0,131.9023
S15G5,FIXED_RATE,2024-10-14,2025-08-18,100.0000,0.039,0.0,100.0,146.7943
S15S6,FIXED_RATE,2026-05-29,2026-09-15,100,0.0199,0.0,0.0,107.210377
S15Y6,FIXED_RATE,2026-03-16,2026-05-15,100,0.026,0.0,0.0,105.177572
S16A5,FIXED_RATE,2024-09-13,2025-04-16,100.0000,0.039,31.211,100.0,131.211
S16E6,FIXED_RATE,2025-08-18,2026-01-16,100,0.036,0.036,0.0,119.062
S16G4,FIXED_RATE,2024-05-31,2024-08-16,100.0000,0.4427,0.0,100.0,108.9753
S16M6,FIXED_RATE,2026-01-30,2026-03-16,100,0.0299,0.0,0.0,104.621054
S16Y5,FIXED_RATE,2024-09-13,2025-05-16,100.0000,0.0395,36.8606,100.0,136.8606
S17A6,FIXED_RATE,2025-12-15,2026-04-17,100,0.024,0.0,0.0,110.12514
S17E5,FIXED_RATE,2024-07-12,2025-01-17,100.0000,0.045,31.185,100.0,131.185
S17L6,FIXED_RATE,2026-03-30,2026-07-17,100,0.0216,0.0,0.0,107.919971
S18J5,FIXED_RATE,2024-08-16,2025-06-18,100.0000,0.0395,47.6953,100.0,147.6953
S26L4,FIXED_RATE,2024-05-20,2024-07-26,100.0000,0.4916,0.0,100.0,109.0118
S27F6,FIXED_RATE,2025-08-29,2026-02-27,100,0.0395,0.258419,0.0,125.842
S28A5,FIXED_RATE,2024-09-30,2025-04-28,100.0000,0.0395,0.0,100.0,130.8127
S28F5,FIXED_RATE,2024-04-15,2025-02-28,100.0000,0.045,0.0,100.0,158.2875034
S28N5,FIXED_RATE,2025-02-14,2025-11-28,100,0.0205,0.0,100.0,123.5610139319
S29G5,FIXED_RATE,2024-08-30,2025-08-29,100.0000,0.0388,57.7,100.0,157.7
S29N4,FIXED_RATE,2024-04-30,2024-11-29,100.0000,0.044,0.0,100.0,134.9833
S29Y6,FIXED_RATE,2025-05-30,2026-05-29,100,0.0235,0.0,100.0,132.044
S30A6,FIXED_RATE,2025-09-30,2026-04-30,100,0.0353,0.0353,0.0,127.486
S30G4,FIXED_RATE,2024-05-20,2024-08-30,100.0000,0.4766,0.0,100.0,113.2377
S30J5,FIXED_RATE,2024-08-30,2025-06-30,100.0000,0.0395,46.607,100.0,146.607
S30N6,FIXED_RATE,2025-12-15,2026-11-30,100,0.0,0.0,0.0,129.889
S30O6,FIXED_RATE,2025-10-31,2026-10-30,100,0.0,0.0,0.0,135.2782
S30S4,FIXED_RATE,2024-07-01,2024-09-30,100.0000,0.52,0.0,100.0,113.1425
S30S5,FIXED_RATE,2024-09-30,2025-09-30,100.0000,0.0398,0.0,100.0,159.7341
S30S6,FIXED_RATE,2026-03-16,2026-09-30,100,0.0253,0.0,0.0,117.535626
S30Y5,FIXED_RATE,2024-09-30,2025-05-30,100.0000,0.0395,0.0,100.0,136.3314
S31E5,FIXED_RATE,2024-03-25,2025-01-31,100.0000,0.055,0.0,100.0,172.653376
S31G6,FIXED_RATE,2025-11-10,2026-08-31,100,0.025,0.0,100.0,127.064
S31L5,FIXED_RATE,2024-09-30,2025-07-31,100.0000,0.0398,0.0,100.0,147.74
S31L6,FIXED_RATE,2026-01-30,2026-07-31,100,0.0275,0.0,0.0,117.676836
S31M5,FIXED_RATE,2024-04-30,2025-03-31,100.0000,0.041,0.0,100.0,155.5815
S31O4,FIXED_RATE,2024-09-30,2024-10-31,100,0.0375,0.0,0.0,103.75
S31O5,FIXED_RATE,2024-12-16,2025-10-31,100,0.0274,0.0,100.0,132.8205868
SA1AP,ON_TAMAR,2025-07-24,2025-10-15,0.0,0.06,0.06,100.0,0.0
SA1AP,ON_TAMAR,2025-07-24,2026-01-15,0.0,0.06,0.06,100.0,0.0
SA1AP,ON_TAMAR,2025-07-24,2026-04-15,10.0,0.06,0.06,90.0,10.0
SA1AP,ON_TAMAR,2025-07-24,2026-07-15,10.0,0.06,0.06,80.0,10.0
SA1AP,ON_TAMAR,2025-07-24,2026-10-15,15.0,0.06,0.06,65.0,15.0
SA1AP,ON_TAMAR,2025-07-24,2027-01-15,15.0,0.06,0.06,50.0,15.0
SA1AP,ON_TAMAR,2025-07-24,2027-04-15,25.0,0.06,0.06,25.0,25.0
SA1AP,ON_TAMAR,2025-07-24,2027-07-23,25.0,0.06,0.06,0.0,25.0
SA1BP,ON_TAMAR,2025-07-24,2025-10-24,0,0.07,0.0,100.0,0.0
SA1BP,ON_TAMAR,2025-07-24,2026-01-26,0,0.07,0.0,100.0,0.0
SA1BP,ON_TAMAR,2025-07-24,2026-04-24,0,0.07,0.0,100.0,0.0
SA1BP,ON_TAMAR,2025-07-24,2026-07-24,0,0.07,0.0,100.0,0.0
SA1BP,ON_TAMAR,2025-07-24,2026-10-26,2,0.07,0.0,98.0,2.0
SA1BP,ON_TAMAR,2025-07-24,2027-01-25,2,0.07,0.0,96.0,2.0
SA1BP,ON_TAMAR,2025-07-24,2027-04-26,2,0.07,0.0,94.0,2.0
SA1BP,ON_TAMAR,2025-07-24,2027-07-26,2,0.07,0.0,92.0,2.0
SA1BP,ON_TAMAR,2025-07-24,2027-10-25,5,0.07,0.0,87.0,5.0
SA1BP,ON_TAMAR,2025-07-24,2028-01-24,5,0.07,0.0,82.0,5.0
SA1BP,ON_TAMAR,2025-07-24,2028-04-24,6,0.07,0.0,76.0,6.0
SA1BP,ON_TAMAR,2025-07-24,2028-07-24,6,0.07,0.0,70.0,6.0
SA1BP,ON_TAMAR,2025-07-24,2028-10-24,6,0.07,0.0,64.0,6.0
SA1BP,ON_TAMAR,2025-07-24,2029-01-24,7,0.07,0.0,57.0,7.0
SA1BP,ON_TAMAR,2025-07-24,2029-04-24,8,0.07,0.0,49.0,8.0
SA1BP,ON_TAMAR,2025-07-24,2029-07-24,8,0.07,0.0,41.0,8.0
SA1BP,ON_TAMAR,2025-07-24,2029-10-24,8,0.07,0.0,33.0,8.0
SA1BP,ON_TAMAR,2025-07-24,2030-01-24,11,0.07,0.0,22.0,11.0
SA1BP,ON_TAMAR,2025-07-24,2030-04-24,11,0.07,0.0,11.0,11.0
SA1BP,ON_TAMAR,2025-07-24,2030-07-24,11,0.07,0.0,0.0,11.0
SA24D,SUB_SOBERANO,2016-08-25,2017-01-09,0.0,0.09125,4.5625,100.0,4.5625
SA24D,SUB_SOBERANO,2016-08-25,2017-07-07,0.0,0.09125,4.5625,100.0,4.5625
SA24D,SUB_SOBERANO,2016-08-25,2018-01-08,0.0,0.09125,4.5625,100.0,4.5625
SA24D,SUB_SOBERANO,2016-08-25,2018-07-10,0.0,0.09125,4.5625,100.0,4.5625
SA24D,SUB_SOBERANO,2016-08-25,2019-01-07,0.0,0.09125,4.5625,100.0,4.5625
SA24D,SUB_SOBERANO,2016-08-25,2019-07-10,0.0,0.09125,4.5625,100.0,4.5625
SA24D,SUB_SOBERANO,2016-08-25,2020-01-07,0.0,0.09125,4.5625,100.0,4.5625
SA24D,SUB_SOBERANO,2016-08-25,2020-07-07,0.0,0.09125,4.5625,100.0,4.5625
SA24D,SUB_SOBERANO,2016-08-25,2021-02-24,0.0,0.0,0.0,100.0,0.0
SA24D,SUB_SOBERANO,2016-08-25,2021-06-01,0.0,0.04,1.0778,100.0,1.0778
SA24D,SUB_SOBERANO,2016-08-25,2021-12-01,0.0,0.05,2.5,100.0,2.5
SA24D,SUB_SOBERANO,2016-08-25,2022-06-01,0.0,0.05,2.5,100.0,2.5
SA24D,SUB_SOBERANO,2016-08-25,2022-12-01,0.0,0.085,4.25,100.0,4.25
SA24D,SUB_SOBERANO,2016-08-25,2023-06-01,5,0.085,4.25,95.0,9.25
SA24D,SUB_SOBERANO,2016-08-25,2023-12-01,5,0.085,4.0375,90.0,9.0375
SA24D,SUB_SOBERANO,2016-08-25,2024-06-03,7.5,0.085,3.825,82.5,11.325
SA24D,SUB_SOBERANO,2016-08-25,2024-12-02,7.5,0.085,3.5063,75.0,11.0063
SA24D,SUB_SOBERANO,2016-08-25,2025-06-02,12.5,0.085,3.1875,62.5,15.6875
SA24D,SUB_SOBERANO,2016-08-25,2025-12-01,12.5,0.085,2.6563,50.0,15.1563
SA24D,SUB_SOBERANO,2016-08-25,2026-06-01,12.5,0.085,2.125,37.5,14.625
SA24D,SUB_SOBERANO,2016-08-25,2026-12-01,12.5,0.085,1.5938,25.0,14.0938
SA24D,SUB_SOBERANO,2016-08-25,2027-06-01,12.5,0.085,1.0625,12.5,13.5625
SA24D,SUB_SOBERANO,2016-08-25,2027-12-01,12.5,0.085,0.5313,0.0,13.0313
SB12L,ON_DOLLAR_LINKED,2025-07-04,2026-01-05,25.0,0.1085,5.499315068493151,75.0,30.49931506849315
SB12L,ON_DOLLAR_LINKED,2025-07-04,2026-07-06,25.0,0.1085,4.057602739726027,50.0,29.05760273972603
SB12L,ON_DOLLAR_LINKED,2025-07-04,2027-01-04,25.0,0.1085,2.705068493150685,25.0,27.705068493150684
SB12L,ON_DOLLAR_LINKED,2025-07-04,2027-07-05,25.0,0.1085,1.3525342465753425,0.0,26.352534246575345
SBC1O,ON,2025-09-05,2026-03-05,14.0,0.0875,4.339,86.0,18.339
SBC1O,ON,2025-09-05,2026-06-05,14.0,0.0875,1.8967,72.0,15.8967
SBC1O,ON,2025-09-05,2026-09-07,14.0,0.0875,1.5879,58.0,15.5879
SBC1O,ON,2025-09-05,2026-12-07,14.0,0.0875,1.2653,44.0,15.2653
SBC1O,ON,2025-09-05,2027-03-05,14.0,0.0875,0.9493,30.0,14.9493
SBC1O,ON,2025-09-05,2027-06-07,14.0,0.0875,0.6616,16.0,14.6616
SBC1O,ON,2025-09-05,2027-09-06,16.0,0.0875,0.3567,0.0,16.3567
SBC2O,ON,2026-01-16,2026-07-16,9,0.0749,3.714219,91.0,12.714219
SBC2O,ON,2026-01-16,2026-10-16,9,0.0749,1.71798,82.0,10.71798
SBC2O,ON,2026-01-16,2027-01-18,9,0.0749,1.54807,73.0,10.54807
SBC2O,ON,2026-01-16,2027-04-16,9,0.0749,1.3482,64.0,10.3482
SBC2O,ON,2026-01-16,2027-07-16,9,0.0749,1.195117,55.0,10.195117
SBC2O,ON,2026-01-16,2027-10-18,9,0.0749,1.03834,46.0,10.03834
SBC2O,ON,2026-01-16,2028-01-17,9,0.0749,0.86843,37.0,9.86843
SBC2O,ON,2026-01-16,2028-04-17,9,0.0749,0.690927,28.0,9.690927
SBC2O,ON,2026-01-16,2028-07-17,9,0.0749,0.522864,19.0,9.522864
SBC2O,ON,2026-01-16,2028-10-16,9,0.0749,0.358699,10.0,9.358699
SBC2O,ON,2026-01-16,2029-01-16,10,0.0749,0.188789,0.0,10.188789
SBC3O,ON,2026-05-26,2026-11-26,9,0.065,3.276712,91.0,12.276712
SBC3O,ON,2026-05-26,2027-02-26,9,0.065,1.490904,82.0,10.490904
SBC3O,ON,2026-05-26,2027-05-26,9,0.065,1.299644,73.0,10.299644
SBC3O,ON,2026-05-26,2027-08-26,9,0.065,1.196,64.0,10.196
SBC3O,ON,2026-05-26,2027-11-26,9,0.065,1.048548,55.0,10.048548
SBC3O,ON,2026-05-26,2028-02-28,9,0.065,0.901096,46.0,9.901096
SBC3O,ON,2026-05-26,2028-05-26,9,0.065,0.73726,37.0,9.73726
SBC3O,ON,2026-05-26,2028-08-28,9,0.065,0.606192,28.0,9.606192
SBC3O,ON,2026-05-26,2028-11-27,9,0.065,0.45874,19.0,9.45874
SBC3O,ON,2026-05-26,2029-02-26,9,0.065,0.311288,10.0,9.311288
SBC3O,ON,2026-05-26,2029-05-28,10,0.065,0.158493,0.0,10.158493
SF1AL,ON_TAMAR,2026-03-06,2026-06-08,0,0.055,0.0,100.0,0.0
SF1AL,ON_TAMAR,2026-03-06,2026-09-07,0,0.055,0.0,100.0,0.0
SF1AL,ON_TAMAR,2026-03-06,2026-12-09,10,0.055,0.0,90.0,10.0
SF1AL,ON_TAMAR,2026-03-06,2027-03-08,10,0.055,0.0,80.0,10.0
SF1AL,ON_TAMAR,2026-03-06,2027-06-07,15,0.055,0.0,65.0,15.0
SF1AL,ON_TAMAR,2026-03-06,2027-09-06,15,0.055,0.0,50.0,15.0
SF1AL,ON_TAMAR,2026-03-06,2027-12-06,25,0.055,0.0,25.0,25.0
SF1AL,ON_TAMAR,2026-03-06,2028-03-06,25,0.055,0.0,0.0,25.0
SF1BL,ON_TAMAR,2026-03-06,2026-06-16,0,0.065,0.0,100.0,0.0
SF1BL,ON_TAMAR,2026-03-06,2026-09-16,0,0.065,0.0,100.0,0.0
SF1BL,ON_TAMAR,2026-03-06,2026-12-16,0,0.065,0.0,100.0,0.0
SF1BL,ON_TAMAR,2026-03-06,2027-03-16,0,0.065,0.0,100.0,0.0
SF1BL,ON_TAMAR,2026-03-06,2027-06-16,10,0.065,0.0,90.0,10.0
SF1BL,ON_TAMAR,2026-03-06,2027-09-16,10,0.065,0.0,80.0,10.0
SF1BL,ON_TAMAR,2026-03-06,2027-12-16,10,0.065,0.0,70.0,10.0
SF1BL,ON_TAMAR,2026-03-06,2028-03-16,10,0.065,0.0,60.0,10.0
SF1BL,ON_TAMAR,2026-03-06,2028-06-16,15,0.065,0.0,45.0,15.0
SF1BL,ON_TAMAR,2026-03-06,2028-09-18,15,0.065,0.0,30.0,15.0
SF1BL,ON_TAMAR,2026-03-06,2028-12-18,15,0.065,0.0,15.0,15.0
SF1BL,ON_TAMAR,2026-03-06,2029-03-06,15,0.065,0.0,0.0,15.0
SF27D,SUB_SOBERANO,2016-11-01,2017-05-02,0,0.069,3.45,100.0,3.45
SF27D,SUB_SOBERANO,2016-11-01,2017-11-01,0,0.069,3.45,100.0,3.45
SF27D,SUB_SOBERANO,2016-11-01,2018-05-02,0,0.069,3.45,100.0,3.45
SF27D,SUB_SOBERANO,2016-11-01,2018-11-01,0,0.069,3.45,100.0,3.45
SF27D,SUB_SOBERANO,2016-11-01,2019-05-02,0,0.069,3.45,100.0,3.45
SF27D,SUB_SOBERANO,2016-11-01,2019-11-01,0,0.069,3.45,100.0,3.45
SF27D,SUB_SOBERANO,2016-11-01,2020-05-04,0,0.069,3.45,100.0,3.45
SF27D,SUB_SOBERANO,2016-11-01,2020-11-02,0,0.069,3.45,100.0,3.45
SF27D,SUB_SOBERANO,2016-11-01,2021-05-03,0,0.069,3.45,100.0,3.45
SF27D,SUB_SOBERANO,2016-11-01,2021-11-01,0,0.069,3.45,100.0,3.45
SF27D,SUB_SOBERANO,2016-11-01,2022-05-02,0,0.069,3.45,100.0,3.45
SF27D,SUB_SOBERANO,2016-11-01,2022-11-01,0,0.069,3.45,100.0,3.45
SF27D,SUB_SOBERANO,2016-11-01,2023-05-02,0,0.069,3.45,100.0,3.45
SF27D,SUB_SOBERANO,2016-11-01,2023-11-01,0,0.069,3.45,100.0,3.45
SF27D,SUB_SOBERANO,2016-11-01,2024-05-02,0,0.069,3.45,100.0,3.45
SF27D,SUB_SOBERANO,2016-11-01,2024-11-01,0,0.069,3.45,100.0,3.45
SF27D,SUB_SOBERANO,2016-11-01,2025-05-02,0,0.069,3.45,100.0,3.45
SF27D,SUB_SOBERANO,2016-11-01,2025-11-03,33.33,0.069,3.45,66.67,36.78
SF27D,SUB_SOBERANO,2016-11-01,2026-05-04,0,0.069,2.3,66.67,2.3
SF27D,SUB_SOBERANO,2016-11-01,2026-11-02,33.33,0.069,2.3,33.34,35.63
SF27D,SUB_SOBERANO,2016-11-01,2027-05-03,0,0.069,1.15,33.34,1.15
SF27D,SUB_SOBERANO,2016-11-01,2027-11-01,33.34,0.069,1.562,0.0,34.902
SFD34,SUB_SOBERANO,2025-12-11,2026-06-11,0.0,0.081,4.05,100.0,4.05
SFD34,SUB_SOBERANO,2025-12-11,2026-12-11,0.0,0.081,4.05,100.0,4.05
SFD34,SUB_SOBERANO,2025-12-11,2027-06-11,0.0,0.081,4.05,100.0,4.05
SFD34,SUB_SOBERANO,2025-12-11,2027-12-13,0.0,0.081,4.05,100.0,4.05
SFD34,SUB_SOBERANO,2025-12-11,2028-06-12,0.0,0.081,4.05,100.0,4.05
SFD34,SUB_SOBERANO,2025-12-11,2028-12-11,0.0,0.081,4.05,100.0,4.05
SFD34,SUB_SOBERANO,2025-12-11,2029-06-11,0.0,0.081,4.05,100.0,4.05
SFD34,SUB_SOBERANO,2025-12-11,2029-12-11,0.0,0.081,4.05,100.0,4.05
SFD34,SUB_SOBERANO,2025-12-11,2030-06-11,0.0,0.081,4.05,100.0,4.05
SFD34,SUB_SOBERANO,2025-12-11,2030-12-11,0.0,0.081,4.05,100.0,4.05
SFD34,SUB_SOBERANO,2025-12-11,2031-06-11,0.0,0.081,4.05,100.0,4.05
SFD34,SUB_SOBERANO,2025-12-11,2031-12-11,25.0,0.081,4.05,75.0,29.05
SFD34,SUB_SOBERANO,2025-12-11,2032-06-11,0.0,0.081,3.0375,75.0,3.0375
SFD34,SUB_SOBERANO,2025-12-11,2032-12-13,25.0,0.081,3.0375,50.0,28.0375
SFD34,SUB_SOBERANO,2025-12-11,2033-06-13,0.0,0.081,2.025,50.0,2.025
SFD34,SUB_SOBERANO,2025-12-11,2033-12-12,25.0,0.081,2.025,25.0,27.025
SFD34,SUB_SOBERANO,2025-12-11,2034-06-12,0.0,0.081,1.0125,25.0,1.0125
SFD34,SUB_SOBERANO,2025-12-11,2034-12-11,25.0,0.081,1.0125,0.0,26.0125
SFN27,SUB_SOBERANO_BADLAR,2024-11-25,2025-02-25,0,0.064,0.064,100.0,0.0
SFN27,SUB_SOBERANO_BADLAR,2024-11-25,2025-05-26,0,0.064,0.064,100.0,0.0
SFN27,SUB_SOBERANO_BADLAR,2024-11-25,2025-08-25,0,0.064,0.064,100.0,0.0
SFN27,SUB_SOBERANO_BADLAR,2024-11-25,2025-11-25,0,0.064,0.064,100.0,0.0
SFN27,SUB_SOBERANO_BADLAR,2024-11-25,2026-02-25,0,0.064,0.064,100.0,0.0
SFN27,SUB_SOBERANO_BADLAR,2024-11-25,2026-05-26,0,0.064,0.064,100.0,0.0
SFN27,SUB_SOBERANO_BADLAR,2024-11-25,2026-08-25,0,0.064,0.064,100.0,0.0
SFN27,SUB_SOBERANO_BADLAR,2024-11-25,2026-11-25,33,0.064,0.064,67.0,33.0
SFN27,SUB_SOBERANO_BADLAR,2024-11-25,2027-02-25,0,0.064,0.064,67.0,0.0
SFN27,SUB_SOBERANO_BADLAR,2024-11-25,2027-05-26,33,0.064,0.064,33.0,33.0
SFN27,SUB_SOBERANO_BADLAR,2024-11-25,2027-08-25,0,0.064,0.064,33.0,0.0
SFN27,SUB_SOBERANO_BADLAR,2024-11-25,2027-11-25,33,0.064,0.064,0.0,33.0
SIC1O,ON,2024-12-09,2025-06-09,0.0000,0.065,3.241096,100.0,3.241096
SIC1O,ON,2024-12-09,2025-12-09,0.0000,0.065,3.258904,100.0,3.258904
SIC1O,ON,2024-12-09,2026-06-09,0.0000,0.065,3.241096,100.0,3.241096
SIC1O,ON,2024-12-09,2026-12-09,100.0000,0.065,3.258904,0.0,103.258904
SIC2O,ON,2026-06-19,2026-12-21,0,0.075,3.760274,100.0,3.760274
SIC2O,ON,2026-06-19,2027-06-21,0,0.075,3.739726,100.0,3.739726
SIC2O,ON,2026-06-19,2027-12-20,0,0.075,3.760274,100.0,3.760274
SIC2O,ON,2026-06-19,2028-06-19,0,0.075,3.760274,100.0,3.760274
SIC2O,ON,2026-06-19,2028-12-19,0,0.075,3.760274,100.0,3.760274
SIC2O,ON,2026-06-19,2029-06-19,100,0.075,3.739726,0.0,103.739726
SNAAO,ON_DOLLAR_LINKED,2024-07-29,2024-10-29,0,0.07,1.764384,1.0,1.764384
SNAAO,ON_DOLLAR_LINKED,2024-07-29,2025-01-29,0,0.07,1.764384,1.0,1.764384
SNAAO,ON_DOLLAR_LINKED,2024-07-29,2025-04-29,0,0.07,1.726027,1.0,1.726027
SNAAO,ON_DOLLAR_LINKED,2024-07-29,2025-07-29,0,0.07,1.745205,1.0,1.745205
SNAAO,ON_DOLLAR_LINKED,2024-07-29,2025-10-29,0,0.07,1.764384,1.0,1.764384
SNAAO,ON_DOLLAR_LINKED,2024-07-29,2026-01-29,0,0.07,1.764384,1.0,1.764384
SNAAO,ON_DOLLAR_LINKED,2024-07-29,2026-04-29,0,0.07,1.726027,1.0,1.726027
SNAAO,ON_DOLLAR_LINKED,2024-07-29,2026-07-29,100,0.07,1.745205,0.0,101.745205
SNABO,ON,2024-07-29,2025-01-29,0,0.09,4.536986301369863,100.0,4.536986301369863
SNABO,ON,2024-07-29,2025-04-29,0,0.09,2.219178082191781,100.0,2.219178082191781
SNABO,ON,2024-07-29,2025-07-29,0,0.09,2.243835616438356,100.0,2.243835616438356
SNABO,ON,2024-07-29,2025-10-29,0,0.09,2.2684931506849315,100.0,2.2684931506849315
SNABO,ON,2024-07-29,2026-01-29,0,0.09,2.2684931506849315,100.0,2.2684931506849315
SNABO,ON,2024-07-29,2026-04-29,0,0.09,2.219178082191781,100.0,2.219178082191781
SNABO,ON,2024-07-29,2026-07-29,100,0.09,2.243835616438356,0.0,102.24383561643836
SNEAO,ON_DOLLAR_LINKED,2026-01-13,2026-01-14,15,0.0,0.0,85.0,15.0
SNEAO,ON_DOLLAR_LINKED,2026-01-13,2026-07-14,0,0.08,3.372055,85.0,3.372055
SNEAO,ON_DOLLAR_LINKED,2026-01-13,2027-01-14,0,0.08,3.427945,85.0,3.427945
SNEAO,ON_DOLLAR_LINKED,2026-01-13,2027-07-14,4.25,0.08,3.372055,80.75,7.622055
SNEAO,ON_DOLLAR_LINKED,2026-01-13,2028-01-14,4.25,0.08,3.256548,76.5,7.506548
SNEAO,ON_DOLLAR_LINKED,2026-01-13,2028-07-14,8.5,0.08,3.051616,68.0,11.551616
SNEAO,ON_DOLLAR_LINKED,2026-01-13,2029-01-15,8.5,0.08,2.75726,59.5,11.25726
SNEAO,ON_DOLLAR_LINKED,2026-01-13,2029-07-16,59.5,0.08,2.373479,0.0,61.873479
SNEBO,ON,2026-01-13,2026-01-14,15.0,0.0,0.0,85.0,15.0
SNEBO,ON,2026-01-13,2026-07-14,0.0,0.08,3.372055,85.0,3.372055
SNEBO,ON,2026-01-13,2027-01-14,0.0,0.08,3.427945,85.0,3.427945
SNEBO,ON,2026-01-13,2027-07-14,4.25,0.08,3.372055,80.75,7.622055
SNEBO,ON,2026-01-13,2028-01-14,4.25,0.08,3.256548,76.5,7.506548
SNEBO,ON,2026-01-13,2028-07-14,8.5,0.08,3.051616,68.0,11.551616
SNEBO,ON,2026-01-13,2029-01-15,8.5,0.08,2.742356,59.5,11.242356
SNEBO,ON,2026-01-13,2029-07-16,59.5,0.08,2.3865,0.0,61.8865
SNS2M,ON_TAMAR,2026-01-16,2026-03-30,0,0.07,0.0,100.0,0.0
SNS2M,ON_TAMAR,2026-01-16,2026-06-29,0,0.07,0.0,100.0,0.0
SNS2M,ON_TAMAR,2026-01-16,2026-09-28,0,0.07,0.0,100.0,0.0
SNS2M,ON_TAMAR,2026-01-16,2027-01-18,100,0.07,0.0,0.0,100.0
SNSBO,ON,2024-10-14,2025-04-14,0.0,0.095,0.0473698630136986,100.0,4.736986301369863
SNSBO,ON,2024-10-14,2025-07-14,0.0,0.095,0.0236849315068493,100.0,2.3684931506849316
SNSBO,ON,2024-10-14,2025-10-14,0.0,0.095,0.023945205479452,100.0,2.3945205479452056
SNSBO,ON,2024-10-14,2026-01-14,0.0,0.095,0.023945205479452,100.0,2.3945205479452056
SNSBO,ON,2024-10-14,2026-04-14,0.0,0.095,0.0234246575342465,100.0,2.3424657534246576
SNSBO,ON,2024-10-14,2026-07-14,0.0,0.095,0.0236849315068493,100.0,2.3684931506849316
SNSBO,ON,2024-10-14,2026-10-14,100,0.095,0.023945205479452,0.0,102.3945205479452
SNSDO,ON,2025-02-06,2025-08-06,0.0,0.095,4.710958904109589,100.0,4.710958904109589
SNSDO,ON,2025-02-06,2026-02-06,0.0,0.095,4.789041095890411,100.0,4.789041095890411
SNSDO,ON,2025-02-06,2026-08-06,0.0,0.095,4.710958904109589,100.0,4.710958904109589
SNSDO,ON,2025-02-06,2027-02-08,100.0,0.095,4.841095890410959,0.0,104.84109589041095
SPC1O,ON_DOLLAR_LINKED,2022-06-27,2022-12-27,0,0.0,0.0,100.0,0.0
SPC1O,ON_DOLLAR_LINKED,2022-06-27,2023-06-27,0,0.0,0.0,100.0,0.0
SPC1O,ON_DOLLAR_LINKED,2022-06-27,2023-12-27,0,0.0,0.0,100.0,0.0
SPC1O,ON_DOLLAR_LINKED,2022-06-27,2024-06-27,0,0.0,0.0,100.0,0.0
SPC1O,ON_DOLLAR_LINKED,2022-06-27,2024-09-27,12.5,0.04,1.091446,87.5,13.591446
SPC1O,ON_DOLLAR_LINKED,2022-06-27,2024-12-27,12.5,0.04,0.944635,75.0,13.444635
SPC1O,ON_DOLLAR_LINKED,2022-06-27,2025-03-27,12.5,0.04,0.800789,62.5,13.300789
SPC1O,ON_DOLLAR_LINKED,2022-06-27,2025-06-27,12.5,0.04,0.682154,50.0,13.182154
SPC1O,ON_DOLLAR_LINKED,2022-06-27,2025-09-29,12.5,0.04,0.545723,37.5,13.045723
SPC1O,ON_DOLLAR_LINKED,2022-06-27,2025-12-29,12.5,0.04,0.404843,25.0,12.904843
SPC1O,ON_DOLLAR_LINKED,2022-06-27,2026-03-27,12.5,0.04,0.26693,12.5,12.76693
SPC1O,ON_DOLLAR_LINKED,2022-06-27,2026-06-29,12.5,0.04,0.136431,0.0,12.636431
STCEO,ON,2024-10-04,2025-01-06,0,0.07,1.80274,100.0,1.80274
STCEO,ON,2024-10-04,2025-04-04,0,0.07,1.687671,100.0,1.687671
STCEO,ON,2024-10-04,2025-07-04,100,0.07,1.745205,0.0,101.745205
STCFO,ON,2026-02-18,2026-05-18,0,0.0825,2.011644,100.0,2.011644
STCFO,ON,2026-02-18,2026-08-18,0,0.0825,2.079452,100.0,2.079452
STCFO,ON,2026-02-18,2026-11-18,0,0.0825,2.079452,100.0,2.079452
STCFO,ON,2026-02-18,2027-02-18,100,0.0825,2.079452,0.0,102.079452
STCGO,ON_TAMAR,2026-02-18,2026-05-18,0,0.06,0.0,100.0,0.0
STCGO,ON_TAMAR,2026-02-18,2026-08-18,0,0.06,0.0,100.0,0.0
STCGO,ON_TAMAR,2026-02-18,2026-11-18,0,0.06,0.0,100.0,0.0
STCGO,ON_TAMAR,2026-02-18,2027-02-18,100,0.06,0.0,0.0,100.0
STCHO,ON_TAMAR,2026-04-21,2026-07-21,0,0.04,0.0,100.0,0.0
STCHO,ON_TAMAR,2026-04-21,2026-10-21,0,0.04,0.0,100.0,0.0
STCHO,ON_TAMAR,2026-04-21,2027-01-21,100,0.04,0.0,0.0,100.0
SXC1O,ON_TAMAR,2025-07-18,2025-10-20,0,0.0285,0.0285,100.0,0.0
SXC1O,ON_TAMAR,2025-07-18,2026-01-19,0,0.0285,0.0285,100.0,0.0
SXC1O,ON_TAMAR,2025-07-18,2026-04-20,0,0.0285,0.0285,100.0,0.0
SXC1O,ON_TAMAR,2025-07-18,2026-07-20,100,0.0285,0.0285,0.0,100.0
SXC2O,ON,2025-10-06,2026-06-01,100,0.0498,3.247233,0.0,103.247233
SXC3O,ON_TAMAR,2026-02-23,2026-05-26,0,0.035,0.0,100.0,0.0
SXC3O,ON_TAMAR,2026-02-23,2026-08-24,0,0.035,0.0,100.0,0.0
SXC3O,ON_TAMAR,2026-02-23,2026-11-24,0,0.035,0.0,100.0,0.0
SXC3O,ON_TAMAR,2026-02-23,2027-02-23,100,0.035,0.0,0.0,100.0
SXC4O,ON,2026-05-18,2026-09-01,100,0.0,0.0,0.0,100.0
SXC5O,ON_TAMAR,2026-05-18,2026-08-18,0,0.025,0.0,100.0,0.0
SXC5O,ON_TAMAR,2026-05-18,2026-11-18,100,0.025,0.0,0.0,100.0
SXC6O,ON,2026-05-18,2026-08-18,0,0.03,0.756164,100.0,0.756164
SXC6O,ON,2026-05-18,2026-11-18,0,0.03,0.756164,100.0,0.756164
SXC6O,ON,2026-05-18,2027-02-18,0,0.03,0.756164,100.0,0.756164
SXC6O,ON,2026-05-18,2027-05-18,100,0.03,0.731507,0.0,100.731507
SYS1P,ON_TAMAR,2025-06-30,2025-09-30,0,0.0575,0.0,100.0,0.0
SYS1P,ON_TAMAR,2025-06-30,2025-12-30,0,0.0575,0.0,100.0,0.0
SYS1P,ON_TAMAR,2025-06-30,2026-03-30,0,0.0575,0.0,100.0,0.0
SYS1P,ON_TAMAR,2025-06-30,2026-06-30,100,0.0575,0.0,0.0,100.0
T13F6,FIXED_RATE,2024-11-29,2026-02-13,100,0.026,0.0,100.0,144.9656661
T15D5,FIXED_RATE,2024-10-14,2025-12-15,100.0000,0.0398,0.0,100.0,170.8382
T15E7,FIXED_RATE,2025-01-31,2027-01-15,100,0.0205,0.0,100.0,161.1037734247
T17O5,FIXED_RATE,2024-10-14,2025-10-17,100.0000,0.0398,0.0,100.0,158.8723
T2V4,DOLLAR_LINKED,2023-05-19,2023-10-02,0.0000,0.005,0.1819,100.0,0.1819
T2V4,DOLLAR_LINKED,2023-05-19,2024-04-03,0.0000,0.005,0.25,100.0,0.25
T2V4,DOLLAR_LINKED,2023-05-19,2024-09-30,100.0000,0.005,0.25,0.0,100.25
T2X4,CER,2021-02-26,2021-07-26,0.0000,0.0155,0.775,100.0,0.775
T2X4,CER,2021-02-26,2022-01-26,0.0000,0.0155,0.775,100.0,0.775
T2X4,CER,2021-02-26,2022-07-26,0.0000,0.0155,0.775,100.0,0.775
T2X4,CER,2021-02-26,2023-01-26,0.0000,0.0155,0.775,100.0,0.775
T2X4,CER,2021-02-26,2023-07-26,0.0000,0.0155,0.775,100.0,0.775
T2X4,CER,2021-02-26,2024-01-26,0.0000,0.0155,0.775,100.0,0.775
T2X4,CER,2021-02-26,2024-07-26,100.0000,0.0155,0.775,0.0,100.775
T2X5,CER,2023-03-14,2024-02-14,0.0000,0.0425,2.125,100.0,2.125
T2X5,CER,2023-03-14,2024-08-14,0.0000,0.0425,2.125,100.0,2.125
T2X5,CER,2023-03-14,2025-02-14,100.0000,0.0425,2.125,0.0,102.125
T30A7,FIXED_RATE,2025-10-31,2027-04-30,100,0.0,0.0,0.0,157.3402
T30E6,FIXED_RATE,2024-12-16,2026-01-30,100,0.0265,0.0,100.0,142.222215117
T30J6,FIXED_RATE,2025-01-17,2026-06-30,100,0.0216,0.0,100.0,144.89573444
T30J7,FIXED_RATE,2026-01-16,2027-06-30,100.0,0.0258,0.0,0.0,156.037291
T31Y7,FIXED_RATE,2025-12-15,2027-05-31,100,0.0,0.0,0.0,152.1845
T3X5,CER,2023-05-31,2023-12-18,0.0000,0.045,2.25,100.0,0.0
T3X5,CER,2023-05-31,2024-06-18,0.0000,0.045,2.25,100.0,0.0
T3X5,CER,2023-05-31,2024-12-18,0.0000,0.045,2.25,100.0,0.0
T3X5,CER,2023-05-31,2025-06-18,100.0000,0.045,2.25,0.0,100.0
T4X4,CER,2023-03-14,2023-10-14,0.0000,0.04,2.0,100.0,2.0
T4X4,CER,2023-03-14,2024-04-14,0.0000,0.04,2.0,100.0,2.0
T4X4,CER,2023-03-14,2024-10-14,100.0000,0.04,2.0,0.0,102.0
T5X4,CER,2023-06-13,2023-12-13,0.0000,0.0425,2.125,100.0,2.125
T5X4,CER,2023-06-13,2024-06-13,0.0000,0.0425,2.125,100.0,2.125
T5X4,CER,2023-06-13,2024-12-13,100.0000,0.0425,2.125,0.0,102.125
T641O,ON,2025-04-29,2025-07-29,0,0.079,1.969589,100.0,1.969589
T641O,ON,2025-04-29,2025-10-29,0,0.079,1.991233,100.0,1.991233
T641O,ON,2025-04-29,2026-01-29,0,0.079,1.991233,100.0,1.991233
T641O,ON,2025-04-29,2026-04-29,0,0.079,1.947945,100.0,1.947945
T641O,ON,2025-04-29,2026-07-29,0,0.079,1.969589,100.0,1.969589
T641O,ON,2025-04-29,2026-10-29,0,0.079,1.991233,100.0,1.991233
T641O,ON,2025-04-29,2027-01-29,0,0.079,1.991233,100.0,1.991233
T641O,ON,2025-04-29,2027-04-30,100,0.079,1.969589,0.0,101.969589
T643O,ON_TAMAR,2025-04-29,2025-07-29,0,0.045,0.045,100.0,0.0
T643O,ON_TAMAR,2025-04-29,2025-10-29,0,0.045,0.045,100.0,0.0
T643O,ON_TAMAR,2025-04-29,2026-01-29,0,0.045,0.045,100.0,0.0
T643O,ON_TAMAR,2025-04-29,2026-04-30,100,0.045,0.045,0.0,100.0
T651O,ON_TAMAR,2025-08-28,2025-11-28,0,0.09,0.0,100.0,0.0
T651O,ON_TAMAR,2025-08-28,2026-03-02,0,0.09,0.0,100.0,0.0
T651O,ON_TAMAR,2025-08-28,2026-05-28,100,0.09,0.0,0.0,100.0
T652O,ON,2025-08-28,2025-11-28,0,0.074,1.865205,100.0,1.865205
T652O,ON,2025-08-28,2026-03-02,0,0.074,1.865205,100.0,1.865205
T652O,ON,2025-08-28,2026-05-28,100,0.074,1.804384,0.0,101.804384
T661O,ON_TAMAR,2025-11-26,2026-02-26,0,0.045,0.0,100.0,0.0
T661O,ON_TAMAR,2025-11-26,2026-05-26,0,0.045,0.0,100.0,0.0
T661O,ON_TAMAR,2025-11-26,2026-08-26,0,0.045,0.0,100.0,0.0
T661O,ON_TAMAR,2025-11-26,2026-11-26,0,0.045,0.0,100.0,0.0
T661O,ON_TAMAR,2025-11-26,2026-11-30,100,0.045,0.0,0.0,100.0
T662O,ON,2025-11-26,2026-02-26,0,0.065,1.6383561643835618,100.0,1.6383561643835618
T662O,ON,2025-11-26,2026-05-26,0,0.065,1.584931506849315,100.0,1.584931506849315
T662O,ON,2025-11-26,2026-08-31,100,0.065,1.727397260273973,0.0,101.72739726027396
T671O,ON_TAMAR,2026-05-22,2026-08-24,0,0.045,0.0,100.0,0.0
T671O,ON_TAMAR,2026-05-22,2026-11-24,0,0.045,0.0,100.0,0.0
T671O,ON_TAMAR,2026-05-22,2027-02-22,0,0.045,0.0,100.0,0.0
T671O,ON_TAMAR,2026-05-22,2027-05-24,100,0.045,0.0,0.0,100.0
T672O,ON,2026-05-22,2026-08-24,0,0.05,1.260274,100.0,1.260274
T672O,ON,2026-05-22,2026-11-24,0,0.05,1.260274,100.0,1.260274
T672O,ON,2026-05-22,2027-02-22,100,0.05,1.260274,0.0,101.260274
T673O,ON,2026-05-22,2027-11-22,100,0.04,6.016438,0.0,106.016438
TBC9O,ON_DOLLAR_LINKED,2023-04-03,2026-04-03,100,0.0,0.0,0.0,100.0
TC25P,CER,2018-04-27,2018-10-27,0.0000,0.04,2.0,100.0,2.0
TC25P,CER,2018-04-27,2019-04-27,0.0000,0.04,2.0,100.0,2.0
TC25P,CER,2018-04-27,2019-10-27,0.0000,0.04,2.0,100.0,2.0
TC25P,CER,2018-04-27,2020-04-27,0.0000,0.04,2.0,100.0,2.0
TC25P,CER,2018-04-27,2020-10-27,0.0000,0.04,2.0,100.0,2.0
TC25P,CER,2018-04-27,2021-04-27,0.0000,0.04,2.0,100.0,2.0
TC25P,CER,2018-04-27,2021-10-27,0.0000,0.04,2.0,100.0,2.0
TC25P,CER,2018-04-27,2022-04-27,0.0000,0.04,2.0,100.0,2.0
TC25P,CER,2018-04-27,2022-10-27,0.0000,0.04,2.0,100.0,2.0
TC25P,CER,2018-04-27,2023-04-27,0.0000,0.04,2.0,100.0,2.0
TC25P,CER,2018-04-27,2023-10-27,0.0000,0.04,2.0,100.0,2.0
TC25P,CER,2018-04-27,2024-04-27,0.0000,0.04,2.0,100.0,2.0
TC25P,CER,2018-04-27,2024-10-27,0.0000,0.04,2.0,100.0,2.0
TC25P,CER,2018-04-27,2025-04-28,100.0000,0.04,2.0,0.0,102.0
TDE25_DL,DOLLAR_LINKED,2023-06-13,2025-01-31,100.0000,0.0,0.0,0.0,100.0
TDG24_DL,DOLLAR_LINKED,2023-06-13,2024-08-30,100.0000,0.0,0.0,0.0,100.0
TDJ24_CER,CER,2023-09-18,2024-07-01,100.0000,0.0325,0.0,100.0,100.0
TDJ24_DL,DOLLAR_LINKED,2023-09-18,2024-07-01,100.0000,0.0,0.0,0.0,100.0
TDN24_DL,DOLLAR_LINKED,2023-06-13,2024-11-29,100.0000,0.0,0.0,0.0,100.0
TFN25,SUB_SOBERANO_FIXED_RATE,2025-07-25,2025-09-23,0,0.0044,7.232877,100.0,7.232877
TFN25,SUB_SOBERANO_FIXED_RATE,2025-07-25,2025-11-25,100,0.0044,7.232877,0.0,107.232877
TFS1L,ON_TAMAR,2026-03-05,2026-06-05,0,0.0199,0.0,100.0,0.0
TFS1L,ON_TAMAR,2026-03-05,2026-09-07,25,0.0199,0.0,75.0,25.0
TFS1L,ON_TAMAR,2026-03-05,2026-12-09,0,0.0199,0.0,75.0,0.0
TFS1L,ON_TAMAR,2026-03-05,2027-03-05,25,0.0199,0.0,50.0,25.0
TFS1L,ON_TAMAR,2026-03-05,2027-06-07,0,0.0199,0.0,50.0,0.0
TFS1L,ON_TAMAR,2026-03-05,2027-09-06,25,0.0199,0.0,25.0,25.0
TFS1L,ON_TAMAR,2026-03-05,2027-12-06,0,0.0199,0.0,25.0,0.0
TFS1L,ON_TAMAR,2026-03-05,2028-03-06,25,0.0199,0.0,0.0,25.0
TFU27,SUB_SOBERANO,2017-04-17,2017-07-17,0.0,0.0895,2.2375,100.0,2.2375
TFU27,SUB_SOBERANO,2017-04-17,2017-10-17,0.0,0.0895,2.2375,100.0,2.2375
TFU27,SUB_SOBERANO,2017-04-17,2018-01-17,0.0,0.0895,2.2375,100.0,2.2375
TFU27,SUB_SOBERANO,2017-04-17,2018-04-17,0.0,0.0895,2.2375,100.0,2.2375
TFU27,SUB_SOBERANO,2017-04-17,2018-07-17,0.0,0.0895,2.2375,100.0,2.2375
TFU27,SUB_SOBERANO,2017-04-17,2018-10-17,0.0,0.0895,2.2375,100.0,2.2375
TFU27,SUB_SOBERANO,2017-04-17,2019-01-17,0.0,0.0895,2.2375,100.0,2.2375
TFU27,SUB_SOBERANO,2017-04-17,2019-04-17,2.5,0.0895,2.2375,97.5,4.7375
TFU27,SUB_SOBERANO,2017-04-17,2019-07-17,2.5,0.0895,2.1815624999999996,95.0,4.681562
TFU27,SUB_SOBERANO,2017-04-17,2019-10-17,2.5,0.0895,2.125625,92.5,4.625625
TFU27,SUB_SOBERANO,2017-04-17,2020-01-17,2.5,0.0895,2.0696875,90.0,4.569688
TFU27,SUB_SOBERANO,2017-04-17,2020-04-17,2.5,0.0895,2.01375,87.5,4.51375
TFU27,SUB_SOBERANO,2017-04-17,2020-07-17,2.5,0.0895,1.9578124999999995,85.0,4.457812
TFU27,SUB_SOBERANO,2017-04-17,2020-10-19,2.5,0.0895,1.901875,82.5,4.401875
TFU27,SUB_SOBERANO,2017-04-17,2021-01-18,2.5,0.0895,1.8459374999999996,80.0,4.345938
TFU27,SUB_SOBERANO,2017-04-17,2021-04-19,2.5,0.0895,1.79,77.5,4.29
TFU27,SUB_SOBERANO,2017-04-17,2021-07-19,2.5,0.0895,1.7340624999999998,75.0,4.234062
TFU27,SUB_SOBERANO,2017-04-17,2021-10-18,2.5,0.0895,1.6781249999999996,72.5,4.178125
TFU27,SUB_SOBERANO,2017-04-17,2022-01-17,2.5,0.0895,1.6221875,70.0,4.122188
TFU27,SUB_SOBERANO,2017-04-17,2022-04-18,3.0,0.0895,1.56625,67.0,4.56625
TFU27,SUB_SOBERANO,2017-04-17,2022-07-18,3.0,0.0895,1.499125,64.0,4.499125
TFU27,SUB_SOBERANO,2017-04-17,2022-10-17,3.0,0.0895,1.432,61.0,4.432
TFU27,SUB_SOBERANO,2017-04-17,2023-01-17,3.0,0.0895,1.3648749999999998,57.99999999999999,4.364875
TFU27,SUB_SOBERANO,2017-04-17,2023-04-17,3.0,0.0895,1.2977499999999995,55.00000000000001,4.29775
TFU27,SUB_SOBERANO,2017-04-17,2023-07-17,3.0,0.0895,1.230625,52.0,4.230625
TFU27,SUB_SOBERANO,2017-04-17,2023-10-17,3.0,0.0895,1.1635,49.0,4.1635
TFU27,SUB_SOBERANO,2017-04-17,2024-01-22,0.0,0.0895,1.1451027777777778,49.0,1.145103
TFU27,SUB_SOBERANO,2017-04-17,2024-04-22,0.0,0.0895,1.096375,49.0,1.096375
TFU27,SUB_SOBERANO,2017-04-17,2024-07-22,0.0,0.0895,1.096375,49.0,1.096375
TFU27,SUB_SOBERANO,2017-04-17,2024-10-21,0.0,0.0895,1.096375,49.0,1.096375
TFU27,SUB_SOBERANO,2017-04-17,2025-01-21,0.0,0.0895,1.096375,49.0,1.096375
TFU27,SUB_SOBERANO,2017-04-17,2025-04-21,1.96,0.0895,1.096375,47.04,3.056375
TFU27,SUB_SOBERANO,2017-04-17,2025-07-21,1.96,0.0895,1.05252,45.08,3.01252
TFU27,SUB_SOBERANO,2017-04-17,2025-10-21,1.96,0.0895,1.008665,43.120000000000005,2.968665
TFU27,SUB_SOBERANO,2017-04-17,2026-01-21,1.96,0.0895,0.96481,41.16,2.92481
TFU27,SUB_SOBERANO,2017-04-17,2026-04-21,2.45,0.0895,0.920955,38.71,3.370955
TFU27,SUB_SOBERANO,2017-04-17,2026-07-21,2.45,0.0895,0.86613625,36.26,3.316136
TFU27,SUB_SOBERANO,2017-04-17,2026-10-21,2.45,0.0895,0.8113174999999998,33.81,3.261318
TFU27,SUB_SOBERANO,2017-04-17,2027-01-21,2.45,0.0895,0.75649875,31.36,3.206499
TFU27,SUB_SOBERANO,2017-04-17,2027-04-21,2.45,0.0895,0.70168,28.910000000000004,3.15168
TFU27,SUB_SOBERANO,2017-04-17,2027-07-21,2.45,0.0895,0.64686125,26.46,3.096861
TFU27,SUB_SOBERANO,2017-04-17,2027-10-21,2.45,0.0895,0.5920425,24.01,3.042042
TFU27,SUB_SOBERANO,2017-04-17,2028-01-21,2.45,0.0895,0.53722375,21.56,2.987224
TFU27,SUB_SOBERANO,2017-04-17,2028-04-21,2.6950000000000003,0.0895,0.482405,18.865,3.177405
TFU27,SUB_SOBERANO,2017-04-17,2028-07-21,2.6950000000000003,0.0895,0.422104375,16.17,3.117104
TFU27,SUB_SOBERANO,2017-04-17,2028-10-23,2.6950000000000003,0.0895,0.36180375,13.475,3.056804
TFU27,SUB_SOBERANO,2017-04-17,2029-01-22,2.6950000000000003,0.0895,0.301503125,10.78,2.996503
TFU27,SUB_SOBERANO,2017-04-17,2029-04-23,2.6950000000000003,0.0895,0.2412025,8.085,2.936203
TFU27,SUB_SOBERANO,2017-04-17,2029-07-23,2.6950000000000003,0.0895,0.180901875,5.390000000000001,2.875902
TFU27,SUB_SOBERANO,2017-04-17,2029-10-22,2.6950000000000003,0.0895,0.12060125,2.6950000000000003,2.815601
TFU27,SUB_SOBERANO,2017-04-17,2030-01-21,2.6950000000000003,0.0895,0.060300625,0.0,2.755301
TLC1O,ON,2019-07-18,2020-01-20,0.0000,0.08,4.0,100.0,4.0
TLC1O,ON,2019-07-18,2020-07-20,0.0000,0.08,4.0,100.0,4.0
TLC1O,ON,2019-07-18,2021-01-18,0.0000,0.08,4.0,100.0,4.0
TLC1O,ON,2019-07-18,2021-07-19,0.0000,0.08,4.0,100.0,4.0
TLC1O,ON,2019-07-18,2022-01-18,0.0000,0.08,4.0,100.0,4.0
TLC1O,ON,2019-07-18,2022-07-18,0.0000,0.08,4.0,100.0,4.0
TLC1O,ON,2019-07-18,2023-01-18,0.0000,0.08,4.0,100.0,4.0
TLC1O,ON,2019-07-18,2023-07-18,0.0000,0.08,4.0,100.0,4.0
TLC1O,ON,2019-07-18,2024-01-18,0.0000,0.08,4.0,100.0,4.0
TLC1O,ON,2019-07-18,2024-07-18,0.0000,0.08,4.0,100.0,4.0
TLC1O,ON,2019-07-18,2025-01-20,0.0000,0.08,4.0,100.0,4.0
TLC1O,ON,2019-07-18,2025-07-18,0.0000,0.08,4.0,100.0,4.0
TLC1O,ON,2019-07-18,2026-01-19,0.0000,0.08,4.0,100.0,4.0
TLC1O,ON,2019-07-18,2026-07-20,100.0000,0.08,4.0,0.0,104.0
TLC5O,ON,2020-08-06,2021-02-08,0.000000,0.085,4.25,100.0,4.25
TLC5O,ON,2020-08-06,2021-08-06,0.000000,0.085,4.25,100.0,4.25
TLC5O,ON,2020-08-06,2022-02-07,0.000000,0.085,4.25,100.0,4.25
TLC5O,ON,2020-08-06,2022-08-08,0.000000,0.085,4.25,100.0,4.25
TLC5O,ON,2020-08-06,2023-02-06,3.000000,0.085,4.25,97.0,7.25
TLC5O,ON,2020-08-06,2023-08-07,30.000000,0.085,4.1225,67.0,34.1225
TLC5O,ON,2020-08-06,2024-02-06,0.000000,0.085,2.8475,67.0,2.8475
TLC5O,ON,2020-08-06,2024-08-06,33.000000,0.085,2.8475,34.0,35.8475
TLC5O,ON,2020-08-06,2025-02-06,0.000000,0.085,1.445,34.0,1.445
TLC5O,ON,2020-08-06,2025-08-06,34.000000,0.085,1.445,0.0,35.445
TLCFO,ON_DOLLAR_LINKED,2023-02-10,2023-05-10,0,0.01,0.243836,100.0,0.243836
TLCFO,ON_DOLLAR_LINKED,2023-02-10,2023-08-10,0,0.01,0.252055,100.0,0.252055
TLCFO,ON_DOLLAR_LINKED,2023-02-10,2023-11-10,0,0.01,0.252055,100.0,0.252055
TLCFO,ON_DOLLAR_LINKED,2023-02-10,2024-02-14,0,0.01,0.252055,100.0,0.252055
TLCFO,ON_DOLLAR_LINKED,2023-02-10,2024-05-10,0,0.01,0.246575,100.0,0.246575
TLCFO,ON_DOLLAR_LINKED,2023-02-10,2024-08-12,0,0.01,0.252055,100.0,0.252055
TLCFO,ON_DOLLAR_LINKED,2023-02-10,2024-11-11,0,0.01,0.252055,100.0,0.252055
TLCFO,ON_DOLLAR_LINKED,2023-02-10,2025-02-10,0,0.01,0.252055,100.0,0.252055
TLCFO,ON_DOLLAR_LINKED,2023-02-10,2025-05-12,0,0.01,0.243836,100.0,0.243836
TLCFO,ON_DOLLAR_LINKED,2023-02-10,2025-08-11,0,0.01,0.252055,100.0,0.252055
TLCFO,ON_DOLLAR_LINKED,2023-02-10,2025-11-10,0,0.01,0.252055,100.0,0.252055
TLCFO,ON_DOLLAR_LINKED,2023-02-10,2026-02-10,0,0.01,0.252055,100.0,0.252055
TLCFO,ON_DOLLAR_LINKED,2023-02-10,2026-05-11,0,0.01,0.243836,100.0,0.243836
TLCFO,ON_DOLLAR_LINKED,2023-02-10,2026-08-10,0,0.01,0.252055,100.0,0.252055
TLCFO,ON_DOLLAR_LINKED,2023-02-10,2026-11-10,0,0.01,0.252055,100.0,0.252055
TLCFO,ON_DOLLAR_LINKED,2023-02-10,2027-02-10,0,0.01,0.252055,100.0,0.252055
TLCFO,ON_DOLLAR_LINKED,2023-02-10,2027-05-10,0,0.01,0.243836,100.0,0.243836
TLCFO,ON_DOLLAR_LINKED,2023-02-10,2027-08-10,0,0.01,0.252055,100.0,0.252055
TLCFO,ON_DOLLAR_LINKED,2023-02-10,2027-11-10,0,0.01,0.252055,100.0,0.252055
TLCFO,ON_DOLLAR_LINKED,2023-02-10,2028-02-10,100,0.01,0.252055,0.0,100.252055
TLCGO,ON_DOLLAR_LINKED,2023-06-02,2026-06-02,100,0.0,0.0,0.0,100.0
TLCHO,ON_DOLLAR_LINKED,2023-07-21,2025-07-21,100,0.0,0.0,100.0,100.0
TLCLO,ON_DOLLAR_LINKED,2024-06-06,2024-09-06,0,0.05,1.260274,100.0,1.260274
TLCLO,ON_DOLLAR_LINKED,2024-06-06,2024-12-06,0,0.05,1.246575,100.0,1.246575
TLCLO,ON_DOLLAR_LINKED,2024-06-06,2025-03-06,0,0.05,1.232877,100.0,1.232877
TLCLO,ON_DOLLAR_LINKED,2024-06-06,2025-06-06,0,0.05,1.260274,100.0,1.260274
TLCLO,ON_DOLLAR_LINKED,2024-06-06,2025-09-08,0,0.05,1.260274,100.0,1.260274
TLCLO,ON_DOLLAR_LINKED,2024-06-06,2025-12-09,0,0.05,1.246575,100.0,1.246575
TLCLO,ON_DOLLAR_LINKED,2024-06-06,2026-03-06,0,0.05,1.232877,100.0,1.232877
TLCLO,ON_DOLLAR_LINKED,2024-06-06,2026-06-08,100,0.05,1.287671,0.0,101.287671
TLCMO,ON,2024-07-18,2025-01-20,0.0,0.095,0.0475,100.0,4.75
TLCMO,ON,2024-07-18,2025-07-18,0.0,0.095,0.0475,100.0,4.75
TLCMO,ON,2024-07-18,2026-01-19,0.0,0.095,0.0475,100.0,4.75
TLCMO,ON,2024-07-18,2026-07-20,0.0,0.095,0.0475,100.0,4.75
TLCMO,ON,2024-07-18,2027-01-18,0.0,0.095,0.0475,100.0,4.75
TLCMO,ON,2024-07-18,2027-07-19,0.0,0.095,0.0475,100.0,4.75
TLCMO,ON,2024-07-18,2028-01-18,0.0,0.095,0.0475,100.0,4.75
TLCMO,ON,2024-07-18,2028-07-18,0.0,0.095,0.0475,100.0,4.75
TLCMO,ON,2024-07-18,2029-01-18,0.0,0.095,0.0475,100.0,4.75
TLCMO,ON,2024-07-18,2029-07-18,33.0,0.095,0.0475,67.0,37.75
TLCMO,ON,2024-07-18,2030-01-18,0.0,0.095,0.031825,67.0,3.1825
TLCMO,ON,2024-07-18,2030-07-18,33.0,0.095,0.031825,34.0,36.1825
TLCMO,ON,2024-07-18,2031-01-20,0.0,0.095,0.01615,34.0,1.615
TLCMO,ON,2024-07-18,2031-07-18,34.0,0.095,0.01615,0.0,35.615
TLCOO,ON,2024-11-28,2025-05-28,0,0.07,0.034712,100.0,3.471233
TLCOO,ON,2024-11-28,2025-11-28,0,0.07,0.035288,100.0,3.528767
TLCOO,ON,2024-11-28,2026-05-28,0,0.07,0.034712,100.0,3.471233
TLCOO,ON,2024-11-28,2026-11-30,0,0.07,0.035288,100.0,3.528767
TLCOO,ON,2024-11-28,2027-05-28,0,0.07,0.034712,100.0,3.471233
TLCOO,ON,2024-11-28,2027-11-29,0,0.07,0.035288,100.0,3.528767
TLCOO,ON,2024-11-28,2028-05-29,0,0.07,0.034904,100.0,3.490411
TLCOO,ON,2024-11-28,2028-11-28,100,0.07,0.035288,0.0,103.528767
TLCPO,ON,2025-05-28,2025-11-28,0.0000,0.0925,4.625,100.0,4.625
TLCPO,ON,2025-05-28,2026-05-28,0.0000,0.0925,4.625,100.0,4.625
TLCPO,ON,2025-05-28,2026-11-30,0.0000,0.0925,4.625,100.0,4.625
TLCPO,ON,2025-05-28,2027-05-28,0.0000,0.0925,4.625,100.0,4.625
TLCPO,ON,2025-05-28,2027-11-29,0.0000,0.0925,4.625,100.0,4.625
TLCPO,ON,2025-05-28,2028-05-29,0.0000,0.0925,4.625,100.0,4.625
TLCPO,ON,2025-05-28,2028-11-28,0.0000,0.0925,4.625,100.0,4.625
TLCPO,ON,2025-05-28,2029-05-28,0.0000,0.0925,4.625,100.0,4.625
TLCPO,ON,2025-05-28,2029-11-28,0.0000,0.0925,4.625,100.0,4.625
TLCPO,ON,2025-05-28,2030-05-28,0.0000,0.0925,4.625,100.0,4.625
TLCPO,ON,2025-05-28,2030-11-28,0.0000,0.0925,4.625,100.0,4.625
TLCPO,ON,2025-05-28,2031-05-28,0.0000,0.0925,4.625,100.0,4.625
TLCPO,ON,2025-05-28,2031-11-28,0.0000,0.0925,4.625,100.0,4.625
TLCPO,ON,2025-05-28,2032-05-28,50.0000,0.0925,4.625,50.0,54.625
TLCPO,ON,2025-05-28,2032-11-29,0.0000,0.0925,2.3125,50.0,2.3125
TLCPO,ON,2025-05-28,2033-05-30,50.0000,0.0925,2.3125,0.0,52.3125
TLCQO,ON,2025-07-02,2025-10-02,0.00,0.075,1.89,100.0,1.89
TLCQO,ON,2025-07-02,2026-01-02,0.00,0.075,1.89,100.0,1.89
TLCQO,ON,2025-07-02,2026-04-03,0.00,0.075,1.85,100.0,1.85
TLCQO,ON,2025-07-02,2026-07-02,0.00,0.075,1.87,100.0,1.87
TLCQO,ON,2025-07-02,2026-10-02,0.00,0.075,1.89,100.0,1.89
TLCQO,ON,2025-07-02,2027-01-04,0.00,0.075,1.89,100.0,1.89
TLCQO,ON,2025-07-02,2027-04-05,0.00,0.075,1.85,100.0,1.85
TLCQO,ON,2025-07-02,2027-07-02,100.00,0.075,1.87,0.0,101.87
TLCRO,ON_TAMAR,2025-07-18,2025-10-20,0,0.04,0.04,100.0,0.0
TLCRO,ON_TAMAR,2025-07-18,2026-01-19,0,0.04,0.04,100.0,0.0
TLCRO,ON_TAMAR,2025-07-18,2026-04-20,0,0.04,0.04,100.0,0.0
TLCRO,ON_TAMAR,2025-07-18,2026-07-20,100,0.04,0.04,0.0,100.0
TLCTO,ON,2026-01-20,2026-07-20,0.0,0.085,4.25,100.0,4.25
TLCTO,ON,2026-01-20,2027-01-20,0.0,0.085,4.25,100.0,4.25
TLCTO,ON,2026-01-20,2027-07-20,0.0,0.085,4.25,100.0,4.25
TLCTO,ON,2026-01-20,2028-01-20,0.0,0.085,4.25,100.0,4.25
TLCTO,ON,2026-01-20,2028-07-20,0.0,0.085,4.25,100.0,4.25
TLCTO,ON,2026-01-20,2029-01-22,0.0,0.085,4.25,100.0,4.25
TLCTO,ON,2026-01-20,2029-07-20,0.0,0.085,4.25,100.0,4.25
TLCTO,ON,2026-01-20,2030-01-21,0.0,0.085,4.25,100.0,4.25
TLCTO,ON,2026-01-20,2030-07-22,0.0,0.085,4.25,100.0,4.25
TLCTO,ON,2026-01-20,2031-01-20,0.0,0.085,4.25,100.0,4.25
TLCTO,ON,2026-01-20,2031-07-21,0.0,0.085,4.25,100.0,4.25
TLCTO,ON,2026-01-20,2032-01-20,0.0,0.085,4.25,100.0,4.25
TLCTO,ON,2026-01-20,2032-07-20,0.0,0.085,4.25,100.0,4.25
TLCTO,ON,2026-01-20,2033-01-20,0.0,0.085,4.25,100.0,4.25
TLCTO,ON,2026-01-20,2033-07-20,0.0,0.085,4.25,100.0,4.25
TLCTO,ON,2026-01-20,2034-01-20,0.0,0.085,4.25,100.0,4.25
TLCTO,ON,2026-01-20,2034-07-20,0.0,0.085,4.25,100.0,4.25
TLCTO,ON,2026-01-20,2035-01-22,50.0,0.085,4.25,50.0,54.25
TLCTO,ON,2026-01-20,2035-07-20,0.0,0.085,2.125,50.0,2.125
TLCTO,ON,2026-01-20,2036-01-21,50.0,0.085,2.125,0.0,52.125
TLCUO,ON,2026-03-05,2026-09-07,0,0.065,3.276712,100.0,3.276712
TLCUO,ON,2026-03-05,2027-03-05,0,0.065,3.223288,100.0,3.223288
TLCUO,ON,2026-03-05,2027-09-06,0,0.065,3.276712,100.0,3.276712
TLCUO,ON,2026-03-05,2028-03-06,0,0.065,3.241096,100.0,3.241096
TLCUO,ON,2026-03-05,2028-09-05,0,0.065,3.276712,100.0,3.276712
TLCUO,ON,2026-03-05,2029-03-05,100,0.065,3.223288,0.0,103.223288
TLCVO,ON,2026-05-29,2026-08-31,0,0.035,0.882192,100.0,0.882192
TLCVO,ON,2026-05-29,2026-11-30,0,0.035,0.882192,100.0,0.882192
TLCVO,ON,2026-05-29,2027-03-01,0,0.035,0.872603,100.0,0.872603
TLCVO,ON,2026-05-29,2027-05-31,100,0.035,0.863014,0.0,100.863014
TLCWO,ON,2026-05-29,2026-11-30,0,0.0625,3.150685,100.0,3.150685
TLCWO,ON,2026-05-29,2027-05-31,0,0.0625,3.099315,100.0,3.099315
TLCWO,ON,2026-05-29,2027-11-29,0,0.0625,3.150685,100.0,3.150685
TLCWO,ON,2026-05-29,2028-05-29,0,0.0625,3.116438,100.0,3.116438
TLCWO,ON,2026-05-29,2028-11-29,0,0.0625,3.150685,100.0,3.150685
TLCWO,ON,2026-05-29,2029-05-29,0,0.0625,3.099315,100.0,3.099315
TLCWO,ON,2026-05-29,2029-11-29,0,0.0625,3.150685,100.0,3.150685
TLCWO,ON,2026-05-29,2030-05-29,100,0.0625,3.099315,0.0,103.099315
TMF27,TAMAR,2026-02-13,2027-02-26,100,0.065,0.0,0.0,100.0
TMF28,TAMAR,2026-04-20,2028-02-25,100,0.065,0.0,0.0,100.0
TMG27,TAMAR,2026-04-01,2027-08-31,100,0.06,0.0,0.0,100.0
TMG28,TAMAR,2026-04-30,2028-08-31,100,0.069,0.0,0.0,100.0
TML27,TAMAR,2026-06-30,2027-07-30,100,0.054,0.0,0.0,100.0
TN63O,ON,2024-11-26,2025-02-28,0.0000,0.0625,1.609589,100.0,1.609589
TN63O,ON,2024-11-26,2025-05-30,0.0000,0.0625,1.558219,100.0,1.558219
TN63O,ON,2024-11-26,2025-08-29,50.0000,0.0625,1.558219,50.0,51.558219
TN63O,ON,2024-11-26,2025-11-28,50.0000,0.0625,0.77911,0.0,50.77911
TO1AL,ON_TAMAR,2026-03-05,2026-06-16,0,0.055,0.0,100.0,0.0
TO1AL,ON_TAMAR,2026-03-05,2026-09-16,0,0.055,0.0,100.0,0.0
TO1AL,ON_TAMAR,2026-03-05,2026-12-16,10,0.055,0.0,90.0,10.0
TO1AL,ON_TAMAR,2026-03-05,2027-03-16,10,0.055,0.0,80.0,10.0
TO1AL,ON_TAMAR,2026-03-05,2027-06-16,15,0.055,0.0,65.0,15.0
TO1AL,ON_TAMAR,2026-03-05,2027-09-16,15,0.055,0.0,50.0,15.0
TO1AL,ON_TAMAR,2026-03-05,2027-12-16,25,0.055,0.0,25.0,25.0
TO1AL,ON_TAMAR,2026-03-05,2028-03-06,25,0.055,0.0,0.0,25.0
TO1BL,ON_TAMAR,2026-03-05,2026-06-16,0,0.065,0.0,100.0,0.0
TO1BL,ON_TAMAR,2026-03-05,2026-09-16,0,0.065,0.0,100.0,0.0
TO1BL,ON_TAMAR,2026-03-05,2026-12-16,0,0.065,0.0,100.0,0.0
TO1BL,ON_TAMAR,2026-03-05,2027-03-16,0,0.065,0.0,100.0,0.0
TO1BL,ON_TAMAR,2026-03-05,2027-06-16,10,0.065,0.0,90.0,10.0
TO1BL,ON_TAMAR,2026-03-05,2027-09-16,10,0.065,0.0,80.0,10.0
TO1BL,ON_TAMAR,2026-03-05,2027-12-16,10,0.065,0.0,70.0,10.0
TO1BL,ON_TAMAR,2026-03-05,2028-03-16,10,0.065,0.0,60.0,10.0
TO1BL,ON_TAMAR,2026-03-05,2028-06-16,15,0.065,0.0,45.0,15.0
TO1BL,ON_TAMAR,2026-03-05,2028-09-18,15,0.065,0.0,30.0,15.0
TO1BL,ON_TAMAR,2026-03-05,2028-12-18,15,0.065,0.0,15.0,15.0
TO1BL,ON_TAMAR,2026-03-05,2029-03-05,15,0.065,0.0,0.0,15.0
TO26,FIXED_RATE,2016-10-17,2017-04-17,0.0000,0.155,0.0775,100.0,7.75
TO26,FIXED_RATE,2016-10-17,2017-10-17,0.0000,0.155,0.0775,100.0,7.75
TO26,FIXED_RATE,2016-10-17,2018-04-17,0.0000,0.155,0.0775,100.0,7.75
TO26,FIXED_RATE,2016-10-17,2018-10-17,0.0000,0.155,0.0775,100.0,7.75
TO26,FIXED_RATE,2016-10-17,2019-04-17,0.0000,0.155,0.0775,100.0,7.75
TO26,FIXED_RATE,2016-10-17,2019-10-17,0.0000,0.155,0.0775,100.0,7.75
TO26,FIXED_RATE,2016-10-17,2020-04-17,0.0000,0.155,0.0775,100.0,7.75
TO26,FIXED_RATE,2016-10-17,2020-10-19,0.0000,0.155,0.0775,100.0,7.75
TO26,FIXED_RATE,2016-10-17,2021-04-19,0.0000,0.155,0.0775,100.0,7.75
TO26,FIXED_RATE,2016-10-17,2021-10-18,0.0000,0.155,0.0775,100.0,7.75
TO26,FIXED_RATE,2016-10-17,2022-04-18,0.0000,0.155,0.0775,100.0,7.75
TO26,FIXED_RATE,2016-10-17,2022-10-17,0.0000,0.155,0.0775,100.0,7.75
TO26,FIXED_RATE,2016-10-17,2023-04-17,0.0000,0.155,0.0775,100.0,7.75
TO26,FIXED_RATE,2016-10-17,2023-10-17,0.0000,0.155,0.0775,100.0,7.75
TO26,FIXED_RATE,2016-10-17,2024-04-17,0.0000,0.155,0.0775,100.0,7.75
TO26,FIXED_RATE,2016-10-17,2024-10-17,0.0000,0.155,0.0775,100.0,7.75
TO26,FIXED_RATE,2016-10-17,2025-04-17,0.0000,0.155,0.0775,100.0,7.75
TO26,FIXED_RATE,2016-10-17,2025-10-17,0.0000,0.155,0.0775,100.0,7.75
TO26,FIXED_RATE,2016-10-17,2026-04-17,0.0000,0.155,0.0775,100.0,7.75
TO26,FIXED_RATE,2016-10-17,2026-10-19,100.0000,0.155,0.0775,100.0,107.75
TSC3O,ON,2024-07-24,2025-01-24,0.0,0.085,4.25,100.0,4.25
TSC3O,ON,2024-07-24,2025-07-24,0.0,0.085,4.25,100.0,4.25
TSC3O,ON,2024-07-24,2026-01-26,0.0,0.085,4.25,100.0,4.25
TSC3O,ON,2024-07-24,2026-07-24,0.0,0.085,4.25,100.0,4.25
TSC3O,ON,2024-07-24,2027-01-25,0.0,0.085,4.25,100.0,4.25
TSC3O,ON,2024-07-24,2027-07-26,0.0,0.085,4.25,100.0,4.25
TSC3O,ON,2024-07-24,2028-01-24,0.0,0.085,4.25,100.0,4.25
TSC3O,ON,2024-07-24,2028-07-24,0.0,0.085,4.25,100.0,4.25
TSC3O,ON,2024-07-24,2029-01-24,0.0,0.085,4.25,100.0,4.25
TSC3O,ON,2024-07-24,2029-07-24,0.0,0.085,4.25,100.0,4.25
TSC3O,ON,2024-07-24,2030-01-24,0.0,0.085,4.25,100.0,4.25
TSC3O,ON,2024-07-24,2030-07-24,0.0,0.085,4.25,100.0,4.25
TSC3O,ON,2024-07-24,2031-01-24,0.0,0.085,4.25,100.0,4.25
TSC3O,ON,2024-07-24,2031-07-24,100.0,0.085,4.25,0.0,104.25
TSC4O,ON,2025-11-20,2026-05-20,0,0.0775,3.875,100.0,3.875
TSC4O,ON,2025-11-20,2026-11-23,0,0.0775,3.875,100.0,3.875
TSC4O,ON,2025-11-20,2027-05-20,0,0.0775,3.875,100.0,3.875
TSC4O,ON,2025-11-20,2027-11-22,0,0.0775,3.875,100.0,3.875
TSC4O,ON,2025-11-20,2028-05-22,0,0.0775,3.875,100.0,3.875
TSC4O,ON,2025-11-20,2028-11-20,0,0.0775,3.875,100.0,3.875
TSC4O,ON,2025-11-20,2029-05-21,0,0.0775,3.875,100.0,3.875
TSC4O,ON,2025-11-20,2029-11-20,0,0.0775,3.875,100.0,3.875
TSC4O,ON,2025-11-20,2030-05-20,0,0.0775,3.875,100.0,3.875
TSC4O,ON,2025-11-20,2030-11-20,0,0.0775,3.875,100.0,3.875
TSC4O,ON,2025-11-20,2031-05-20,0,0.0775,3.875,100.0,3.875
TSC4O,ON,2025-11-20,2031-11-20,0,0.0775,3.875,100.0,3.875
TSC4O,ON,2025-11-20,2032-05-20,0,0.0775,3.875,100.0,3.875
TSC4O,ON,2025-11-20,2032-11-22,0,0.0775,3.875,100.0,3.875
TSC4O,ON,2025-11-20,2033-05-20,0,0.0775,3.875,100.0,3.875
TSC4O,ON,2025-11-20,2033-11-21,0,0.0775,3.875,100.0,3.875
TSC4O,ON,2025-11-20,2034-05-22,0,0.0775,3.875,100.0,3.875
TSC4O,ON,2025-11-20,2034-11-20,0,0.0775,3.875,100.0,3.875
TSC4O,ON,2025-11-20,2035-05-21,0,0.0775,3.875,100.0,3.875
TSC4O,ON,2025-11-20,2035-11-20,100,0.0775,3.875,0.0,103.875
TTC7O,ON,2024-04-22,2024-10-22,0,0.0598,0.029982,100.0,2.998192
TTC7O,ON,2024-04-22,2025-04-22,0,0.0598,0.029818,100.0,2.981808
TTC7O,ON,2024-04-22,2025-10-22,0,0.0598,0.029982,100.0,2.998192
TTC7O,ON,2024-04-22,2026-04-22,100,0.0598,0.029818,0.0,102.981808
TTC8O,ON,2024-10-24,2025-04-24,0.0,0.05,2.4932,100.0,2.4932
TTC8O,ON,2024-10-24,2025-10-24,0.0,0.05,2.5068,100.0,2.5068
TTC8O,ON,2024-10-24,2026-04-24,0.0,0.05,2.4932,100.0,2.4932
TTC8O,ON,2024-10-24,2026-10-26,0.0,0.05,2.5068,100.0,2.5068
TTC8O,ON,2024-10-24,2027-04-26,0.0,0.05,2.4932,100.0,2.4932
TTC8O,ON,2024-10-24,2027-10-25,100.0,0.05,2.5205,100.0,102.5205
TTC9O,ON,2024-10-24,2025-04-24,0,0.068,0.033907,100.0,3.390685
TTC9O,ON,2024-10-24,2025-10-24,0,0.068,0.034093,100.0,3.409315
TTC9O,ON,2024-10-24,2026-04-24,0,0.068,0.033907,100.0,3.390685
TTC9O,ON,2024-10-24,2026-10-26,0,0.068,0.034093,100.0,3.409315
TTC9O,ON,2024-10-24,2027-04-26,0,0.068,0.033907,100.0,3.390685
TTC9O,ON,2024-10-24,2027-10-25,0,0.068,0.034093,100.0,3.409315
TTC9O,ON,2024-10-24,2028-04-24,0,0.068,0.034093,100.0,3.409315
TTC9O,ON,2024-10-24,2028-10-24,0,0.068,0.034093,100.0,3.409315
TTC9O,ON,2024-10-24,2029-04-24,0,0.068,0.033907,100.0,3.390685
TTC9O,ON,2024-10-24,2029-10-24,100,0.068,0.034093,0.0,103.409315
TTCAO,ON,2025-01-22,2025-07-22,0.0,0.07625,3.8125,100.0,3.8125
TTCAO,ON,2025-01-22,2026-01-22,0.0,0.07625,3.8125,100.0,3.8125
TTCAO,ON,2025-01-22,2026-07-22,0.0,0.07625,3.8125,100.0,3.8125
TTCAO,ON,2025-01-22,2027-01-22,0.0,0.07625,3.8125,100.0,3.8125
TTCAO,ON,2025-01-22,2027-07-22,0.0,0.07625,3.8125,100.0,3.8125
TTCAO,ON,2025-01-22,2028-01-24,0.0,0.07625,3.8125,100.0,3.8125
TTCAO,ON,2025-01-22,2028-07-24,0.0,0.07625,3.8125,100.0,3.8125
TTCAO,ON,2025-01-22,2029-01-22,0.0,0.07625,3.8125,100.0,3.8125
TTCAO,ON,2025-01-22,2029-07-23,0.0,0.07625,3.8125,100.0,3.8125
TTCAO,ON,2025-01-22,2030-01-22,0.0,0.07625,3.8125,100.0,3.8125
TTCAO,ON,2025-01-22,2030-07-22,0.0,0.07625,3.8125,100.0,3.8125
TTCAO,ON,2025-01-22,2031-01-22,33.0,0.07625,3.8125,100.0,36.8125
TTCAO,ON,2025-01-22,2031-07-22,0.0,0.07625,2.5544,100.0,2.5544
TTCAO,ON,2025-01-22,2032-01-22,33.0,0.07625,2.5544,100.0,35.5544
TTCAO,ON,2025-01-22,2032-07-22,0.0,0.07625,1.2962,100.0,1.2962
TTCAO,ON,2025-01-22,2033-01-24,34.0,0.07625,1.2962,100.0,35.2962
TTCBO,ON,2025-10-16,2026-04-16,0,0.065,3.241096,1.0,3.241096
TTCBO,ON,2025-10-16,2026-10-16,0,0.065,3.258904,1.0,3.258904
TTCBO,ON,2025-10-16,2027-04-16,0,0.065,3.241096,1.0,3.241096
TTCBO,ON,2025-10-16,2027-10-18,100,0.065,3.294521,0.0,103.294521
TTCDO,ON,2025-11-03,2026-05-04,0,0.07625,3.8125,100.0,3.8125
TTCDO,ON,2025-11-03,2026-11-03,0,0.07625,3.8125,100.0,3.8125
TTCDO,ON,2025-11-03,2027-05-03,0,0.07625,3.8125,100.0,3.8125
TTCDO,ON,2025-11-03,2027-11-03,0,0.07625,3.8125,100.0,3.8125
TTCDO,ON,2025-11-03,2028-05-03,0,0.07625,3.8125,100.0,3.8125
TTCDO,ON,2025-11-03,2028-11-03,0,0.07625,3.8125,100.0,3.8125
TTCDO,ON,2025-11-03,2029-05-03,0,0.07625,3.8125,100.0,3.8125
TTCDO,ON,2025-11-03,2029-11-05,0,0.07625,3.8125,100.0,3.8125
TTCDO,ON,2025-11-03,2030-05-03,0,0.07625,3.8125,100.0,3.8125
TTCDO,ON,2025-11-03,2030-11-04,100,0.07625,3.8125,0.0,103.8125
TTCEO,ON,2026-05-21,2026-11-24,0,0.055,2.772603,100.0,2.772603
TTCEO,ON,2026-05-21,2027-05-21,0,0.055,2.727397,100.0,2.727397
TTCEO,ON,2026-05-21,2027-11-22,0,0.055,2.772603,100.0,2.772603
TTCEO,ON,2026-05-21,2028-05-22,0,0.055,2.742466,100.0,2.742466
TTCEO,ON,2026-05-21,2028-11-21,0,0.055,2.772603,100.0,2.772603
TTCEO,ON,2026-05-21,2029-05-21,100,0.055,2.727397,0.0,102.727397
TTD26,FIXED_RATE,2025-01-29,2026-12-15,100,0.0225,0.0,100.0,161.14366343
TTJ26,FIXED_RATE,2025-01-29,2026-06-30,100,0.0225,0.0,100.0,144.62933818
TTM26,FIXED_RATE,2025-01-29,2026-03-16,100,0.0225,0.0,100.0,135.2380799704
TTS26,FIXED_RATE,2025-01-29,2026-09-15,100,0.0225,0.0,100.0,152.0950751532
TV24,DOLLAR_LINKED,2022-04-18,2022-10-31,0.0,0.004,0.213333,100.0,0.213333
TV24,DOLLAR_LINKED,2022-04-18,2023-05-02,0.0,0.004,0.2,100.0,0.2
TV24,DOLLAR_LINKED,2022-04-18,2023-10-30,0.0,0.004,0.2,100.0,0.2
TV24,DOLLAR_LINKED,2022-04-18,2024-04-30,100.0,0.004,0.2,0.0,100.2
TV25,DOLLAR_LINKED,2023-09-18,2024-03-31,0.0000,0.005,0.25,100.0,0.25
TV25,DOLLAR_LINKED,2023-09-18,2024-09-30,0.0000,0.005,0.25,100.0,0.25
TV25,DOLLAR_LINKED,2023-09-18,2025-03-31,100.0000,0.005,0.25,0.0,100.25
TX25,CER,2022-05-23,2022-11-09,0.0000,0.018,0.9,100.0,0.9
TX25,CER,2022-05-23,2023-05-09,0.0000,0.018,0.9,100.0,0.9
TX25,CER,2022-05-23,2023-11-09,0.0000,0.018,0.9,100.0,0.9
TX25,CER,2022-05-23,2024-05-09,0.0000,0.018,0.9,100.0,0.9
TX25,CER,2022-05-23,2024-11-09,0.0000,0.018,0.9,100.0,0.9
TX25,CER,2022-05-23,2025-05-09,0.0000,0.018,0.9,100.0,0.9
TX25,CER,2022-05-23,2025-11-10,100.0000,0.018,0.9,0.0,100.9
TX26,CER,2020-09-04,2021-05-10,0.0000,0.02,1.0,100.0,1.0
TX26,CER,2020-09-04,2021-11-09,0.0000,0.02,1.0,100.0,1.0
TX26,CER,2020-09-04,2022-05-09,0.0000,0.02,1.0,100.0,1.0
TX26,CER,2020-09-04,2022-11-09,0.0000,0.02,1.0,100.0,1.0
TX26,CER,2020-09-04,2023-05-09,0.0000,0.02,1.0,100.0,1.0
TX26,CER,2020-09-04,2023-11-09,0.0000,0.02,1.0,100.0,1.0
TX26,CER,2020-09-04,2024-05-09,0.0000,0.02,1.0,100.0,1.0
TX26,CER,2020-09-04,2024-11-11,20.0000,0.02,1.0,80.0,21.0
TX26,CER,2020-09-04,2025-05-09,20.0000,0.02,0.8,60.0,20.8
TX26,CER,2020-09-04,2025-11-10,20.0000,0.02,0.6,40.0,20.6
TX26,CER,2020-09-04,2026-05-11,20.0000,0.02,0.4,20.0,20.4
TX26,CER,2020-09-04,2026-11-09,20.0000,0.02,0.2,0.0,20.2
TX28,CER,2020-09-04,2021-05-10,0.0000,0.0225,1.125,100.0,1.125
TX28,CER,2020-09-04,2021-11-09,0.0000,0.0225,1.125,100.0,1.125
TX28,CER,2020-09-04,2022-05-09,0.0000,0.0225,1.125,100.0,1.125
TX28,CER,2020-09-04,2022-11-09,0.0000,0.0225,1.125,100.0,1.125
TX28,CER,2020-09-04,2023-05-09,0.0000,0.0225,1.125,100.0,1.125
TX28,CER,2020-09-04,2023-11-09,0.0000,0.0225,1.125,100.0,1.125
TX28,CER,2020-09-04,2024-05-09,10.0000,0.0225,1.125,90.0,11.125
TX28,CER,2020-09-04,2024-11-11,10.0000,0.0225,1.0125,80.0,11.0125
TX28,CER,2020-09-04,2025-05-09,10.0000,0.0225,0.9,70.0,10.9
TX28,CER,2020-09-04,2025-11-10,10.0000,0.0225,0.7875,60.0,10.7875
TX28,CER,2020-09-04,2026-05-11,10.0000,0.0225,0.675,50.0,10.675
TX28,CER,2020-09-04,2026-11-09,10.0000,0.0225,0.5625,40.0,10.5625
TX28,CER,2020-09-04,2027-05-10,10.0000,0.0225,0.45,30.0,10.45
TX28,CER,2020-09-04,2027-11-09,10.0000,0.0225,0.3375,20.0,10.3375
TX28,CER,2020-09-04,2028-05-09,10.0000,0.0225,0.225,10.0,10.225
TX28,CER,2020-09-04,2028-11-09,10.0000,0.0225,0.1125,0.0,10.1125
TX31,CER,2022-05-31,2022-11-30,0.0000,0.025,1.25,100.0,1.25
TX31,CER,2022-05-31,2023-05-30,0.0000,0.025,1.25,100.0,1.25
TX31,CER,2022-05-31,2023-11-30,0.0000,0.025,1.25,100.0,1.25
TX31,CER,2022-05-31,2024-05-30,0.0000,0.025,1.25,100.0,1.25
TX31,CER,2022-05-31,2024-12-02,0.0000,0.025,1.25,100.0,1.25
TX31,CER,2022-05-31,2025-05-30,0.0000,0.025,1.25,100.0,1.25
TX31,CER,2022-05-31,2025-12-01,0.0000,0.025,1.25,100.0,1.25
TX31,CER,2022-05-31,2026-06-01,0.0000,0.025,1.25,100.0,1.25
TX31,CER,2022-05-31,2026-11-30,0.0000,0.025,1.25,100.0,1.25
TX31,CER,2022-05-31,2027-05-31,10.0000,0.025,1.25,90.0,11.25
TX31,CER,2022-05-31,2027-11-30,10.0000,0.025,1.125,80.0,11.125
TX31,CER,2022-05-31,2028-05-30,10.0000,0.025,1.0,70.0,11.0
TX31,CER,2022-05-31,2028-11-30,10.0000,0.025,0.875,60.0,10.875
TX31,CER,2022-05-31,2029-05-30,10.0000,0.025,0.75,50.0,10.75
TX31,CER,2022-05-31,2029-11-30,10.0000,0.025,0.625,40.0,10.625
TX31,CER,2022-05-31,2030-05-30,10.0000,0.025,0.5,30.0,10.5
TX31,CER,2022-05-31,2030-12-02,10.0000,0.025,0.375,20.0,10.375
TX31,CER,2022-05-31,2031-05-30,10.0000,0.025,0.25,10.0,10.25
TX31,CER,2022-05-31,2031-12-01,10.0000,0.025,0.125,0.0,10.125
TXMD8,CER,2026-06-12,2028-12-15,100,0.0,0.0,0.0,100.0
TXMD9,CER,2026-06-12,2029-12-14,100,0.0,0.0,0.0,100.0
TXMJ0,CER,2026-06-12,2030-06-28,100,0.0,0.0,0.0,100.0
TXMJ8,CER,2026-05-15,2028-06-30,100,0.0,0.0,0.0,100.0
TXMJ9,CER,2026-04-30,2029-06-29,100,0.0,0.0,0.0,100.0
TY30P,FIXED_RATE,2025-06-04,2025-12-01,0,0.295,14.42222222222222,100.0,14.42222222222222
TY30P,FIXED_RATE,2025-06-04,2026-06-01,0,0.295,14.75,100.0,14.75
TY30P,FIXED_RATE,2025-06-04,2026-11-30,0,0.295,14.75,100.0,14.75
TY30P,FIXED_RATE,2025-06-04,2027-05-31,0,0.295,14.75,100.0,14.75
TY30P,FIXED_RATE,2025-06-04,2027-11-30,0,0.295,14.75,100.0,14.75
TY30P,FIXED_RATE,2025-06-04,2028-05-30,0,0.295,14.75,100.0,14.75
TY30P,FIXED_RATE,2025-06-04,2028-11-30,0,0.295,14.75,100.0,14.75
TY30P,FIXED_RATE,2025-06-04,2029-05-30,0,0.295,14.75,100.0,14.75
TY30P,FIXED_RATE,2025-06-04,2029-11-30,0,0.295,14.75,100.0,14.75
TY30P,FIXED_RATE,2025-06-04,2030-05-30,100,0.295,14.75,0.0,114.75
TY34O,ON_TAMAR,2025-05-26,2025-08-26,0,0.0375,0.0,100.0,0.0
TY34O,ON_TAMAR,2025-05-26,2025-11-26,0,0.0375,0.0,100.0,0.0
TY34O,ON_TAMAR,2025-05-26,2026-02-26,0,0.0375,0.0,100.0,0.0
TY34O,ON_TAMAR,2025-05-26,2026-05-26,0,0.0375,0.0,100.0,0.0
TY34O,ON_TAMAR,2025-05-26,2026-08-26,33.33,0.0375,0.0,66.67,33.33
TY34O,ON_TAMAR,2025-05-26,2026-11-26,33.33,0.0375,0.0,33.34,33.33
TY34O,ON_TAMAR,2025-05-26,2027-02-26,33.34,0.0375,0.0,0.0,33.34
TY35O,ON_FIXED_RATE,2025-05-26,2026-05-26,100,0.0255,35.27825,0.0,135.27825
TY36O,ON_CER,2025-05-26,2025-08-26,0.0,0.1,2.52054794520548,100.0,2.52054794520548
TY36O,ON_CER,2025-05-26,2025-11-26,0.0,0.1,2.52054794520548,100.0,2.52054794520548
TY36O,ON_CER,2025-05-26,2026-02-26,0.0,0.1,2.52054794520548,100.0,2.52054794520548
TY36O,ON_CER,2025-05-26,2026-05-26,0.0,0.1,2.4383561643835616,100.0,2.4383561643835616
TY36O,ON_CER,2025-05-26,2026-08-26,0.0,0.1,2.52054794520548,100.0,2.52054794520548
TY36O,ON_CER,2025-05-26,2026-11-26,33.33,0.1,2.52054794520548,66.67,35.85054794520548
TY36O,ON_CER,2025-05-26,2027-02-26,33.33,0.1,1.6804493150684934,33.34,35.01044931506849
TY36O,ON_CER,2025-05-26,2027-05-26,33.34,0.1,0.8129479452054795,0.0,34.15294794520549
TY37O,ON_TAMAR,2026-02-06,2026-05-06,0,0.0424,0.0,100.0,0.0
TY37O,ON_TAMAR,2026-02-06,2026-08-06,0,0.0424,0.0,100.0,0.0
TY37O,ON_TAMAR,2026-02-06,2026-11-06,0,0.0424,0.0,100.0,0.0
TY37O,ON_TAMAR,2026-02-06,2027-02-10,0,0.0424,0.0,100.0,0.0
TY37O,ON_TAMAR,2026-02-06,2027-05-06,33.33,0.0424,0.0,66.67,33.33
TY37O,ON_TAMAR,2026-02-06,2027-08-06,33.33,0.0424,0.0,33.34,33.33
TY37O,ON_TAMAR,2026-02-06,2027-11-08,33.34,0.0424,0.0,0.0,33.34
TY38O,ON_FIXED_RATE,2026-02-06,2027-03-08,100,0.027,41.389047,0.0,141.389047
TY39O,ON_TAMAR,2026-06-22,2026-09-22,0,0.038,0.0,100.0,0.0
TY39O,ON_TAMAR,2026-06-22,2026-12-22,0,0.038,0.0,100.0,0.0
TY39O,ON_TAMAR,2026-06-22,2027-03-22,0,0.038,0.0,100.0,0.0
TY39O,ON_TAMAR,2026-06-22,2027-06-22,0,0.038,0.0,100.0,0.0
TY39O,ON_TAMAR,2026-06-22,2027-09-22,33.33,0.038,0.0,66.67,33.33
TY39O,ON_TAMAR,2026-06-22,2027-12-22,33.33,0.038,0.0,33.34,33.33
TY39O,ON_TAMAR,2026-06-22,2028-03-22,33.34,0.038,0.0,0.0,33.34
TY40O,ON_FIXED_RATE,2026-06-22,2027-06-22,100,0.02,0.0,0.0,126.824179
TZV25,DOLLAR_LINKED,2024-07-01,2025-06-30,100.0000,0.0,0.0,100.0,100.0
TZV26,DOLLAR_LINKED,2024-07-12,2026-06-30,100.0000,0.0,0.0,100.0,100.0
TZV27,DOLLAR_LINKED,2026-02-27,2027-06-30,100,0.0,0.0,0.0,100.0
TZV28,DOLLAR_LINKED,2026-03-30,2028-06-30,100,0.0,0.0,0.0,100.0
TZVD5,DOLLAR_LINKED,2024-07-01,2025-12-15,100,0.0,0.0,100.0,100.0
TZVD8,DOLLAR_LINKED,2026-06-12,2028-12-15,100,0.0,0.0,0.0,100.0
TZX25,CER,2024-02-28,2025-06-30,100.0000,0.0,0.0,100.0,100.0
TZX26,CER,2024-02-01,2026-06-30,100.0000,0.0,0.0,100.0,100.0
TZX27,CER,2024-02-01,2027-06-30,100.0000,0.0,0.0,100.0,100.0
TZX28,CER,2024-02-01,2028-06-30,100.0000,0.0,0.0,100.0,100.0
TZXA7,CER,2025-11-28,2027-04-30,100,0.0,0.0,0.0,100.0
TZXD5,CER,2024-03-15,2025-12-15,100.0000,0.0,0.0,100.0,100.0
TZXD6,CER,2024-03-15,2026-12-15,100.0000,0.0,0.0,100.0,100.0
TZXD7,CER,2024-03-15,2027-12-15,100.0000,0.0,0.0,100.0,100.0
TZXD8,CER,2026-06-30,2028-12-15,100,0.0,0.0,0.0,100.0
TZXM5,CER,2024-05-20,2025-03-31,100.0000,0.0,0.0,100.0,100.0
TZXM6,CER,2024-04-30,2026-03-31,100.0000,0.0,0.0,100.0,100.0
TZXM7,CER,2024-05-20,2027-03-31,100.0000,0.0,0.0,100.0,100.0
TZXM8,CER,2026-03-31,2028-03-31,100,0.0,0.0,0.0,100.0
TZXM9,CER,2026-04-01,2029-03-28,100,0.0,0.0,0.0,100.0
TZXO5,CER,2024-10-31,2025-10-31,100,0.0,0.0,100.0,100.0
TZXO6,CER,2024-10-31,2026-10-30,100,0.0,0.0,100.0,100.0
TZXO7,CER,2026-06-30,2027-10-29,100,0.0,0.0,0.0,100.0
TZXS7,CER,2026-03-30,2027-09-30,100,0.0,0.0,0.0,100.0
TZXS8,CER,2026-03-30,2028-09-30,100,0.0,0.0,0.0,100.0
TZXY5,CER,2024-10-31,2025-05-30,100,0.0,0.0,100.0,100.0
TZXY7,CER,2025-12-15,2027-05-31,100,0.0,0.0,0.0,100.0
VAC3P,ON,2025-10-27,2026-01-27,0,0.095,2.394521,100.0,2.394521
VAC3P,ON,2025-10-27,2026-04-27,0,0.095,2.342466,100.0,2.342466
VAC3P,ON,2025-10-27,2026-07-27,0,0.095,2.368493,100.0,2.368493
VAC3P,ON,2025-10-27,2026-10-27,0,0.095,2.394521,100.0,2.394521
VAC3P,ON,2025-10-27,2027-01-27,0,0.095,2.394521,100.0,2.394521
VAC3P,ON,2025-10-27,2027-04-27,33,0.095,2.342466,67.0,35.342466
VAC3P,ON,2025-10-27,2027-07-27,33,0.095,1.58689,34.0,34.58689
VAC3P,ON,2025-10-27,2027-10-27,34,0.095,0.814137,0.0,34.814137
VBC1O,ON,2025-03-11,2025-09-11,0.0000,0.075,3.780822,100.0,3.780822
VBC1O,ON,2025-03-11,2026-03-11,0.0000,0.075,3.719178,100.0,3.719178
VBC1O,ON,2025-03-11,2026-09-11,0.0000,0.075,3.780822,100.0,3.780822
VBC1O,ON,2025-03-11,2027-03-11,100.0000,0.075,3.719178,0.0,103.719178
VBC2O,ON,2025-09-05,2026-03-05,0,0.0775,3.843151,100.0,3.843151
VBC2O,ON,2025-09-05,2026-09-07,100,0.0775,3.949315,0.0,103.949315
VBC3O,ON_TAMAR,2026-04-24,2026-10-26,100,0.03,0.0,0.0,100.0
VBC4O,ON,2026-07-14,2027-01-14,0,0.0425,2.142466,100.0,2.142466
VBC4O,ON,2026-07-14,2027-07-20,100,0.0425,2.177397,0.0,102.177397
VS1VO,ON,2025-12-10,2026-06-10,0.0,0.085,4.25,100.0,4.25
VS1VO,ON,2025-12-10,2026-12-10,0.0,0.085,4.25,100.0,4.25
VS1VO,ON,2025-12-10,2027-06-10,0.0,0.085,4.25,100.0,4.25
VS1VO,ON,2025-12-10,2027-12-10,0.0,0.085,4.25,100.0,4.25
VS1VO,ON,2025-12-10,2028-06-12,0.0,0.085,4.25,100.0,4.25
VS1VO,ON,2025-12-10,2028-12-11,0.0,0.085,4.25,100.0,4.25
VS1VO,ON,2025-12-10,2029-06-11,0.0,0.085,4.25,100.0,4.25
VS1VO,ON,2025-12-10,2029-12-10,0.0,0.085,4.25,100.0,4.25
VS1VO,ON,2025-12-10,2030-06-10,0.0,0.085,4.25,100.0,4.25
VS1VO,ON,2025-12-10,2030-12-10,0.0,0.085,4.25,100.0,4.25
VS1VO,ON,2025-12-10,2031-06-10,33.0,0.085,4.25,67.0,37.25
VS1VO,ON,2025-12-10,2031-12-10,0.0,0.085,2.8475,67.0,2.8475
VS1VO,ON,2025-12-10,2032-06-10,33.0,0.085,2.8475,34.0,35.8475
VS1VO,ON,2025-12-10,2032-12-10,0.0,0.085,1.445,34.0,1.445
VS1VO,ON,2025-12-10,2033-06-10,34.0,0.085,1.445,0.0,35.445
VSCIO,ON_DOLLAR_LINKED,2022-12-06,2025-10-30,100,0.0,0.0,0.0,100.0
VSCJO,ON_DOLLAR_LINKED,2023-03-03,2027-03-03,100.00,0.0,0.0,0.0,100.0
VSCKO,ON_DOLLAR_LINKED,2023-03-03,2023-06-05,0,0.01,0.252055,100.0,0.252055
VSCKO,ON_DOLLAR_LINKED,2023-03-03,2023-09-04,0,0.01,0.252055,100.0,0.252055
VSCKO,ON_DOLLAR_LINKED,2023-03-03,2023-12-04,0,0.01,0.249315,100.0,0.249315
VSCKO,ON_DOLLAR_LINKED,2023-03-03,2024-03-04,0,0.01,0.249315,100.0,0.249315
VSCKO,ON_DOLLAR_LINKED,2023-03-03,2024-06-03,0,0.01,0.252055,100.0,0.252055
VSCKO,ON_DOLLAR_LINKED,2023-03-03,2024-09-03,0,0.01,0.252055,100.0,0.252055
VSCKO,ON_DOLLAR_LINKED,2023-03-03,2024-12-03,0,0.01,0.249315,100.0,0.249315
VSCKO,ON_DOLLAR_LINKED,2023-03-03,2025-03-05,0,0.01,0.246575,100.0,0.246575
VSCKO,ON_DOLLAR_LINKED,2023-03-03,2025-06-03,0,0.01,0.252055,100.0,0.252055
VSCKO,ON_DOLLAR_LINKED,2023-03-03,2025-09-03,0,0.01,0.252055,100.0,0.252055
VSCKO,ON_DOLLAR_LINKED,2023-03-03,2025-12-03,0,0.01,0.249315,100.0,0.249315
VSCKO,ON_DOLLAR_LINKED,2023-03-03,2026-03-03,0,0.01,0.246575,100.0,0.246575
VSCKO,ON_DOLLAR_LINKED,2023-03-03,2026-06-03,0,0.01,0.252055,100.0,0.252055
VSCKO,ON_DOLLAR_LINKED,2023-03-03,2026-09-03,0,0.01,0.252055,100.0,0.252055
VSCKO,ON_DOLLAR_LINKED,2023-03-03,2026-12-03,0,0.01,0.249315,100.0,0.249315
VSCKO,ON_DOLLAR_LINKED,2023-03-03,2027-03-03,0,0.01,0.246575,100.0,0.246575
VSCKO,ON_DOLLAR_LINKED,2023-03-03,2027-06-03,0,0.01,0.252055,100.0,0.252055
VSCKO,ON_DOLLAR_LINKED,2023-03-03,2027-09-03,0,0.01,0.252055,100.0,0.252055
VSCKO,ON_DOLLAR_LINKED,2023-03-03,2027-12-03,0,0.01,0.249315,100.0,0.249315
VSCKO,ON_DOLLAR_LINKED,2023-03-03,2028-03-03,100,0.01,0.249315,0.0,100.249315
VSCLO,ON,2023-06-05,2023-09-05,0,0.045,1.13,100.0,1.13
VSCLO,ON,2023-06-05,2023-12-05,0,0.045,1.12,100.0,1.12
VSCLO,ON,2023-06-05,2024-03-05,0,0.045,1.12,100.0,1.12
VSCLO,ON,2023-06-05,2024-06-05,0,0.045,1.13,100.0,1.13
VSCLO,ON,2023-06-05,2024-09-05,0,0.045,1.13,100.0,1.13
VSCLO,ON,2023-06-05,2024-12-05,0,0.045,1.12,100.0,1.12
VSCLO,ON,2023-06-05,2025-03-05,0,0.045,1.11,100.0,1.11
VSCLO,ON,2023-06-05,2025-06-05,0,0.045,1.13,100.0,1.13
VSCLO,ON,2023-06-05,2025-07-21,100,0.045,0.57,0.0,100.57
VSCOO,ON,2024-06-03,2024-09-06,0.0,0.065,3.2767,100.0,3.2767
VSCOO,ON,2024-06-03,2025-03-06,0.0,0.065,3.2233,100.0,3.2233
VSCOO,ON,2024-06-03,2025-09-08,0.0,0.065,3.2767,100.0,3.2767
VSCOO,ON,2024-06-03,2026-03-06,0.0,0.065,3.2233,100.0,3.2233
VSCOO,ON,2024-06-03,2026-09-07,0.0,0.065,3.2767,100.0,3.2767
VSCOO,ON,2024-06-03,2027-03-08,100.0,0.065,3.2589,100.0,103.2589
VSCPO,ON,2024-03-05,2024-11-04,0.0,0.08,4.0329,100.0,4.0329
VSCPO,ON,2024-03-05,2025-05-05,0.0,0.08,3.9671,100.0,3.9671
VSCPO,ON,2024-03-05,2025-11-03,0.0,0.08,4.0329,100.0,4.0329
VSCPO,ON,2024-03-05,2026-05-04,0.0,0.08,3.9671,100.0,3.9671
VSCPO,ON,2024-03-05,2026-11-03,0.0,0.08,4.0329,100.0,4.0329
VSCPO,ON,2024-03-05,2027-05-03,0.0,0.08,3.9671,100.0,3.9671
VSCPO,ON,2024-03-05,2027-11-03,25.0,0.08,4.0329,100.0,29.0329
VSCPO,ON,2024-03-05,2028-05-03,25.0,0.08,2.9918,100.0,27.9918
VSCPO,ON,2024-03-05,2028-11-03,25.0,0.08,2.0164,100.0,27.0164
VSCPO,ON,2024-03-05,2029-05-03,25.0,0.08,0.9918,100.0,25.9918
VSCQO,ON_DOLLAR_LINKED,2024-07-08,2024-10-08,0.000000,0.03,0.756164,100.0,0.756164
VSCQO,ON_DOLLAR_LINKED,2024-07-08,2025-01-08,0.000000,0.03,0.756164,100.0,0.756164
VSCQO,ON_DOLLAR_LINKED,2024-07-08,2025-04-08,0.000000,0.03,0.739726,100.0,0.739726
VSCQO,ON_DOLLAR_LINKED,2024-07-08,2025-07-08,0.000000,0.03,0.747945,100.0,0.747945
VSCQO,ON_DOLLAR_LINKED,2024-07-08,2025-10-08,0.000000,0.03,0.756164,100.0,0.756164
VSCQO,ON_DOLLAR_LINKED,2024-07-08,2026-01-08,0.000000,0.03,0.756164,100.0,0.756164
VSCQO,ON_DOLLAR_LINKED,2024-07-08,2026-04-08,0.000000,0.03,0.739726,100.0,0.739726
VSCQO,ON_DOLLAR_LINKED,2024-07-08,2026-07-08,0.000000,0.03,0.747945,100.0,0.747945
VSCQO,ON_DOLLAR_LINKED,2024-07-08,2026-10-08,0.000000,0.03,0.756164,100.0,0.756164
VSCQO,ON_DOLLAR_LINKED,2024-07-08,2027-01-08,0.000000,0.03,0.756164,100.0,0.756164
VSCQO,ON_DOLLAR_LINKED,2024-07-08,2027-04-08,0.000000,0.03,0.739726,100.0,0.739726
VSCQO,ON_DOLLAR_LINKED,2024-07-08,2027-07-08,0.000000,0.03,0.747945,100.0,0.747945
VSCQO,ON_DOLLAR_LINKED,2024-07-08,2027-10-08,0.000000,0.03,0.756164,100.0,0.756164
VSCQO,ON_DOLLAR_LINKED,2024-07-08,2028-01-10,0.000000,0.03,0.756164,100.0,0.756164
VSCQO,ON_DOLLAR_LINKED,2024-07-08,2028-04-10,0.000000,0.03,0.747945,100.0,0.747945
VSCQO,ON_DOLLAR_LINKED,2024-07-08,2028-07-10,100.000000,0.03,0.764384,0.0,100.764384
VSCRO,ON,2024-10-10,2025-04-10,0.0,0.0765,0.038145205479452,100.0,3.8145205479452056
VSCRO,ON,2024-10-10,2025-10-10,0.0,0.0765,0.0383547945205479,100.0,3.835479452054795
VSCRO,ON,2024-10-10,2026-04-10,0.0,0.0765,0.038145205479452,100.0,3.8145205479452056
VSCRO,ON,2024-10-10,2026-10-13,0.0,0.0765,0.0383547945205479,100.0,3.835479452054795
VSCRO,ON,2024-10-10,2027-04-12,0.0,0.0765,0.038145205479452,100.0,3.8145205479452056
VSCRO,ON,2024-10-10,2027-10-11,0.0,0.0765,0.0383547945205479,100.0,3.835479452054795
VSCRO,ON,2024-10-10,2028-04-10,0.0,0.0765,0.0383547945205479,100.0,3.835479452054795
VSCRO,ON,2024-10-10,2028-10-10,0.0,0.0765,0.0383547945205479,100.0,3.835479452054795
VSCRO,ON,2024-10-10,2029-04-10,0.0,0.0765,0.038145205479452,100.0,3.8145205479452056
VSCRO,ON,2024-10-10,2029-10-10,33,0.0765,0.0383547945205479,67.0,36.8354794520548
VSCRO,ON,2024-10-10,2030-04-10,0.0,0.0765,0.0255572876712328,67.0,2.555728767123288
VSCRO,ON,2024-10-10,2030-10-10,33,0.0765,0.0256977123287671,34.0,35.56977123287671
VSCRO,ON,2024-10-10,2031-04-10,0.0,0.0765,0.0129693698630137,34.0,1.29693698630137
VSCRO,ON,2024-10-10,2031-10-10,34,0.0765,0.0130406301369863,0.0,35.30406301369863
VSCTO,ON,2024-12-10,2025-06-10,0.0,0.07625,0.038125,100.0,3.8125
VSCTO,ON,2024-12-10,2025-12-10,0.0,0.07625,0.038125,100.0,3.8125
VSCTO,ON,2024-12-10,2026-06-10,0.0,0.07625,0.038125,100.0,3.8125
VSCTO,ON,2024-12-10,2026-12-10,0.0,0.07625,0.038125,100.0,3.8125
VSCTO,ON,2024-12-10,2027-06-10,0.0,0.07625,0.038125,100.0,3.8125
VSCTO,ON,2024-12-10,2027-12-10,0.0,0.07625,0.038125,100.0,3.8125
VSCTO,ON,2024-12-10,2028-06-12,0.0,0.07625,0.038125,100.0,3.8125
VSCTO,ON,2024-12-10,2028-12-11,0.0,0.07625,0.038125,100.0,3.8125
VSCTO,ON,2024-12-10,2029-06-11,0.0,0.07625,0.038125,100.0,3.8125
VSCTO,ON,2024-12-10,2029-12-10,0.0,0.07625,0.038125,100.0,3.8125
VSCTO,ON,2024-12-10,2030-06-10,0.0,0.07625,0.038125,100.0,3.8125
VSCTO,ON,2024-12-10,2030-12-10,0.0,0.07625,0.038125,100.0,3.8125
VSCTO,ON,2024-12-10,2031-06-10,0.0,0.07625,0.038125,100.0,3.8125
VSCTO,ON,2024-12-10,2031-12-10,0.0,0.07625,0.038125,100.0,3.8125
VSCTO,ON,2024-12-10,2032-06-10,0.0,0.07625,0.038125,100.0,3.8125
VSCTO,ON,2024-12-10,2032-12-10,0.0,0.07625,0.038125,100.0,3.8125
VSCTO,ON,2024-12-10,2033-06-10,0.0,0.07625,0.038125,100.0,3.8125
VSCTO,ON,2024-12-10,2033-12-12,33.0,0.07625,0.038125,67.0,36.8125
VSCTO,ON,2024-12-10,2034-06-12,0.0,0.07625,0.025544,67.0,2.554375
VSCTO,ON,2024-12-10,2034-12-11,33.0,0.07625,0.025544,34.0,35.554375
VSCTO,ON,2024-12-10,2035-06-11,0.0,0.07625,0.012963,34.0,1.29625
VSCTO,ON,2024-12-10,2035-12-10,34.0,0.07625,0.012963,0.0,35.29625
VSCUO,ON,2025-03-07,2025-09-08,0,0.075,0.037808,100.0,3.780822
VSCUO,ON,2025-03-07,2026-03-09,0,0.075,0.037192,100.0,3.719178
VSCUO,ON,2025-03-07,2026-09-07,0,0.075,0.037808,100.0,3.780822
VSCUO,ON,2025-03-07,2027-03-08,0,0.075,0.037192,100.0,3.719178
VSCUO,ON,2025-03-07,2027-09-07,0,0.075,0.037808,100.0,3.780822
VSCUO,ON,2025-03-07,2028-03-07,0,0.075,0.037397,100.0,3.739726
VSCUO,ON,2025-03-07,2028-09-07,0,0.075,0.037808,100.0,3.780822
VSCUO,ON,2025-03-07,2029-03-07,0,0.075,0.037192,100.0,3.719178
VSCUO,ON,2025-03-07,2029-09-07,0,0.075,0.037808,100.0,3.780822
VSCUO,ON,2025-03-07,2030-03-07,100,0.075,0.037192,0.0,103.719178
VSCVO,ON,2025-06-10,2025-12-10,0,0.085,4.25,100.0,4.25
VSCVO,ON,2025-06-10,2026-06-10,0,0.085,4.25,100.0,4.25
VSCVO,ON,2025-06-10,2026-12-10,0,0.085,4.25,100.0,4.25
VSCVO,ON,2025-06-10,2027-06-10,0,0.085,4.25,100.0,4.25
VSCVO,ON,2025-06-10,2027-12-10,0,0.085,4.25,100.0,4.25
VSCVO,ON,2025-06-10,2028-06-12,0,0.085,4.25,100.0,4.25
VSCVO,ON,2025-06-10,2028-12-11,0,0.085,4.25,100.0,4.25
VSCVO,ON,2025-06-10,2029-06-11,0,0.085,4.25,100.0,4.25
VSCVO,ON,2025-06-10,2029-12-10,0,0.085,4.25,100.0,4.25
VSCVO,ON,2025-06-10,2030-06-10,0,0.085,4.25,100.0,4.25
VSCVO,ON,2025-06-10,2030-12-10,0,0.085,4.25,100.0,4.25
VSCVO,ON,2025-06-10,2031-06-10,33,0.085,4.25,67.0,37.25
VSCVO,ON,2025-06-10,2031-12-10,0,0.085,2.8475,67.0,2.8475
VSCVO,ON,2025-06-10,2032-06-10,33,0.085,2.8475,34.0,35.8475
VSCVO,ON,2025-06-10,2032-12-10,0,0.085,1.445,34.0,1.445
VSCVO,ON,2025-06-10,2033-06-10,34,0.085,1.445,0.0,35.445
VSCWO,ON,2025-10-15,2026-01-15,0,0.06,1.512329,1.0,1.512329
VSCWO,ON,2025-10-15,2026-04-15,0,0.06,1.479452,1.0,1.479452
VSCWO,ON,2025-10-15,2026-07-15,0,0.06,1.49589,1.0,1.49589
VSCWO,ON,2025-10-15,2026-10-15,0,0.06,1.512329,1.0,1.512329
VSCWO,ON,2025-10-15,2027-01-15,0,0.06,1.512329,1.0,1.512329
VSCWO,ON,2025-10-15,2027-04-15,100,0.06,1.479452,0.0,101.479452
VSCXO,ON,2026-04-08,2026-10-08,0,0.07875,3.9375,100.0,3.9375
VSCXO,ON,2026-04-08,2027-04-08,0,0.07875,3.9375,100.0,3.9375
VSCXO,ON,2026-04-08,2027-10-08,0,0.07875,3.9375,100.0,3.9375
VSCXO,ON,2026-04-08,2028-04-10,0,0.07875,3.9375,100.0,3.9375
VSCXO,ON,2026-04-08,2028-10-09,0,0.07875,3.9375,100.0,3.9375
VSCXO,ON,2026-04-08,2029-04-09,0,0.07875,3.9375,100.0,3.9375
VSCXO,ON,2026-04-08,2029-10-08,0,0.07875,3.9375,100.0,3.9375
VSCXO,ON,2026-04-08,2030-04-08,0,0.07875,3.9375,100.0,3.9375
VSCXO,ON,2026-04-08,2030-10-08,0,0.07875,3.9375,100.0,3.9375
VSCXO,ON,2026-04-08,2031-04-08,0,0.07875,3.9375,100.0,3.9375
VSCXO,ON,2026-04-08,2031-10-08,0,0.07875,3.9375,100.0,3.9375
VSCXO,ON,2026-04-08,2032-04-08,0,0.07875,3.9375,100.0,3.9375
VSCXO,ON,2026-04-08,2032-10-08,0,0.07875,3.9375,100.0,3.9375
VSCXO,ON,2026-04-08,2033-04-08,0,0.07875,3.9375,100.0,3.9375
VSCXO,ON,2026-04-08,2033-10-10,0,0.07875,3.9375,100.0,3.9375
VSCXO,ON,2026-04-08,2034-04-10,0,0.07875,3.9375,100.0,3.9375
VSCXO,ON,2026-04-08,2034-10-09,0,0.07875,3.9375,100.0,3.9375
VSCXO,ON,2026-04-08,2035-04-09,0,0.07875,3.9375,100.0,3.9375
VSCXO,ON,2026-04-08,2035-10-08,0,0.07875,3.9375,100.0,3.9375
VSCXO,ON,2026-04-08,2036-04-08,33,0.07875,3.9375,67.0,36.9375
VSCXO,ON,2026-04-08,2036-10-08,0,0.07875,2.638125,67.0,2.638125
VSCXO,ON,2026-04-08,2037-04-08,33,0.07875,2.638125,34.0,35.638125
VSCXO,ON,2026-04-08,2037-10-08,0,0.07875,1.33875,34.0,1.33875
VSCXO,ON,2026-04-08,2038-04-08,34,0.07875,1.33875,0.0,35.33875
VSCYO,ON,2026-07-16,2027-01-18,0,0.0375,1.890411,100.0,1.890411
VSCYO,ON,2026-07-16,2027-07-16,0,0.0375,1.859589,100.0,1.859589
VSCYO,ON,2026-07-16,2028-01-17,100,0.0375,1.890411,0.0,101.890411
VSCZO,ON,2026-07-16,2027-01-18,0,0.05,2.520548,100.0,2.520548
VSCZO,ON,2026-07-16,2027-07-16,0,0.05,2.479452,100.0,2.479452
VSCZO,ON,2026-07-16,2028-01-17,0,0.05,2.520548,100.0,2.520548
VSCZO,ON,2026-07-16,2028-07-17,0,0.05,2.493151,100.0,2.493151
VSCZO,ON,2026-07-16,2029-01-16,0,0.05,2.520548,100.0,2.520548
VSCZO,ON,2026-07-16,2029-07-16,100,0.05,2.479452,0.0,102.479452
VWCDO,ON_TAMAR,2025-12-11,2026-03-11,0,0.045,0.0,100.0,0.0
VWCDO,ON_TAMAR,2025-12-11,2026-06-11,0,0.045,0.0,100.0,0.0
VWCDO,ON_TAMAR,2025-12-11,2026-09-11,0,0.045,0.0,100.0,0.0
VWCDO,ON_TAMAR,2025-12-11,2026-12-11,100,0.045,0.0,0.0,100.0
VWCEO,ON_FIXED_RATE,2025-12-11,2026-09-11,100,0.0259,25.876677,0.0,125.876677
VWCGO,ON_TAMAR,2026-06-18,2026-09-18,0,0.0389,0.0,100.0,0.0
VWCGO,ON_TAMAR,2026-06-18,2026-12-18,0,0.0389,0.0,100.0,0.0
VWCGO,ON_TAMAR,2026-06-18,2027-03-18,0,0.0389,0.0,100.0,0.0
VWCGO,ON_TAMAR,2026-06-18,2027-06-18,100,0.0389,0.0,0.0,100.0
VWCHO,ON_FIXED_RATE,2026-06-18,2027-03-18,100,0.0198,0.0,0.0,119.298524
WBS1O,ON,2025-09-29,2026-03-30,0,0.075,3.719178,100.0,3.719178
WBS1O,ON,2025-09-29,2026-09-29,100,0.075,3.780822,0.0,103.780822
WBS3O,ON,2026-06-30,2026-09-30,0,0.06,1.512329,100.0,1.512329
WBS3O,ON,2026-06-30,2026-12-30,0,0.06,1.49589,100.0,1.49589
WBS3O,ON,2026-06-30,2027-03-30,0,0.06,1.479452,100.0,1.479452
WBS3O,ON,2026-06-30,2027-07-06,100,0.06,1.610959,0.0,101.610959
WNCOO,ON_TAMAR,2026-05-12,2026-08-12,0,0.05,0.0,100.0,0.0
WNCOO,ON_TAMAR,2026-05-12,2026-11-12,0,0.05,0.0,100.0,0.0
WNCOO,ON_TAMAR,2026-05-12,2027-02-12,0,0.05,0.0,100.0,0.0
WNCOO,ON_TAMAR,2026-05-12,2027-05-12,100,0.05,0.0,0.0,100.0
X15Y6,CER,2026-02-27,2026-05-15,100,0.0,0.0,0.0,100.0
X20F4,CER,2023-09-29,2024-02-20,100,0.0,0.0,0.0,100.0
X20Y4,CER,2024-01-18,2024-05-20,100,0.0,0.0,0.0,100.0
X29Y6,CER,2025-11-28,2026-05-29,100,0.0,0.0,0.0,100.0
X30N6,CER,2025-12-15,2026-11-30,100,0.0,0.0,0.0,100.0
X30S6,CER,2026-03-16,2026-09-30,100,0.0,0.0,0.0,100.0
X31L6,CER,2026-01-30,2026-07-31,100,0.0,0.0,0.0,100.0
XMC1O,ON,2024-11-11,2025-05-12,0.0,0.08,0.039671,100.0,3.967123
XMC1O,ON,2024-11-11,2025-11-11,0.0,0.08,0.040329,100.0,4.032877
XMC1O,ON,2024-11-11,2026-05-11,0.0,0.08,0.039671,100.0,3.967123
XMC1O,ON,2024-11-11,2026-11-11,0.0,0.08,0.040329,100.0,4.032877
XMC1O,ON,2024-11-11,2027-05-11,50.0,0.08,0.039671,50.0,53.967123
XMC1O,ON,2024-11-11,2027-11-11,50.0,0.08,0.020164,0.0,52.016438
YCA6O,ON,2015-04-28,2015-07-28,0.0000,0.085,2.125,100.0,2.125
YCA6O,ON,2015-04-28,2016-01-28,0.0000,0.085,4.25,100.0,4.25
YCA6O,ON,2015-04-28,2016-07-28,0.0000,0.085,4.25,100.0,4.25
YCA6O,ON,2015-04-28,2017-01-30,0.0000,0.085,4.25,100.0,4.25
YCA6O,ON,2015-04-28,2017-07-28,0.0000,0.085,4.25,100.0,4.25
YCA6O,ON,2015-04-28,2018-01-29,0.0000,0.085,4.25,100.0,4.25
YCA6O,ON,2015-04-28,2018-07-30,0.0000,0.085,4.25,100.0,4.25
YCA6O,ON,2015-04-28,2019-01-28,0.0000,0.085,4.25,100.0,4.25
YCA6O,ON,2015-04-28,2019-07-29,0.0000,0.085,4.25,100.0,4.25
YCA6O,ON,2015-04-28,2020-01-28,0.0000,0.085,4.25,100.0,4.25
YCA6O,ON,2015-04-28,2020-07-28,0.0000,0.085,4.25,100.0,4.25
YCA6O,ON,2015-04-28,2021-01-28,0.0000,0.085,4.25,100.0,4.25
YCA6O,ON,2015-04-28,2021-07-28,0.0000,0.085,4.25,100.0,4.25
YCA6O,ON,2015-04-28,2022-01-28,0.0000,0.085,4.25,100.0,4.25
YCA6O,ON,2015-04-28,2022-07-28,0.0000,0.085,4.25,100.0,4.25
YCA6O,ON,2015-04-28,2023-01-30,0.0000,0.085,4.25,100.0,4.25
YCA6O,ON,2015-04-28,2023-07-28,0.0000,0.085,4.25,100.0,4.25
YCA6O,ON,2015-04-28,2024-01-29,0.0000,0.085,4.25,100.0,4.25
YCA6O,ON,2015-04-28,2024-07-29,0.0000,0.085,4.25,100.0,4.25
YCA6O,ON,2015-04-28,2025-01-28,0.0000,0.085,4.25,100.0,4.25
YCA6O,ON,2015-04-28,2025-07-28,100.0000,0.085,4.25,0.0,104.25
YCAMO,ON,2017-07-21,2018-01-22,0.0,0.0695,3.475,100.0,3.475
YCAMO,ON,2017-07-21,2018-07-23,0.0,0.0695,3.475,100.0,3.475
YCAMO,ON,2017-07-21,2019-01-21,0.0,0.0695,3.475,100.0,3.475
YCAMO,ON,2017-07-21,2019-07-22,0.0,0.0695,3.475,100.0,3.475
YCAMO,ON,2017-07-21,2020-01-21,0.0,0.0695,3.475,100.0,3.475
YCAMO,ON,2017-07-21,2020-07-21,0.0,0.0695,3.475,100.0,3.475
YCAMO,ON,2017-07-21,2021-01-21,0.0,0.0695,3.475,100.0,3.475
YCAMO,ON,2017-07-21,2021-07-21,0.0,0.0695,3.475,100.0,3.475
YCAMO,ON,2017-07-21,2022-01-21,0.0,0.0695,3.475,100.0,3.475
YCAMO,ON,2017-07-21,2022-07-21,0.0,0.0695,3.475,100.0,3.475
YCAMO,ON,2017-07-21,2023-01-23,0.0,0.0695,3.475,100.0,3.475
YCAMO,ON,2017-07-21,2023-07-21,0.0,0.0695,3.475,100.0,3.475
YCAMO,ON,2017-07-21,2024-01-22,0.0,0.0695,3.475,100.0,3.475
YCAMO,ON,2017-07-21,2024-07-22,0.0,0.0695,3.475,100.0,3.475
YCAMO,ON,2017-07-21,2025-01-21,0.0,0.0695,3.475,100.0,3.475
YCAMO,ON,2017-07-21,2025-07-21,0.0,0.0695,3.475,100.0,3.475
YCAMO,ON,2017-07-21,2026-01-21,0.0,0.0695,3.475,100.0,3.475
YCAMO,ON,2017-07-21,2026-07-21,0.0,0.0695,3.475,100.0,3.475
YCAMO,ON,2017-07-21,2027-01-21,0.0,0.0695,3.475,100.0,3.475
YCAMO,ON,2017-07-21,2027-07-21,100.0,0.0695,3.475,100.0,103.475
YFCAO,ON_DOLLAR_LINKED,2022-02-03,2022-08-03,0.00,0.05,2.5,100.0,2.5
YFCAO,ON_DOLLAR_LINKED,2022-02-03,2023-02-03,0.00,0.05,2.5,100.0,2.5
YFCAO,ON_DOLLAR_LINKED,2022-02-03,2023-08-03,0.00,0.05,2.5,100.0,2.5
YFCAO,ON_DOLLAR_LINKED,2022-02-03,2024-02-05,0.00,0.05,2.5,100.0,2.5
YFCAO,ON_DOLLAR_LINKED,2022-02-03,2024-08-05,0.00,0.05,2.5,100.0,2.5
YFCAO,ON_DOLLAR_LINKED,2022-02-03,2025-02-03,0.00,0.05,2.5,100.0,2.5
YFCAO,ON_DOLLAR_LINKED,2022-02-03,2025-08-04,0.00,0.05,2.5,100.0,2.5
YFCAO,ON_DOLLAR_LINKED,2022-02-03,2026-02-03,0.00,0.05,2.5,100.0,2.5
YFCAO,ON_DOLLAR_LINKED,2022-02-03,2026-08-03,0.00,0.05,2.5,100.0,2.5
YFCAO,ON_DOLLAR_LINKED,2022-02-03,2027-02-03,0.00,0.05,2.5,100.0,2.5
YFCAO,ON_DOLLAR_LINKED,2022-02-03,2027-08-03,10.00,0.05,2.5,90.0,12.5
YFCAO,ON_DOLLAR_LINKED,2022-02-03,2028-02-03,10.00,0.05,2.25,80.0,12.25
YFCAO,ON_DOLLAR_LINKED,2022-02-03,2028-08-03,10.00,0.05,2.0,70.0,12.0
YFCAO,ON_DOLLAR_LINKED,2022-02-03,2029-02-05,10.00,0.05,1.75,60.0,11.75
YFCAO,ON_DOLLAR_LINKED,2022-02-03,2029-08-03,10.00,0.05,1.5,50.0,11.5
YFCAO,ON_DOLLAR_LINKED,2022-02-03,2030-02-04,10.00,0.05,1.25,40.0,11.25
YFCAO,ON_DOLLAR_LINKED,2022-02-03,2030-08-05,10.00,0.05,1.0,30.0,11.0
YFCAO,ON_DOLLAR_LINKED,2022-02-03,2031-02-03,10.00,0.05,0.75,20.0,10.75
YFCAO,ON_DOLLAR_LINKED,2022-02-03,2031-08-04,10.00,0.05,0.5,10.0,10.5
YFCAO,ON_DOLLAR_LINKED,2022-02-03,2032-02-03,10.00,0.05,0.25,0.0,10.25
YFCDO,ON_DOLLAR_LINKED,2022-08-29,2025-08-29,33.33,0.0,0.0,66.67,33.33
YFCDO,ON_DOLLAR_LINKED,2022-08-29,2026-03-02,33.33,0.0,0.0,33.34,33.33
YFCDO,ON_DOLLAR_LINKED,2022-08-29,2026-08-28,33.34,0.0,0.0,0.0,33.34
YFCFO,ON_DOLLAR_LINKED,2024-02-27,2024-05-27,0.000000,0.03,0.75,100.0,0.75
YFCFO,ON_DOLLAR_LINKED,2024-02-27,2024-08-27,0.000000,0.03,0.75,100.0,0.75
YFCFO,ON_DOLLAR_LINKED,2024-02-27,2024-11-27,0.000000,0.03,0.75,100.0,0.75
YFCFO,ON_DOLLAR_LINKED,2024-02-27,2025-02-27,0.000000,0.03,0.75,100.0,0.75
YFCFO,ON_DOLLAR_LINKED,2024-02-27,2025-05-27,0.000000,0.03,0.75,100.0,0.75
YFCFO,ON_DOLLAR_LINKED,2024-02-27,2025-08-27,0.000000,0.03,0.75,100.0,0.75
YFCFO,ON_DOLLAR_LINKED,2024-02-27,2025-11-27,0.000000,0.03,0.75,100.0,0.75
YFCFO,ON_DOLLAR_LINKED,2024-02-27,2026-02-27,0.000000,0.03,0.75,100.0,0.75
YFCFO,ON_DOLLAR_LINKED,2024-02-27,2026-05-27,0.000000,0.03,0.75,100.0,0.75
YFCFO,ON_DOLLAR_LINKED,2024-02-27,2026-08-27,50.000000,0.03,0.75,50.0,50.75
YFCFO,ON_DOLLAR_LINKED,2024-02-27,2026-11-27,0.000000,0.03,0.375,50.0,0.375
YFCFO,ON_DOLLAR_LINKED,2024-02-27,2027-02-26,50.000000,0.03,0.375,0.0,50.375
YFCGO,ON,2024-02-27,2024-11-27,0.0,0.06,4.5,100.0,4.5
YFCGO,ON,2024-02-27,2025-02-27,0.0,0.06,1.5,100.0,1.5
YFCGO,ON,2024-02-27,2025-05-27,0.0,0.06,1.5,100.0,1.5
YFCGO,ON,2024-02-27,2025-08-27,0.0,0.06,1.5,100.0,1.5
YFCGO,ON,2024-02-27,2025-11-27,0.0,0.06,1.5,100.0,1.5
YFCGO,ON,2024-02-27,2026-02-27,0.0,0.06,1.5,100.0,1.5
YFCGO,ON,2024-02-27,2026-05-27,0.0,0.06,1.5,100.0,1.5
YFCGO,ON,2024-02-27,2026-08-27,0.0,0.06,1.5,100.0,1.5
YFCGO,ON,2024-02-27,2026-11-27,0.0,0.06,1.5,100.0,1.5
YFCGO,ON,2024-02-27,2027-02-26,100.0,0.06,1.5,100.0,101.5
YFCHO,ON_DOLLAR_LINKED,2024-06-03,2024-09-13,0.00,0.02,0.5,100.0,0.5
YFCHO,ON_DOLLAR_LINKED,2024-06-03,2024-12-13,0.00,0.02,0.5,100.0,0.5
YFCHO,ON_DOLLAR_LINKED,2024-06-03,2025-03-13,0.00,0.02,0.5,100.0,0.5
YFCHO,ON_DOLLAR_LINKED,2024-06-03,2025-06-13,0.00,0.02,0.5,100.0,0.5
YFCHO,ON_DOLLAR_LINKED,2024-06-03,2025-09-15,0.00,0.02,0.5,100.0,0.5
YFCHO,ON_DOLLAR_LINKED,2024-06-03,2025-12-12,100.00,0.02,0.5,0.0,100.5
YFCIO,ON,2024-06-13,2025-03-13,0.0,0.059,4.425,100.0,4.425
YFCIO,ON,2024-06-13,2025-06-13,0.0,0.059,1.475,100.0,1.475
YFCIO,ON,2024-06-13,2025-09-15,0.0,0.059,1.475,100.0,1.475
YFCIO,ON,2024-06-13,2025-12-15,0.0,0.059,1.475,100.0,1.475
YFCIO,ON,2024-06-13,2026-03-13,0.0,0.059,1.475,100.0,1.475
YFCIO,ON,2024-06-13,2026-06-15,0.0,0.059,1.475,100.0,1.475
YFCIO,ON,2024-06-13,2026-09-14,0.0,0.059,1.475,100.0,1.475
YFCIO,ON,2024-06-13,2026-12-14,0.0,0.059,1.475,100.0,1.475
YFCIO,ON,2024-06-13,2027-03-15,50.0,0.059,1.475,100.0,51.475
YFCIO,ON,2024-06-13,2027-06-11,50.0,0.059,0.7375,100.0,50.7375
YFCJO,ON,2024-10-16,2025-04-16,0.0,0.07875,0.039375,100.0,3.9375
YFCJO,ON,2024-10-16,2025-10-16,0.0,0.07875,0.039375,100.0,3.9375
YFCJO,ON,2024-10-16,2026-04-16,0.0,0.07875,0.039375,100.0,3.9375
YFCJO,ON,2024-10-16,2026-10-16,0.0,0.07875,0.039375,100.0,3.9375
YFCJO,ON,2024-10-16,2027-04-16,0.0,0.07875,0.039375,100.0,3.9375
YFCJO,ON,2024-10-16,2027-10-18,0.0,0.07875,0.039375,100.0,3.9375
YFCJO,ON,2024-10-16,2028-04-17,0.0,0.07875,0.039375,100.0,3.9375
YFCJO,ON,2024-10-16,2028-10-16,0.0,0.07875,0.039375,100.0,3.9375
YFCJO,ON,2024-10-16,2029-04-16,0.0,0.07875,0.039375,100.0,3.9375
YFCJO,ON,2024-10-16,2029-10-16,0.0,0.07875,0.039375,100.0,3.9375
YFCJO,ON,2024-10-16,2030-04-16,0.0,0.07875,0.039375,100.0,3.9375
YFCJO,ON,2024-10-16,2030-10-16,33.0,0.07875,0.039375,67.0,36.9375
YFCJO,ON,2024-10-16,2031-04-16,0.0,0.07875,0.026381,67.0,2.638125
YFCJO,ON,2024-10-16,2031-10-16,33.0,0.07875,0.026381,34.0,35.638125
YFCJO,ON,2024-10-16,2032-04-16,0.0,0.07875,0.013388,34.0,1.33875
YFCJO,ON,2024-10-16,2032-10-18,34.0,0.07875,0.013388,0.0,35.33875
YFCKO,ON,2024-11-22,2025-08-22,0,0.0525,0.039375,100.0,3.9375
YFCKO,ON,2024-11-22,2025-11-25,0,0.0525,0.013125,100.0,1.3125
YFCKO,ON,2024-11-22,2026-02-23,0,0.0525,0.013125,100.0,1.3125
YFCKO,ON,2024-11-22,2026-05-22,0,0.0525,0.013125,100.0,1.3125
YFCKO,ON,2024-11-22,2026-08-24,0,0.0525,0.013125,100.0,1.3125
YFCKO,ON,2024-11-22,2026-11-19,100,0.0525,0.013125,0.0,101.3125
YFCLO,ON,2024-11-22,2025-08-22,0.0,0.0675,5.0625,100.0,5.0625
YFCLO,ON,2024-11-22,2025-11-25,0.0,0.0675,1.6875,100.0,1.6875
YFCLO,ON,2024-11-22,2026-02-23,0.0,0.0675,1.6875,100.0,1.6875
YFCLO,ON,2024-11-22,2026-05-22,0.0,0.0675,1.6875,100.0,1.6875
YFCLO,ON,2024-11-22,2026-08-24,0.0,0.0675,1.6875,100.0,1.6875
YFCLO,ON,2024-11-22,2026-11-23,0.0,0.0675,1.6875,100.0,1.6875
YFCLO,ON,2024-11-22,2027-02-22,0.0,0.0675,1.6875,100.0,1.6875
YFCLO,ON,2024-11-22,2027-05-24,0.0,0.0675,1.6875,100.0,1.6875
YFCLO,ON,2024-11-22,2027-08-23,0.0,0.0675,1.6875,100.0,1.6875
YFCLO,ON,2024-11-22,2027-11-22,0.0,0.0675,1.6875,100.0,1.6875
YFCLO,ON,2024-11-22,2028-02-22,0.0,0.0675,1.6875,100.0,1.6875
YFCLO,ON,2024-11-22,2028-05-22,0.0,0.0675,1.6875,100.0,1.6875
YFCLO,ON,2024-11-22,2028-08-22,0.0,0.0675,1.6875,100.0,1.6875
YFCLO,ON,2024-11-22,2028-11-22,100.0,0.0675,1.6875,100.0,101.6875
YFCMO,ON,2025-05-20,2026-02-20,0,0.065,4.875,100.0,4.875
YFCMO,ON,2025-05-20,2026-05-20,0,0.065,1.625,100.0,1.625
YFCMO,ON,2025-05-20,2026-08-20,0,0.065,1.625,100.0,1.625
YFCMO,ON,2025-05-20,2026-11-23,0,0.065,1.625,100.0,1.625
YFCMO,ON,2025-05-20,2027-02-22,0,0.065,1.625,100.0,1.625
YFCMO,ON,2025-05-20,2027-05-20,100,0.065,1.625,0.0,101.625
YFCNO,ON,2025-10-03,2026-04-06,0,0.06,3.0,100.0,3.0
YFCNO,ON,2025-10-03,2026-10-02,100,0.06,3.0,0.0,103.0
YFCOO,ON,2025-12-15,2026-09-15,0,0.0675,5.0625,100.0,5.0625
YFCOO,ON,2025-12-15,2026-12-15,0,0.0675,1.6875,100.0,1.6875
YFCOO,ON,2025-12-15,2027-03-15,0,0.0675,1.6875,100.0,1.6875
YFCOO,ON,2025-12-15,2027-06-15,0,0.0675,1.6875,100.0,1.6875
YFCOO,ON,2025-12-15,2027-09-15,0,0.0675,1.6875,100.0,1.6875
YFCOO,ON,2025-12-15,2027-12-15,0,0.0675,1.6875,100.0,1.6875
YFCOO,ON,2025-12-15,2028-03-15,0,0.0675,1.6875,100.0,1.6875
YFCOO,ON,2025-12-15,2028-06-15,0,0.0675,1.6875,100.0,1.6875
YFCOO,ON,2025-12-15,2028-09-15,0,0.0675,1.6875,100.0,1.6875
YFCOO,ON,2025-12-15,2028-12-15,100,0.0675,1.6875,0.0,101.6875
YM1XO,ON,2025-11-05,2026-03-11,0,0.0875,4.375,100.0,4.375
YM1XO,ON,2025-11-05,2026-09-11,0,0.0875,4.375,100.0,4.375
YM1XO,ON,2025-11-05,2027-03-11,0,0.0875,4.375,100.0,4.375
YM1XO,ON,2025-11-05,2027-09-13,0,0.0875,4.375,100.0,4.375
YM1XO,ON,2025-11-05,2028-03-13,0,0.0875,4.375,100.0,4.375
YM1XO,ON,2025-11-05,2028-09-11,0,0.0875,4.375,100.0,4.375
YM1XO,ON,2025-11-05,2029-03-12,0,0.0875,4.375,100.0,4.375
YM1XO,ON,2025-11-05,2029-09-11,20,0.0875,4.375,80.0,24.375
YM1XO,ON,2025-11-05,2030-03-11,0,0.0875,3.5,80.0,3.5
YM1XO,ON,2025-11-05,2030-09-11,20,0.0875,3.5,60.0,23.5
YM1XO,ON,2025-11-05,2031-03-11,0,0.0875,2.625,60.0,2.625
YM1XO,ON,2025-11-05,2031-09-11,60,0.0875,2.625,0.0,62.625
YM34O,ON,2025-01-17,2025-07-17,0.0,0.0825,0.04125,100.0,4.125
YM34O,ON,2025-01-17,2026-01-19,0.0,0.0825,0.04125,100.0,4.125
YM34O,ON,2025-01-17,2026-07-17,0.0,0.0825,0.04125,100.0,4.125
YM34O,ON,2025-01-17,2027-01-18,0.0,0.0825,0.04125,100.0,4.125
YM34O,ON,2025-01-17,2027-07-19,0.0,0.0825,0.04125,100.0,4.125
YM34O,ON,2025-01-17,2028-01-17,0.0,0.0825,0.04125,100.0,4.125
YM34O,ON,2025-01-17,2028-07-17,0.0,0.0825,0.04125,100.0,4.125
YM34O,ON,2025-01-17,2029-01-17,0.0,0.0825,0.04125,100.0,4.125
YM34O,ON,2025-01-17,2029-07-17,0.0,0.0825,0.04125,100.0,4.125
YM34O,ON,2025-01-17,2030-01-17,0.0,0.0825,0.04125,100.0,4.125
YM34O,ON,2025-01-17,2030-07-17,0.0,0.0825,0.04125,100.0,4.125
YM34O,ON,2025-01-17,2031-01-17,0.0,0.0825,0.04125,100.0,4.125
YM34O,ON,2025-01-17,2031-07-17,0.0,0.0825,0.04125,100.0,4.125
YM34O,ON,2025-01-17,2032-01-19,30,0.0825,0.04125,70.0,34.125
YM34O,ON,2025-01-17,2032-07-19,0.0,0.0825,0.0288749999999999,70.0,2.8875
YM34O,ON,2025-01-17,2033-01-17,30,0.0825,0.0288749999999999,40.0,32.8875
YM34O,ON,2025-01-17,2033-07-18,0.0,0.0825,0.0165,40.0,1.65
YM34O,ON,2025-01-17,2034-01-17,40,0.0825,0.0165,0.0,41.65
YM35O,ON,2025-02-27,2025-05-27,0,0.0625,0.01524,100.0,1.523973
YM35O,ON,2025-02-27,2025-08-27,0,0.0625,0.015753,100.0,1.575342
YM35O,ON,2025-02-27,2025-11-27,0,0.0625,0.015753,100.0,1.575342
YM35O,ON,2025-02-27,2026-02-27,0,0.0625,0.015753,100.0,1.575342
YM35O,ON,2025-02-27,2026-05-27,0,0.0625,0.01524,100.0,1.523973
YM35O,ON,2025-02-27,2026-08-27,0,0.0625,0.015753,100.0,1.575342
YM35O,ON,2025-02-27,2026-11-27,0,0.0625,0.015753,100.0,1.575342
YM35O,ON,2025-02-27,2027-02-26,100,0.0625,0.015753,0.0,101.575342
YM37O,ON,2025-05-07,2025-08-07,0.0,0.07,1.7644,100.0,1.7644
YM37O,ON,2025-05-07,2025-11-07,0.0,0.07,1.7644,100.0,1.7644
YM37O,ON,2025-05-07,2026-02-07,0.0,0.07,1.7068,100.0,1.7068
YM37O,ON,2025-05-07,2026-05-07,0.0,0.07,1.7644,100.0,1.7644
YM37O,ON,2025-05-07,2026-08-07,0.0,0.07,1.7644,100.0,1.7644
YM37O,ON,2025-05-07,2026-11-09,0.0,0.07,1.7644,100.0,1.7644
YM37O,ON,2025-05-07,2027-02-08,0.0,0.07,1.7644,100.0,1.7644
YM37O,ON,2025-05-07,2027-05-07,100.0,0.07,1.7068,0.0,101.7068
YM38O,ON,2025-07-22,2025-10-22,0,0.075,1.890411,100.0,1.965411
YM38O,ON,2025-07-22,2026-01-22,0,0.075,1.890411,100.0,1.965411
YM38O,ON,2025-07-22,2026-04-22,0,0.075,1.849315,100.0,1.924315
YM38O,ON,2025-07-22,2026-07-22,0,0.075,1.869863,100.0,1.944863
YM38O,ON,2025-07-22,2026-10-22,0,0.075,1.890411,100.0,1.965411
YM38O,ON,2025-07-22,2027-01-22,0,0.075,1.890411,100.0,1.965411
YM38O,ON,2025-07-22,2027-04-22,0,0.075,1.849315,100.0,1.924315
YM38O,ON,2025-07-22,2027-07-22,100,0.075,1.869863,0.0,101.869863
YM39O,ON,2025-07-22,2026-01-22,0,0.0875,4.410959,100.0,4.410959
YM39O,ON,2025-07-22,2026-07-22,0,0.0875,4.339041,100.0,4.339041
YM39O,ON,2025-07-22,2027-01-22,0,0.0875,4.410959,100.0,4.410959
YM39O,ON,2025-07-22,2027-07-22,0,0.0875,4.339041,100.0,4.339041
YM39O,ON,2025-07-22,2028-01-24,0,0.0875,4.410959,100.0,4.410959
YM39O,ON,2025-07-22,2028-07-24,0,0.0875,4.363014,100.0,4.363014
YM39O,ON,2025-07-22,2029-01-22,0,0.0875,4.410959,100.0,4.410959
YM39O,ON,2025-07-22,2029-07-23,0,0.0875,4.339041,100.0,4.339041
YM39O,ON,2025-07-22,2030-01-22,0,0.0875,4.410959,100.0,4.410959
YM39O,ON,2025-07-22,2030-07-22,100,0.0875,4.339041,0.0,104.339041
YM40O,ON,2025-08-28,2025-11-28,0,0.075,1.8904109589041096,1.0,1.8904109589041096
YM40O,ON,2025-08-28,2026-02-27,0,0.075,1.8904109589041096,1.0,1.8904109589041096
YM40O,ON,2025-08-28,2026-05-28,0,0.075,1.8287671232876712,1.0,1.8287671232876712
YM40O,ON,2025-08-28,2026-08-28,0,0.075,1.8904109589041096,1.0,1.8904109589041096
YM40O,ON,2025-08-28,2026-11-30,0,0.075,1.8904109589041096,1.0,1.8904109589041096
YM40O,ON,2025-08-28,2027-02-26,0,0.075,1.8904109589041096,1.0,1.8904109589041096
YM40O,ON,2025-08-28,2027-05-28,0,0.075,1.8287671232876712,1.0,1.8287671232876712
YM40O,ON,2025-08-28,2027-08-30,0,0.075,1.8904109589041096,1.0,1.8904109589041096
YM40O,ON,2025-08-28,2027-11-29,0,0.075,1.8904109589041096,1.0,1.8904109589041096
YM40O,ON,2025-08-28,2028-02-28,0,0.075,1.8904109589041096,1.0,1.8904109589041096
YM40O,ON,2025-08-28,2028-05-29,0,0.075,1.8493150684931503,1.0,1.8493150684931503
YM40O,ON,2025-08-28,2028-08-28,100,0.075,1.8904109589041096,0.0,101.89041095890413
YM41O,ON,2025-10-08,2026-01-08,0,0.06,1.512329,100.0,1.512329
YM41O,ON,2025-10-08,2026-04-08,0,0.06,1.479452,100.0,1.479452
YM41O,ON,2025-10-08,2026-07-08,0,0.06,1.49589,100.0,1.49589
YM41O,ON,2025-10-08,2026-10-08,0,0.06,1.512329,100.0,1.512329
YM41O,ON,2025-10-08,2027-01-08,100,0.06,1.512329,0.0,101.512329
YM42O,ON,2025-12-02,2026-06-02,0,0.07,3.4904109589041097,100.0,3.4904109589041097
YM42O,ON,2025-12-02,2026-12-02,0,0.07,3.509589041095891,100.0,3.509589041095891
YM42O,ON,2025-12-02,2027-06-02,0,0.07,3.4904109589041097,100.0,3.4904109589041097
YM42O,ON,2025-12-02,2027-12-02,0,0.07,3.509589041095891,100.0,3.509589041095891
YM42O,ON,2025-12-02,2028-06-02,0,0.07,3.509589041095891,100.0,3.509589041095891
YM42O,ON,2025-12-02,2028-12-04,0,0.07,3.509589041095891,100.0,3.509589041095891
YM42O,ON,2025-12-02,2029-03-02,100,0.07,1.7260273972602742,0.0,101.72602739726028
YM43O,ON,2026-04-14,2027-01-14,0,0.055,4.143836,100.0,4.143836
YM43O,ON,2026-04-14,2027-07-14,0,0.055,2.727397,100.0,2.727397
YM43O,ON,2026-04-14,2028-01-14,0,0.055,2.772603,100.0,2.772603
YM43O,ON,2026-04-14,2028-07-14,0,0.055,2.742466,100.0,2.742466
YM43O,ON,2026-04-14,2029-01-15,0,0.055,2.772603,100.0,2.772603
YM43O,ON,2026-04-14,2029-07-16,0,0.055,2.727397,100.0,2.727397
YM43O,ON,2026-04-14,2030-01-14,0,0.055,2.772603,100.0,2.772603
YM43O,ON,2026-04-14,2030-04-12,100,0.055,1.356164,0.0,101.356164
YMC1O,ON,2019-06-27,2019-12-27,0,0.085,4.25,100.0,4.25
YMC1O,ON,2019-06-27,2020-06-29,0,0.085,4.25,100.0,4.25
YMC1O,ON,2019-06-27,2020-12-28,0,0.085,4.25,100.0,4.25
YMC1O,ON,2019-06-27,2021-06-28,0,0.085,4.25,100.0,4.25
YMC1O,ON,2019-06-27,2021-12-27,0,0.085,4.25,100.0,4.25
YMC1O,ON,2019-06-27,2022-06-27,0,0.085,4.25,100.0,4.25
YMC1O,ON,2019-06-27,2022-12-27,0,0.085,4.25,100.0,4.25
YMC1O,ON,2019-06-27,2023-06-27,0,0.085,4.25,100.0,4.25
YMC1O,ON,2019-06-27,2023-12-27,0,0.085,4.25,100.0,4.25
YMC1O,ON,2019-06-27,2024-06-27,0,0.085,4.25,100.0,4.25
YMC1O,ON,2019-06-27,2024-12-27,0,0.085,4.25,100.0,4.25
YMC1O,ON,2019-06-27,2025-06-27,0,0.085,4.25,100.0,4.25
YMC1O,ON,2019-06-27,2025-12-29,0,0.085,4.25,100.0,4.25
YMC1O,ON,2019-06-27,2026-06-29,0,0.085,4.25,100.0,4.25
YMC1O,ON,2019-06-27,2026-12-28,0,0.085,4.25,100.0,4.25
YMC1O,ON,2019-06-27,2027-06-28,0,0.085,4.25,100.0,4.25
YMC1O,ON,2019-06-27,2027-12-27,0,0.085,4.25,100.0,4.25
YMC1O,ON,2019-06-27,2028-06-27,0,0.085,4.25,100.0,4.25
YMC1O,ON,2019-06-27,2028-12-27,0,0.085,4.25,100.0,4.25
YMC1O,ON,2019-06-27,2029-06-27,100,0.085,4.25,0.0,104.25
YMCHO,ON,2021-02-12,2021-05-12,0.0000,0.04,1.0,100.0,1.0
YMCHO,ON,2021-02-12,2021-08-12,0,0.04,1.0,100.0,1.0
YMCHO,ON,2021-02-12,2021-11-12,0,0.04,1.0,100.0,1.0
YMCHO,ON,2021-02-12,2022-02-14,0,0.04,1.0,100.0,1.0
YMCHO,ON,2021-02-12,2022-05-12,0,0.04,1.0,100.0,1.0
YMCHO,ON,2021-02-12,2022-08-12,0,0.04,1.0,100.0,1.0
YMCHO,ON,2021-02-12,2022-11-14,0,0.04,1.0,100.0,1.0
YMCHO,ON,2021-02-12,2023-02-13,7.692304,0.0628,1.57,92.31,9.262304
YMCHO,ON,2021-02-12,2023-05-12,7.692304,0.09,2.076975,84.62,9.769279
YMCHO,ON,2021-02-12,2023-08-14,7.692304,0.09,1.90395,76.92,9.596254
YMCHO,ON,2021-02-12,2023-11-13,7.692304,0.09,1.7307,69.23,9.423004
YMCHO,ON,2021-02-12,2024-02-14,7.692304,0.09,1.557675,61.54,9.249979
YMCHO,ON,2021-02-12,2024-05-13,7.692304,0.09,1.38465,53.85,9.076954
YMCHO,ON,2021-02-12,2024-08-12,7.692304,0.09,1.211625,46.15,8.903929
YMCHO,ON,2021-02-12,2024-11-12,7.692304,0.09,1.038375,38.46,8.730679
YMCHO,ON,2021-02-12,2025-02-12,7.692304,0.09,0.86535,30.77,8.557654
YMCHO,ON,2021-02-12,2025-05-12,7.692304,0.09,0.692325,23.08,8.384629
YMCHO,ON,2021-02-12,2025-08-12,7.692304,0.09,0.5193,15.38,8.211604
YMCHO,ON,2021-02-12,2025-11-12,7.692304,0.09,0.34605,7.69,8.038354
YMCHO,ON,2021-02-12,2026-02-12,7.692304,0.09,0.173025,0.0,7.865329
YMCIO,ON,2021-02-12,2021-06-30,0.0000,0.025,0.9583,100.0,0.9583
YMCIO,ON,2021-02-12,2021-12-30,0.0000,0.025,1.25,100.0,1.25
YMCIO,ON,2021-02-12,2022-06-30,0,0.025,1.25,100.0,1.25
YMCIO,ON,2021-02-12,2022-12-30,0,0.025,1.25,100.0,1.25
YMCIO,ON,2021-02-12,2023-06-30,0,0.09,4.5,100.0,4.5
YMCIO,ON,2021-02-12,2024-01-02,0,0.09,4.5,100.0,4.5
YMCIO,ON,2021-02-12,2024-07-01,0,0.09,4.5,100.0,4.5
YMCIO,ON,2021-02-12,2024-12-30,0,0.09,4.5,100.0,4.5
YMCIO,ON,2021-02-12,2025-06-30,0,0.09,4.5,100.0,4.5
YMCIO,ON,2021-02-12,2025-12-30,0,0.09,4.5,100.0,4.5
YMCIO,ON,2021-02-12,2026-06-30,14.29,0.09,4.5,85.71,18.79
YMCIO,ON,2021-02-12,2026-12-30,14.28,0.09,3.85695,71.43,18.13695
YMCIO,ON,2021-02-12,2027-06-30,14.29,0.09,3.21435,57.14,17.50435
YMCIO,ON,2021-02-12,2027-12-30,14.28,0.09,2.5713,42.86,16.8513
YMCIO,ON,2021-02-12,2028-06-30,14.29,0.09,1.9287,28.57,16.2187
YMCIO,ON,2021-02-12,2029-01-02,14.28,0.09,1.28565,14.29,15.56565
YMCIO,ON,2021-02-12,2029-07-02,14.29,0.09,0.64305,0.0,14.93305
YMCIO9,ON,2021-02-12,2025-12-30,0,0.09,4.5,100.0,4.5
YMCJO,ON,2021-02-12,2021-03-30,0,0.015,0.2,100.0,0.2
YMCJO,ON,2021-02-12,2021-09-30,0,0.015,0.75,100.0,0.75
YMCJO,ON,2021-02-12,2022-03-30,0,0.015,0.75,100.0,0.75
YMCJO,ON,2021-02-12,2022-09-30,0,0.015,0.75,100.0,0.75
YMCJO,ON,2021-02-12,2023-03-30,0,0.0422,2.11,100.0,2.11
YMCJO,ON,2021-02-12,2023-10-02,0,0.07,3.5,100.0,3.5
YMCJO,ON,2021-02-12,2024-04-03,0,0.07,3.5,100.0,3.5
YMCJO,ON,2021-02-12,2024-09-30,0,0.07,3.5,100.0,3.5
YMCJO,ON,2021-02-12,2025-03-31,0,0.07,3.5,100.0,3.5
YMCJO,ON,2021-02-12,2025-09-30,0,0.07,3.5,100.0,3.5
YMCJO,ON,2021-02-12,2026-03-30,0,0.07,3.5,100.0,3.5
YMCJO,ON,2021-02-12,2026-09-30,0,0.07,3.5,100.0,3.5
YMCJO,ON,2021-02-12,2027-03-30,0,0.07,3.5,100.0,3.5
YMCJO,ON,2021-02-12,2027-09-30,0,0.07,3.5,100.0,3.5
YMCJO,ON,2021-02-12,2028-03-30,0,0.07,3.5,100.0,3.5
YMCJO,ON,2021-02-12,2028-10-02,0,0.07,3.5,100.0,3.5
YMCJO,ON,2021-02-12,2029-03-30,0,0.07,3.5,100.0,3.5
YMCJO,ON,2021-02-12,2029-10-01,0,0.07,3.5,100.0,3.5
YMCJO,ON,2021-02-12,2030-04-01,0,0.07,3.5,100.0,3.5
YMCJO,ON,2021-02-12,2030-09-30,25,0.07,3.5,75.0,28.5
YMCJO,ON,2021-02-12,2031-03-31,0,0.07,2.625,75.0,2.625
YMCJO,ON,2021-02-12,2031-09-30,25,0.07,2.625,50.0,27.625
YMCJO,ON,2021-02-12,2032-03-30,0,0.07,1.75,50.0,1.75
YMCJO,ON,2021-02-12,2032-09-30,25,0.07,1.75,25.0,26.75
YMCJO,ON,2021-02-12,2033-03-30,0,0.07,0.875,25.0,0.875
YMCJO,ON,2021-02-12,2033-09-30,25,0.07,0.875,0.0,25.875
YMCMO,ON_DOLLAR_LINKED,2023-01-10,2023-04-10,0.00,0.01,0.25,1.0,0.25
YMCMO,ON_DOLLAR_LINKED,2023-01-10,2023-07-10,0.00,0.01,0.25,1.0,0.25
YMCMO,ON_DOLLAR_LINKED,2023-01-10,2023-10-10,0.00,0.01,0.25,1.0,0.25
YMCMO,ON_DOLLAR_LINKED,2023-01-10,2024-01-10,0.00,0.01,0.25,1.0,0.25
YMCMO,ON_DOLLAR_LINKED,2023-01-10,2024-04-10,0.00,0.01,0.25,1.0,0.25
YMCMO,ON_DOLLAR_LINKED,2023-01-10,2024-07-10,0.00,0.01,0.25,1.0,0.25
YMCMO,ON_DOLLAR_LINKED,2023-01-10,2024-10-10,0.00,0.01,0.25,1.0,0.25
YMCMO,ON_DOLLAR_LINKED,2023-01-10,2025-01-10,0.00,0.01,0.25,1.0,0.25
YMCMO,ON_DOLLAR_LINKED,2023-01-10,2025-04-10,0.00,0.01,0.25,1.0,0.25
YMCMO,ON_DOLLAR_LINKED,2023-01-10,2025-07-10,0.00,0.01,0.25,1.0,0.25
YMCMO,ON_DOLLAR_LINKED,2023-01-10,2025-10-10,0.00,0.01,0.25,1.0,0.25
YMCMO,ON_DOLLAR_LINKED,2023-01-10,2026-01-09,100.00,0.01,0.25,0.0,100.25
YMCPO,ON_DOLLAR_LINKED,2023-04-25,2023-07-25,0,0.01,0.2493150684931507,100.0,0.2493150684931507
YMCPO,ON_DOLLAR_LINKED,2023-04-25,2023-10-25,0,0.01,0.2520547945205479,100.0,0.2520547945205479
YMCPO,ON_DOLLAR_LINKED,2023-04-25,2024-01-25,0,0.01,0.2520547945205479,100.0,0.2520547945205479
YMCPO,ON_DOLLAR_LINKED,2023-04-25,2024-04-25,0,0.01,0.2493150684931507,100.0,0.2493150684931507
YMCPO,ON_DOLLAR_LINKED,2023-04-25,2024-07-25,0,0.01,0.2493150684931507,100.0,0.2493150684931507
YMCPO,ON_DOLLAR_LINKED,2023-04-25,2024-10-25,0,0.01,0.2520547945205479,100.0,0.2520547945205479
YMCPO,ON_DOLLAR_LINKED,2023-04-25,2025-01-27,0,0.01,0.2520547945205479,100.0,0.2520547945205479
YMCPO,ON_DOLLAR_LINKED,2023-04-25,2025-04-25,0,0.01,0.2465753424657534,100.0,0.2465753424657534
YMCPO,ON_DOLLAR_LINKED,2023-04-25,2025-07-25,0,0.01,0.2493150684931507,100.0,0.2493150684931507
YMCPO,ON_DOLLAR_LINKED,2023-04-25,2025-10-27,0,0.01,0.2520547945205479,100.0,0.2520547945205479
YMCPO,ON_DOLLAR_LINKED,2023-04-25,2026-01-26,0,0.01,0.2520547945205479,100.0,0.2520547945205479
YMCPO,ON_DOLLAR_LINKED,2023-04-25,2026-04-27,0,0.01,0.2465753424657534,100.0,0.2465753424657534
YMCPO,ON_DOLLAR_LINKED,2023-04-25,2026-07-27,0,0.01,0.2493150684931507,100.0,0.2493150684931507
YMCPO,ON_DOLLAR_LINKED,2023-04-25,2026-10-26,0,0.01,0.2520547945205479,100.0,0.2520547945205479
YMCPO,ON_DOLLAR_LINKED,2023-04-25,2027-01-25,0,0.01,0.2520547945205479,100.0,0.2520547945205479
YMCPO,ON_DOLLAR_LINKED,2023-04-25,2027-04-23,100,0.01,0.2465753424657534,0.0,100.24657534246576
YMCQO,ON,2023-06-13,2023-12-13,0.0000,0.05,2.51,100.0,2.51
YMCQO,ON,2023-06-13,2024-06-13,0.0000,0.05,2.51,100.0,2.51
YMCQO,ON,2023-06-13,2024-12-13,0.0000,0.05,2.51,100.0,2.51
YMCQO,ON,2023-06-13,2025-06-13,0.0000,0.05,2.49,100.0,2.49
YMCQO,ON,2023-06-13,2025-12-15,0.0000,0.05,2.51,100.0,2.51
YMCQO,ON,2023-06-13,2026-02-13,100.0000,0.05,0.8493,0.0,100.8493
YMCRO,ON_DOLLAR_LINKED,2023-09-12,2028-09-12,100,0.0,0.0,0.0,100.0
YMCTO,ON_DOLLAR_LINKED,2023-10-10,2026-10-09,100.00,0.0,0.0,0.0,100.0
YMCUO,ON,2024-01-17,2024-07-17,0,0.095,4.75,100.0,4.75
YMCUO,ON,2024-01-17,2025-01-17,0,0.095,4.75,100.0,4.75
YMCUO,ON,2024-01-17,2025-07-17,0,0.095,4.75,100.0,4.75
YMCUO,ON,2024-01-17,2026-01-19,0,0.095,4.75,100.0,4.75
YMCUO,ON,2024-01-17,2026-07-17,10,0.095,4.75,90.0,14.75
YMCUO,ON,2024-01-17,2027-01-18,10,0.095,4.275,80.0,14.275
YMCUO,ON,2024-01-17,2027-07-19,10,0.095,3.8,70.0,13.8
YMCUO,ON,2024-01-17,2028-01-17,10,0.095,3.325,60.0,13.325
YMCUO,ON,2024-01-17,2028-07-17,10,0.095,2.85,50.0,12.85
YMCUO,ON,2024-01-17,2029-01-17,10,0.095,2.375,40.0,12.375
YMCUO,ON,2024-01-17,2029-07-17,10,0.095,1.9,30.0,11.9
YMCUO,ON,2024-01-17,2030-01-17,10,0.095,1.425,20.0,11.425
YMCUO,ON,2024-01-17,2030-07-17,10,0.095,0.95,10.0,10.95
YMCUO,ON,2024-01-17,2031-01-17,10,0.095,0.475,0.0,10.475
YMCVO,ON,2024-05-28,2024-11-28,0.00,0.06,3.02,100.0,3.02
YMCVO,ON,2024-05-28,2025-02-28,0.00,0.06,1.51,100.0,1.51
YMCVO,ON,2024-05-28,2025-05-28,0.00,0.06,1.46,100.0,1.46
YMCVO,ON,2024-05-28,2025-08-28,0.00,0.06,1.51,100.0,1.51
YMCVO,ON,2024-05-28,2025-11-28,0.00,0.06,1.51,100.0,1.51
YMCVO,ON,2024-05-28,2026-03-02,0.00,0.06,1.51,100.0,1.51
YMCVO,ON,2024-05-28,2026-05-28,100.00,0.06,1.46,0.0,101.46
YMCWO,ON_DOLLAR_LINKED,2024-07-01,2024-10-01,0.0,0.01,0.252055,100.0,0.252055
YMCWO,ON_DOLLAR_LINKED,2024-07-01,2025-01-02,0.0,0.01,0.252055,100.0,0.252055
YMCWO,ON_DOLLAR_LINKED,2024-07-01,2025-04-01,0.0,0.01,0.246575,100.0,0.246575
YMCWO,ON_DOLLAR_LINKED,2024-07-01,2025-07-01,0.0,0.01,0.249315,100.0,0.249315
YMCWO,ON_DOLLAR_LINKED,2024-07-01,2025-10-01,0.0,0.01,0.252055,100.0,0.252055
YMCWO,ON_DOLLAR_LINKED,2024-07-01,2026-01-02,0.0,0.01,0.252055,100.0,0.252055
YMCWO,ON_DOLLAR_LINKED,2024-07-01,2026-04-01,0.0,0.01,0.246575,100.0,0.246575
YMCWO,ON_DOLLAR_LINKED,2024-07-01,2026-07-01,100.0,0.01,0.249315,0.0,100.249315
YMCXO,ON,2024-09-11,2025-03-11,0.0,0.0875,0.04375,100.0,4.375
YMCXO,ON,2024-09-11,2025-09-11,0.0,0.0875,0.04375,100.0,4.375
YMCXO,ON,2024-09-11,2026-03-11,0.0,0.0875,0.04375,100.0,4.375
YMCXO,ON,2024-09-11,2026-09-11,0.0,0.0875,0.04375,100.0,4.375
YMCXO,ON,2024-09-11,2027-03-11,0.0,0.0875,0.04375,100.0,4.375
YMCXO,ON,2024-09-11,2027-09-13,0.0,0.0875,0.04375,100.0,4.375
YMCXO,ON,2024-09-11,2028-03-13,0.0,0.0875,0.04375,100.0,4.375
YMCXO,ON,2024-09-11,2028-09-11,0.0,0.0875,0.04375,100.0,4.375
YMCXO,ON,2024-09-11,2029-03-12,0.0,0.0875,0.04375,100.0,4.375
YMCXO,ON,2024-09-11,2029-09-11,20,0.0875,0.04375,80.0,24.375
YMCXO,ON,2024-09-11,2030-03-11,0.0,0.0875,0.035,80.0,3.5
YMCXO,ON,2024-09-11,2030-09-11,20,0.0875,0.035,60.0,23.5
YMCXO,ON,2024-09-11,2031-03-11,0.0,0.0875,0.02625,60.0,2.625
YMCXO,ON,2024-09-11,2031-09-11,60,0.0875,0.02625,0.0,62.625
YMCYO,ON,2024-10-10,2025-07-10,0,0.065,0.048616,100.0,4.861644
YMCYO,ON,2024-10-10,2025-10-10,0,0.065,0.016384,100.0,1.638356
YMCYO,ON,2024-10-10,2026-01-12,0,0.065,0.016384,100.0,1.638356
YMCYO,ON,2024-10-10,2026-04-10,0,0.065,0.016027,100.0,1.60274
YMCYO,ON,2024-10-10,2026-07-10,0,0.065,0.016205,100.0,1.620548
YMCYO,ON,2024-10-10,2026-10-13,0,0.065,0.016384,100.0,1.638356
YMCYO,ON,2024-10-10,2027-01-11,0,0.065,0.016384,100.0,1.638356
YMCYO,ON,2024-10-10,2027-04-12,0,0.065,0.016027,100.0,1.60274
YMCYO,ON,2024-10-10,2027-07-12,0,0.065,0.016205,100.0,1.620548
YMCYO,ON,2024-10-10,2027-10-11,0,0.065,0.016384,100.0,1.638356
YMCYO,ON,2024-10-10,2028-01-10,0,0.065,0.016384,100.0,1.638356
YMCYO,ON,2024-10-10,2028-04-10,0,0.065,0.016205,100.0,1.620548
YMCYO,ON,2024-10-10,2028-07-10,0,0.065,0.016205,100.0,1.620548
YMCYO,ON,2024-10-10,2028-10-10,100,0.065,0.016384,0.0,101.638356
YMCZO,ON,2024-10-10,2025-04-10,0.0,0.07,3.4904,100.0,3.4904
YMCZO,ON,2024-10-10,2025-10-10,0.0,0.07,3.5096,100.0,3.5096
YMCZO,ON,2024-10-10,2026-04-10,0.0,0.07,3.4904,100.0,3.4904
YMCZO,ON,2024-10-10,2026-10-13,0.0,0.07,3.5096,100.0,3.5096
YMCZO,ON,2024-10-10,2027-04-12,0.0,0.07,3.4904,100.0,3.4904
YMCZO,ON,2024-10-10,2027-10-11,0.0,0.07,3.5096,100.0,3.5096
YMCZO,ON,2024-10-10,2028-04-10,0.0,0.07,3.5096,100.0,3.5096
YMCZO,ON,2024-10-10,2028-10-10,100.0,0.07,3.5096,100.0,103.5096
YPC4O,ON,1998-11-11,1999-05-03,0.0,0.1,5.0,100.0,5.0
YPC4O,ON,1998-11-11,1999-11-02,0.0,0.1,5.0,100.0,5.0
YPC4O,ON,1998-11-11,2000-05-02,0.0,0.1,5.0,100.0,5.0
YPC4O,ON,1998-11-11,2000-11-02,0.0,0.1,5.0,100.0,5.0
YPC4O,ON,1998-11-11,2001-05-02,0.0,0.1,5.0,100.0,5.0
YPC4O,ON,1998-11-11,2001-11-02,0.0,0.1,5.0,100.0,5.0
YPC4O,ON,1998-11-11,2002-05-02,0.0,0.1,5.0,100.0,5.0
YPC4O,ON,1998-11-11,2002-11-04,0.0,0.1,5.0,100.0,5.0
YPC4O,ON,1998-11-11,2003-05-02,0.0,0.1,5.0,100.0,5.0
YPC4O,ON,1998-11-11,2003-11-03,0.0,0.1,5.0,100.0,5.0
YPC4O,ON,1998-11-11,2004-05-03,0.0,0.1,5.0,100.0,5.0
YPC4O,ON,1998-11-11,2004-11-02,0.0,0.1,5.0,100.0,5.0
YPC4O,ON,1998-11-11,2005-05-02,0.0,0.1,5.0,100.0,5.0
YPC4O,ON,1998-11-11,2005-11-02,0.0,0.1,5.0,100.0,5.0
YPC4O,ON,1998-11-11,2006-05-02,0.0,0.1,5.0,100.0,5.0
YPC4O,ON,1998-11-11,2006-11-02,0.0,0.1,5.0,100.0,5.0
YPC4O,ON,1998-11-11,2007-05-02,0.0,0.1,5.0,100.0,5.0
YPC4O,ON,1998-11-11,2007-11-02,0.0,0.1,5.0,100.0,5.0
YPC4O,ON,1998-11-11,2008-05-02,0.0,0.1,5.0,100.0,5.0
YPC4O,ON,1998-11-11,2008-11-03,0.0,0.1,5.0,100.0,5.0
YPC4O,ON,1998-11-11,2009-05-04,0.0,0.1,5.0,100.0,5.0
YPC4O,ON,1998-11-11,2009-11-02,0.0,0.1,5.0,100.0,5.0
YPC4O,ON,1998-11-11,2010-05-03,0.0,0.1,5.0,100.0,5.0
YPC4O,ON,1998-11-11,2010-11-02,0.0,0.1,5.0,100.0,5.0
YPC4O,ON,1998-11-11,2011-05-02,0.0,0.1,5.0,100.0,5.0
YPC4O,ON,1998-11-11,2011-11-02,0.0,0.1,5.0,100.0,5.0
YPC4O,ON,1998-11-11,2012-05-02,0.0,0.1,5.0,100.0,5.0
YPC4O,ON,1998-11-11,2012-11-02,0.0,0.1,5.0,100.0,5.0
YPC4O,ON,1998-11-11,2013-05-02,0.0,0.1,5.0,100.0,5.0
YPC4O,ON,1998-11-11,2013-11-04,0.0,0.1,5.0,100.0,5.0
YPC4O,ON,1998-11-11,2014-05-05,0.0,0.1,5.0,100.0,5.0
YPC4O,ON,1998-11-11,2014-11-03,0.0,0.1,5.0,100.0,5.0
YPC4O,ON,1998-11-11,2015-05-04,0.0,0.1,5.0,100.0,5.0
YPC4O,ON,1998-11-11,2015-11-02,0.0,0.1,5.0,100.0,5.0
YPC4O,ON,1998-11-11,2016-05-02,0.0,0.1,5.0,100.0,5.0
YPC4O,ON,1998-11-11,2016-11-02,0.0,0.1,5.0,100.0,5.0
YPC4O,ON,1998-11-11,2017-05-02,0.0,0.1,5.0,100.0,5.0
YPC4O,ON,1998-11-11,2017-11-02,0.0,0.1,5.0,100.0,5.0
YPC4O,ON,1998-11-11,2018-05-02,0.0,0.1,5.0,100.0,5.0
YPC4O,ON,1998-11-11,2018-11-02,0.0,0.1,5.0,100.0,5.0
YPC4O,ON,1998-11-11,2019-05-02,0.0,0.1,5.0,100.0,5.0
YPC4O,ON,1998-11-11,2019-11-04,0.0,0.1,5.0,100.0,5.0
YPC4O,ON,1998-11-11,2020-05-04,0.0,0.1,5.0,100.0,5.0
YPC4O,ON,1998-11-11,2020-11-02,0.0,0.1,5.0,100.0,5.0
YPC4O,ON,1998-11-11,2021-05-03,0.0,0.1,5.0,100.0,5.0
YPC4O,ON,1998-11-11,2021-11-02,0.0,0.1,5.0,100.0,5.0
YPC4O,ON,1998-11-11,2022-05-02,0.0,0.1,5.0,100.0,5.0
YPC4O,ON,1998-11-11,2022-11-02,0.0,0.1,5.0,100.0,5.0
YPC4O,ON,1998-11-11,2023-05-02,0.0,0.1,5.0,100.0,5.0
YPC4O,ON,1998-11-11,2023-11-02,0.0,0.1,5.0,100.0,5.0
YPC4O,ON,1998-11-11,2024-05-02,0.0,0.1,5.0,100.0,5.0
YPC4O,ON,1998-11-11,2024-11-04,0.0,0.1,5.0,100.0,5.0
YPC4O,ON,1998-11-11,2025-05-05,0.0,0.1,5.0,100.0,5.0
YPC4O,ON,1998-11-11,2025-11-03,0.0,0.1,5.0,100.0,5.0
YPC4O,ON,1998-11-11,2026-05-04,0.0,0.1,5.0,100.0,5.0
YPC4O,ON,1998-11-11,2026-11-02,0.0,0.1,5.0,100.0,5.0
YPC4O,ON,1998-11-11,2027-05-03,0.0,0.1,5.0,100.0,5.0
YPC4O,ON,1998-11-11,2027-11-02,0.0,0.1,5.0,100.0,5.0
YPC4O,ON,1998-11-11,2028-05-02,0.0,0.1,5.0,100.0,5.0
YPC4O,ON,1998-11-11,2028-11-02,100.0,0.1,5.0,100.0,105.0
YSS2L,ON_TAMAR,2026-04-16,2026-07-16,0,0.0,0.0,100.0,0.0
YSS2L,ON_TAMAR,2026-04-16,2026-10-16,0,0.0,0.0,100.0,0.0
YSS2L,ON_TAMAR,2026-04-16,2027-01-18,0,0.0,0.0,100.0,0.0
YSS2L,ON_TAMAR,2026-04-16,2027-04-16,0,0.0,0.0,100.0,0.0
YSS2L,ON_TAMAR,2026-04-16,2027-07-16,25,0.0,0.0,75.0,25.0
YSS2L,ON_TAMAR,2026-04-16,2027-10-18,25,0.0,0.0,50.0,25.0
YSS2L,ON_TAMAR,2026-04-16,2028-01-17,25,0.0,0.0,25.0,25.0
YSS2L,ON_TAMAR,2026-04-16,2028-04-14,25,0.0,0.0,0.0,25.0
ZPC1O,ON_TAMAR,2025-06-02,2025-09-02,0.0,0.0373,0.0373,100.0,0.0
ZPC1O,ON_TAMAR,2025-06-02,2025-12-02,0.0,0.0373,0.0373,100.0,0.0
ZPC1O,ON_TAMAR,2025-06-02,2026-03-02,0.0,0.0373,0.0373,100.0,0.0
ZPC1O,ON_TAMAR,2025-06-02,2026-06-02,0.0,0.0373,0.0373,100.0,0.0
ZPC1O,ON_TAMAR,2025-06-02,2026-09-02,0.0,0.0373,0.0373,100.0,0.0
ZPC1O,ON_TAMAR,2025-06-02,2026-12-02,100.0,0.0373,0.0373,0.0,100.0
ZPC2O,ON,2025-06-02,2026-03-02,0.0,0.075,5.609589041095891,100.0,5.609589041095891
ZPC2O,ON,2025-06-02,2026-06-02,0.0,0.075,1.8904109589041096,100.0,1.8904109589041096
ZPC2O,ON,2025-06-02,2026-09-02,0.0,0.075,1.8904109589041096,100.0,1.8904109589041096
ZPC2O,ON,2025-06-02,2026-12-02,0.0,0.075,1.86986301369863,100.0,1.86986301369863
ZPC2O,ON,2025-06-02,2027-03-02,0.0,0.075,1.8493150684931503,100.0,1.8493150684931503
ZPC2O,ON,2025-06-02,2027-06-02,100.0,0.075,1.8904109589041096,0.0,101.89041095890413
ZPC3O,ON,2025-09-03,2026-06-03,0,0.085,6.357534,100.0,6.357534
ZPC3O,ON,2025-09-03,2026-09-03,0,0.085,2.142466,100.0,2.142466
ZPC3O,ON,2025-09-03,2026-12-03,0,0.085,2.119178,100.0,2.119178
ZPC3O,ON,2025-09-03,2027-03-03,0,0.085,2.09589,100.0,2.09589
ZPC3O,ON,2025-09-03,2027-06-03,0,0.085,2.142466,100.0,2.142466
ZPC3O,ON,2025-09-03,2027-09-03,100,0.085,2.142466,0.0,102.142466
ZPC5O,ON,2026-06-26,2027-03-29,0,0.065,4.8616,100.0,4.8616
ZPC5O,ON,2026-06-26,2027-06-29,0,0.065,1.638356,100.0,1.638356
ZPC5O,ON,2026-06-26,2027-09-29,0,0.065,1.638356,100.0,1.638356
ZPC5O,ON,2026-06-26,2027-12-29,0,0.065,1.620548,100.0,1.620548
ZPC5O,ON,2026-06-26,2028-03-29,0,0.065,1.620548,100.0,1.620548
ZPC5O,ON,2026-06-26,2028-06-29,0,0.065,1.638356,100.0,1.638356
ZPC5O,ON,2026-06-26,2028-09-29,0,0.065,1.638356,100.0,1.638356
ZPC5O,ON,2026-06-26,2028-12-29,0,0.065,1.620548,100.0,1.620548
ZPC5O,ON,2026-06-26,2029-03-29,0,0.065,1.60274,100.0,1.60274
ZPC5O,ON,2026-06-26,2029-06-26,100,0.065,1.6384,0.0,101.6384
ZZC1O,ON,2025-02-21,2025-08-21,0.0000,0.0795,3.9423,100.0,3.9423
ZZC1O,ON,2025-02-21,2026-02-23,0.0000,0.0795,4.0077,100.0,4.0077
ZZC1O,ON,2025-02-21,2026-08-21,0.0000,0.0795,3.9423,100.0,3.9423
ZZC1O,ON,2025-02-21,2027-02-22,100.0000,0.0795,4.0295,0.0,104.0295
